timestamp_utc,tren,linea,retraso_min,origen,destino,latitud,longitud,accesible,mat
2026-09-13T03:30:35Z,04114,,0,20309,17000,42.92605,-7.4677353,True,730025
2026-09-13T03:45:21Z,15000,,0,71400,79400,41.11299,1.1505345,False,"470119,470187"
2026-09-13T03:45:21Z,04114,,1,20309,17000,42.775578,-7.4286766,True,730025
2026-09-13T03:45:21Z,12644,,-130,31412,22100,43.31794,-8.368608,False,594011
2026-09-13T04:00:47Z,15051,,0,71500,73100,41.111366,1.2533424,False,470071
2026-09-13T04:00:47Z,18120,,3,65400,79400,40.75576,0.6196994,False,"447034,447167"
2026-09-13T04:00:47Z,18121,,0,79400,65400,41.39203,2.1646564,False,470070
2026-09-13T04:00:47Z,15000,,0,71400,79400,41.111366,1.2533424,False,"470119,470187"
2026-09-13T04:00:47Z,04114,,0,20309,17000,42.624374,-7.4853954,True,730025
2026-09-13T04:00:47Z,12644,,-130,31412,22100,43.31794,-8.368608,False,594011
2026-09-13T04:15:38Z,05871,,6,65300,60000,39.866962,-0.13727842,False,100001
2026-09-13T04:15:38Z,02061,,3,51003,60000,37.49099,-5.92745,False,103009
2026-09-13T04:15:38Z,15051,,-1,71500,73100,41.160595,1.0999595,False,470071
2026-09-13T04:15:38Z,18120,,3,65400,79400,40.885986,0.8005046,False,"447034,447167"
2026-09-13T04:15:38Z,18121,,0,79400,65400,41.312344,2.036262,False,470070
2026-09-13T04:15:38Z,15000,,3,71400,79400,41.142723,1.4057415,False,"470119,470187"
2026-09-13T04:15:38Z,04114,,3,20309,17000,42.52571,-7.5044293,True,730025
2026-09-13T04:15:38Z,35869,,3,65400,04104,40.75579,0.61977416,True,120006
2026-09-13T04:15:38Z,12644,,-130,31412,22100,43.31794,-8.368608,False,594011
2026-09-13T04:30:37Z,15031,,-1,79400,71300,41.383022,2.1459763,False,447026
2026-09-13T04:30:37Z,15051,,1,71500,73100,41.160595,1.0999595,False,470071
2026-09-13T04:30:37Z,18054,,0,65314,65400,40.59584,0.44947535,False,"448004,448014"
2026-09-13T04:30:37Z,18120,,2,65400,79400,41.01715,0.92706776,False,"447034,447167"
2026-09-13T04:30:37Z,15630,,2,78400,78500,41.620914,0.6328743,False,447122
2026-09-13T04:30:37Z,18121,,1,79400,65400,41.237713,1.8255361,False,470070
2026-09-13T04:30:37Z,15000,,1,71400,79400,41.204132,1.6760368,False,"470119,470187"
2026-09-13T04:30:37Z,18084,,0,65312,65314,40.471718,0.45551574,False,"448004,448014"
2026-09-13T04:30:37Z,04114,,1,20309,17000,42.42699,-7.689917,True,730025
2026-09-13T04:30:37Z,05668,,1,17000,61200,40.375977,-3.6821713,False,106012
2026-09-13T04:30:37Z,05871,,7,65300,60000,39.719227,-0.23966883,False,100001
2026-09-13T04:30:37Z,02061,,2,51003,60000,37.724636,-5.3349147,False,103009
2026-09-13T04:30:37Z,08475,,0,05000,51003,37.25182,-3.7909772,False,104010
2026-09-13T04:30:37Z,13951,,1,56310,05000,36.936016,-2.4658377,False,599010
2026-09-13T04:30:37Z,35869,,1,65400,04104,40.888145,0.80255413,True,120006
2026-09-13T04:30:37Z,12611,,0,20200,22100,42.540977,-6.7765784,False,470046
2026-09-13T04:30:37Z,12644,,-130,31412,22100,43.31794,-8.368608,False,594011
2026-09-13T04:45:24Z,16021,,-1,11200,11300,42.742737,-2.867332,False,470238
2026-09-13T04:45:24Z,15031,,1,79400,71300,41.32123,2.0620522,False,447026
2026-09-13T04:45:24Z,13041,,1,43019,51003,37.31849,-6.8040357,False,449015
2026-09-13T04:45:24Z,15030,,-3,71300,79400,41.097614,0.77056444,False,449028
2026-09-13T04:45:24Z,15850,,0,79309,71801,42.233135,2.9737146,False,"449026,449030"
2026-09-13T04:45:24Z,18054,,0,65314,65400,40.753696,0.6141503,False,"448004,448014"
2026-09-13T04:45:24Z,18120,,1,65400,79400,41.12036,1.1244066,False,"447034,447167"
2026-09-13T04:45:24Z,15630,,4,78400,78500,41.634743,0.9214989,False,447122
2026-09-13T04:45:24Z,18121,,0,79400,65400,41.192413,1.6064769,False,470070
2026-09-13T04:45:24Z,14123,,2,65000,61200,39.37703,-0.40873247,False,599006
2026-09-13T04:45:24Z,18002,,4,15100,15004,42.48092,-5.5375233,False,470014
2026-09-13T04:45:24Z,15000,,5,71400,79400,41.235985,1.8368583,False,"470119,470187"
2026-09-13T04:45:24Z,04114,,-2,20309,17000,42.37944,-7.817098,True,730025
2026-09-13T04:45:24Z,03311,,3,60000,71801,40.353184,-3.57788,False,103022
2026-09-13T04:45:24Z,05668,,3,17000,61200,40.053688,-3.6729872,False,106012
2026-09-13T04:45:24Z,05871,,10,65300,60000,39.472565,-0.33420596,False,100001
2026-09-13T04:45:24Z,02061,,-1,51003,60000,37.886166,-4.79491,False,103009
2026-09-13T04:45:24Z,08475,,0,05000,51003,37.175163,-4.1350136,False,104010
2026-09-13T04:45:24Z,05064,,2,17000,03216,40.391567,-3.6732736,False,106011
2026-09-13T04:45:24Z,02075,,3,51405,60000,36.45748,-6.224322,True,130034
2026-09-13T04:45:24Z,34609,,1,71801,04307,41.379074,2.139723,False,"130031,130033"
2026-09-13T04:45:24Z,13951,,1,56310,05000,37.022087,-2.5330145,False,599010
2026-09-13T04:45:24Z,35869,,1,65400,04104,41.06685,1.0025061,True,120006
2026-09-13T04:45:24Z,12611,,1,20200,22100,42.420643,-6.8294034,False,470046
2026-09-13T04:45:24Z,12644,,-130,31412,22100,43.351208,-8.411738,False,594011
2026-09-13T05:00:48Z,71800,,0,05193,21010,43.536007,-7.055802,False,527021
2026-09-13T05:00:48Z,13041,,0,43019,51003,37.390804,-6.5538187,False,449015
2026-09-13T05:00:48Z,15040,,9,73100,79400,41.289734,1.2588545,False,470071
2026-09-13T05:00:48Z,18331,,3,37606,60400,38.923763,-6.9038677,False,599004
2026-09-13T05:00:48Z,15000,,5,71400,79400,41.30931,2.0274866,False,"470119,470187"
2026-09-13T05:00:48Z,03311,,6,60000,71801,40.561687,-3.157605,False,103022
2026-09-13T05:00:48Z,05871,,10,65300,60000,39.45437,-0.38135925,False,100001
2026-09-13T05:00:48Z,02061,,2,51003,60000,38.047874,-4.5218625,False,103009
2026-09-13T05:00:48Z,04087,,2,17000,11200,40.501472,-3.6799493,True,120056
2026-09-13T05:00:48Z,04186,,1,13200,17000,43.236862,-2.8897264,True,130009
2026-09-13T05:00:48Z,34609,,4,71801,04307,41.55352,2.2574437,False,"130031,130033"
2026-09-13T05:00:48Z,13003,,1,51405,51003,36.468014,-6.2068243,False,449013
2026-09-13T05:00:48Z,15648,,-1,04040,74217,41.630726,-0.85617363,False,594004
2026-09-13T05:00:48Z,12611,,2,20200,22100,42.418304,-6.9850497,False,470046
2026-09-13T05:00:48Z,15031,,1,79400,71300,41.236973,1.830235,False,447026
2026-09-13T05:00:48Z,16021,,1,11200,11300,42.84168,-2.6760006,False,470238
2026-09-13T05:00:48Z,12480,,8,22308,31400,42.25004,-8.703765,False,599017
2026-09-13T05:00:48Z,15030,,1,71300,79400,41.13087,0.81438935,False,449028
2026-09-13T05:00:48Z,15850,,1,79309,71801,42.048306,2.9583452,False,"449026,449030"
2026-09-13T05:00:48Z,18120,,0,65400,79400,41.113365,1.2572033,False,"447034,447167"
2026-09-13T05:00:48Z,15630,,4,78400,78500,41.64862,1.08968,False,447122
2026-09-13T05:00:48Z,18121,,-1,79400,65400,41.142723,1.4057415,False,470070
2026-09-13T05:00:48Z,14123,,1,65000,61200,39.15736,-0.45046958,False,599006
2026-09-13T05:00:48Z,18002,,7,15100,15004,42.395947,-5.116532,False,470014
2026-09-13T05:00:48Z,04114,,-1,20309,17000,42.34744,-7.862307,True,730025
2026-09-13T05:00:48Z,05668,,1,17000,61200,39.996147,-2.9490387,False,106012
2026-09-13T05:00:48Z,05064,,4,17000,03216,40.09306,-3.6740515,False,106011
2026-09-13T05:00:48Z,08475,,1,05000,51003,37.136806,-4.2436357,False,104010
2026-09-13T05:00:48Z,02077,,0,05000,02003,37.247562,-3.8157213,True,102003
2026-09-13T05:00:48Z,02075,,5,51405,60000,36.543526,-6.1980057,True,130034
2026-09-13T05:00:48Z,13951,,2,56310,05000,37.117332,-2.5982537,False,599010
2026-09-13T05:00:48Z,35869,,0,65400,04104,41.139694,1.1646605,True,120006
2026-09-13T05:00:48Z,12644,,-130,31412,22100,43.3513,-8.411621,False,594011
2026-09-13T05:15:24Z,71800,,0,05193,21010,43.536007,-7.055802,False,527021
2026-09-13T05:15:24Z,13041,,1,43019,51003,37.37013,-6.3369055,False,449015
2026-09-13T05:15:24Z,71820,,0,05571,15211,43.42085,-4.758936,False,527031
2026-09-13T05:15:24Z,15040,,5,73100,79400,41.184227,1.4416057,False,470071
2026-09-13T05:15:24Z,18054,,1,65400,79400,40.75901,0.55585057,False,"448004,448014"
2026-09-13T05:15:24Z,18331,,3,37606,60400,38.91366,-6.5985603,False,599004
2026-09-13T05:15:24Z,15000,,2,71400,79400,41.39203,2.1646564,False,"470119,470187"
2026-09-13T05:15:24Z,03311,,6,60000,71801,40.898537,-2.7002056,False,103022
2026-09-13T05:15:24Z,05871,,10,65300,60000,39.44636,-0.41772056,False,100001
2026-09-13T05:15:24Z,04364,,0,31412,17000,43.35274,-8.409731,False,106057
2026-09-13T05:15:24Z,02061,,3,51003,60000,38.40369,-4.470465,False,103009
2026-09-13T05:15:24Z,13901,,-1,54413,51003,36.716908,-4.5674253,False,599039
2026-09-13T05:15:24Z,01092,,0,60911,71801,38.40547,-0.7739734,True,130028
2026-09-13T05:15:24Z,04087,,1,17000,11200,40.777313,-3.7749863,True,120056
2026-09-13T05:15:24Z,04186,,5,13200,17000,43.17693,-2.9090743,True,130009
2026-09-13T05:15:24Z,34609,,4,71801,04307,41.78954,2.6917372,False,"130031,130033"
2026-09-13T05:15:24Z,13003,,3,51405,51003,36.604404,-6.21665,False,449013
2026-09-13T05:15:24Z,09073,,1,31412,08223,43.141125,-8.464079,False,121026
2026-09-13T05:15:24Z,12613,,0,15100,20200,42.553246,-5.6195936,False,440239
2026-09-13T05:15:24Z,15648,,-1,04040,74217,41.797367,-0.80549324,False,594004
2026-09-13T05:15:24Z,12611,,4,20200,22100,42.3925,-7.1132607,False,470046
2026-09-13T05:15:24Z,15031,,2,79400,71300,41.20552,1.6823716,False,447026
2026-09-13T05:15:24Z,16021,,0,11200,11300,42.84904,-2.5145676,False,470238
2026-09-13T05:15:24Z,12480,,8,22308,31400,42.28696,-8.606889,False,599017
2026-09-13T05:15:24Z,15030,,0,71300,79400,41.14031,0.95628643,False,449028
2026-09-13T05:15:24Z,18120,,0,65400,79400,41.140743,1.3959379,False,"447034,447167"
2026-09-13T05:15:24Z,15850,,2,79309,71801,41.97916,2.81661,False,"449026,449030"
2026-09-13T05:15:24Z,15630,,4,78400,78500,41.67104,1.26568,False,447122
2026-09-13T05:15:24Z,18121,,0,79400,65400,41.111366,1.2533424,False,470070
2026-09-13T05:15:24Z,14123,,-1,65000,61200,38.992565,-0.523968,False,599006
2026-09-13T05:15:24Z,18002,,9,15100,15004,42.369484,-5.0225286,False,470014
2026-09-13T05:15:24Z,04114,,-2,20309,17000,42.2562,-7.8155947,True,730025
2026-09-13T05:15:24Z,05668,,0,17000,61200,40.0607,-2.2218683,False,106012
2026-09-13T05:15:24Z,02074,,0,60000,51405,40.31888,-3.6486402,True,120059
2026-09-13T05:15:24Z,05064,,4,17000,03216,39.965633,-3.197815,False,106011
2026-09-13T05:15:24Z,08475,,-1,05000,51003,37.045937,-4.6215196,False,104010
2026-09-13T05:15:24Z,02077,,0,05000,02003,37.17578,-4.1470575,True,102003
2026-09-13T05:15:24Z,02075,,10,51405,60000,36.642467,-6.1238785,True,130034
2026-09-13T05:15:24Z,13951,,4,56310,05000,37.16861,-2.7891238,False,599010
2026-09-13T05:15:24Z,04072,,2,14223,60911,43.391556,-3.8595774,True,130038
2026-09-13T05:15:24Z,12644,,-130,31412,22100,43.347977,-8.388,False,594011
2026-09-13T05:30:35Z,71800,,0,05193,21010,43.536007,-7.055802,False,527021
2026-09-13T05:30:35Z,13041,,2,43019,51003,37.35816,-6.2064414,False,449015
2026-09-13T05:30:35Z,18054,,0,65400,79400,40.753696,0.6141503,False,"448004,448014"
2026-09-13T05:30:35Z,18331,,8,37606,60400,38.91625,-6.457538,False,599004
2026-09-13T05:30:35Z,03311,,5,60000,71801,41.19533,-2.165497,False,103022
2026-09-13T05:30:35Z,04364,,-1,31412,17000,43.012535,-8.448702,False,106057
2026-09-13T05:30:35Z,02061,,6,51003,60000,38.66167,-4.2117147,False,103009
2026-09-13T05:30:35Z,01092,,2,60911,71801,38.586452,-0.8549843,True,130028
2026-09-13T05:30:35Z,03073,,1,60000,04307,40.40455,-3.6875062,True,103002
2026-09-13T05:30:35Z,04087,,0,17000,11200,40.99455,-4.2804394,True,120056
2026-09-13T05:30:35Z,13203,,-1,50506,50413,37.798042,-5.140466,False,446060
2026-09-13T05:30:35Z,13003,,6,51405,51003,36.732895,-6.082145,False,449013
2026-09-13T05:30:35Z,12480,,8,22308,31400,42.418015,-8.63611,False,599017
2026-09-13T05:30:35Z,15031,,5,79400,71300,41.16739,1.4703958,False,447026
2026-09-13T05:30:35Z,15030,,-1,71300,79400,41.159428,1.0925815,False,449028
2026-09-13T05:30:35Z,04114,,0,20309,17000,42.172684,-7.597192,True,730025
2026-09-13T05:30:35Z,00631,,0,30100,04040,41.07722,-5.413648,True,121023
2026-09-13T05:30:35Z,08475,,-1,05000,51003,37.248505,-4.7700005,False,104010
2026-09-13T05:30:35Z,04072,,4,14223,60911,43.36067,-3.9647703,True,130038
2026-09-13T05:30:35Z,35869,,5,04104,71801,41.368256,1.7233618,True,120006
2026-09-13T05:30:35Z,17812,,0,37311,37606,38.724117,-5.22668,False,599021
2026-09-13T05:30:35Z,12644,,1,31412,22100,43.286476,-8.283309,False,594011
2026-09-13T05:30:35Z,71820,,0,05571,15211,43.42085,-4.758936,False,527031
2026-09-13T05:30:35Z,15041,,2,79400,73100,41.380592,2.143542,False,447181
2026-09-13T05:30:35Z,15040,,10,73100,79400,41.185974,1.524699,False,470071
2026-09-13T05:30:35Z,05871,,9,65300,60000,39.504818,-1.0672793,False,100001
2026-09-13T05:30:35Z,13901,,-5,54413,51003,36.79395,-4.7146964,False,599039
2026-09-13T05:30:35Z,05273,,2,60911,17000,38.34467,-0.49552664,False,112010
2026-09-13T05:30:35Z,04186,,5,13200,17000,43.142227,-2.9605296,True,130009
2026-09-13T05:30:35Z,34609,,3,71801,04307,42.03915,2.8218977,False,"130031,130033"
2026-09-13T05:30:35Z,09073,,-1,31412,08223,42.870964,-8.543507,False,121026
2026-09-13T05:30:35Z,17227,,8,10500,10600,41.582275,-4.756762,False,594016
2026-09-13T05:30:35Z,12613,,-2,15100,20200,42.46463,-5.8389225,False,440239
2026-09-13T05:30:35Z,15648,,1,04040,74217,41.99629,-0.6116301,False,594004
2026-09-13T05:30:35Z,12611,,5,20200,22100,42.39363,-7.194561,False,470046
2026-09-13T05:30:35Z,16021,,1,11200,11300,42.86924,-2.3067968,False,470238
2026-09-13T05:30:35Z,18120,,3,65400,79400,41.18972,1.5778267,False,"447034,447167"
2026-09-13T05:30:35Z,15850,,1,79309,71801,41.83416,2.7920434,False,"449026,449030"
2026-09-13T05:30:35Z,71830,,-1,15211,21010,43.35527,-5.9177074,False,529004
2026-09-13T05:30:35Z,18121,,0,79400,65400,41.122093,1.1274807,False,470070
2026-09-13T05:30:35Z,14123,,1,65000,61200,38.886467,-0.7411177,False,599006
2026-09-13T05:30:35Z,18002,,10,15100,15004,42.24509,-4.9706855,False,470014
2026-09-13T05:30:35Z,18123,,7,79400,65400,41.38422,2.1855106,False,"448006,448016"
2026-09-13T05:30:35Z,00533,,0,11500,71801,43.100437,-2.1045074,True,120012
2026-09-13T05:30:35Z,05668,,1,17000,61200,39.787952,-1.981693,False,106012
2026-09-13T05:30:35Z,02074,,1,60000,51405,39.835003,-3.8625386,True,120059
2026-09-13T05:30:35Z,02073,,0,54413,60000,36.702847,-4.5001397,True,102002
2026-09-13T05:30:35Z,02072,,1,60000,05000,40.339985,-3.6581821,True,"102006,102015"
2026-09-13T05:30:35Z,02071,,3,51003,60000,37.54043,-5.8728156,True,100004
2026-09-13T05:30:35Z,05064,,6,17000,03216,40.04461,-2.5619726,False,106011
2026-09-13T05:30:35Z,02077,,-2,05000,02003,37.12586,-4.4027004,True,102003
2026-09-13T05:30:35Z,02075,,7,51405,60000,36.844223,-6.0787845,True,130034
2026-09-13T05:30:35Z,13951,,4,56310,05000,37.237843,-2.994728,False,599010
2026-09-13T05:30:35Z,15213,,-3,71500,65411,41.103706,1.1669536,False,449018
2026-09-13T05:45:26Z,71800,,0,05193,21010,43.536007,-7.055802,False,527021
2026-09-13T05:45:26Z,13041,,-4,43019,51003,37.42805,-6.0815697,False,449015
2026-09-13T05:45:26Z,18054,,1,65400,79400,40.8861,0.8006144,False,"448004,448014"
2026-09-13T05:45:26Z,18331,,4,37606,60400,38.9215,-6.343041,False,599004
2026-09-13T05:45:26Z,03311,,5,60000,71801,41.346798,-1.63762,False,103022
2026-09-13T05:45:26Z,04364,,-1,31412,17000,42.87054,-8.54452,False,106057
2026-09-13T05:45:26Z,02061,,9,51003,60000,38.824635,-4.06127,False,103009
2026-09-13T05:45:26Z,95292,,1,71707,71708,41.33824,2.111095,False,"463214,465220"
2026-09-13T05:45:26Z,01092,,3,60911,71801,38.760303,-0.9247418,True,130028
2026-09-13T05:45:26Z,03073,,-1,60000,04307,40.41967,-3.4597192,True,103002
2026-09-13T05:45:26Z,04087,,-1,17000,11200,41.367363,-4.7739534,True,120056
2026-09-13T05:45:26Z,13203,,1,50506,50413,37.820236,-4.9894757,False,446060
2026-09-13T05:45:26Z,15621,,1,78500,78400,41.64621,1.0786004,False,447122
2026-09-13T05:45:26Z,13003,,6,51405,51003,36.911915,-6.095116,False,449013
2026-09-13T05:45:26Z,15031,,6,79400,71300,41.124336,1.2868398,False,447026
2026-09-13T05:45:26Z,12480,,9,22308,31400,42.525986,-8.649065,False,599017
2026-09-13T05:45:26Z,15030,,-1,71300,79400,41.113113,1.1503147,False,449028
2026-09-13T05:45:26Z,12680,,-1,31412,21010,43.31794,-8.368608,False,594102
2026-09-13T05:45:26Z,08915,,2,05000,54413,37.234226,-3.73382,False,102008
2026-09-13T05:45:26Z,04114,,0,20309,17000,42.063934,-7.13422,True,730025
2026-09-13T05:45:26Z,00631,,-1,30100,04040,41.16989,-5.1497235,True,121023
2026-09-13T05:45:26Z,08475,,1,05000,51003,37.53039,-4.865485,False,104010
2026-09-13T05:45:26Z,08275,,3,51003,05000,37.402416,-5.961935,False,104012
2026-09-13T05:45:26Z,12641,,0,20300,31412,42.69556,-7.465908,False,594105
2026-09-13T05:45:26Z,04072,,6,14223,60911,43.23104,-4.062608,True,130038
2026-09-13T05:45:26Z,18900,,0,30100,10000,40.971676,-5.648387,False,599019
2026-09-13T05:45:26Z,35869,,4,04104,71801,41.3419,2.1143188,True,120006
2026-09-13T05:45:26Z,17812,,0,37311,37606,38.724117,-5.22668,False,599021
2026-09-13T05:45:26Z,12644,,2,31412,22100,43.218945,-8.1868105,False,594011
2026-09-13T05:45:26Z,71820,,0,05571,15211,43.42085,-4.758936,False,527031
2026-09-13T05:45:26Z,15041,,-3,79400,73100,41.286427,1.9889207,False,447181
2026-09-13T05:45:26Z,15040,,17,73100,79400,41.20357,1.6734754,False,470071
2026-09-13T05:45:26Z,00621,,3,08223,71801,42.363636,-8.629617,True,130010
2026-09-13T05:45:26Z,05871,,13,65300,60000,39.545918,-1.3437896,False,100001
2026-09-13T05:45:26Z,13901,,-2,54413,51003,36.890118,-4.737899,False,599039
2026-09-13T05:45:26Z,05273,,0,60911,17000,38.769024,-0.95790297,False,112010
2026-09-13T05:45:26Z,05075,,-2,03216,17000,39.471775,-0.6610637,False,112015
2026-09-13T05:45:26Z,04186,,7,13200,17000,42.989883,-2.9816241,True,130009
2026-09-13T05:45:26Z,09073,,0,31412,08223,42.786556,-8.652535,False,121026
2026-09-13T05:45:26Z,15648,,0,04040,74217,42.07547,-0.42554978,False,594004
2026-09-13T05:45:26Z,12613,,-1,15100,20200,42.414436,-5.9639616,False,440239
2026-09-13T05:45:26Z,12611,,1,20200,22100,42.488758,-7.350074,False,470046
2026-09-13T05:45:26Z,18049,,9,60600,17000,39.13484,-2.0511212,False,449044
2026-09-13T05:45:26Z,18120,,5,65400,79400,41.23942,1.8065097,False,"447034,447167"
2026-09-13T05:45:26Z,15850,,8,79309,71801,41.772163,2.673275,False,"449026,449030"
2026-09-13T05:45:26Z,71830,,-6,15211,21010,43.348606,-5.967645,False,529004
2026-09-13T05:45:26Z,18121,,0,79400,65400,41.006325,0.9183957,False,470070
2026-09-13T05:45:26Z,14123,,-1,65000,61200,38.784252,-0.89806694,False,599006
2026-09-13T05:45:26Z,18321,,0,31200,10600,42.045406,-6.6268816,False,599042
2026-09-13T05:45:26Z,18123,,5,79400,65400,41.335247,2.1023166,False,"448006,448016"
2026-09-13T05:45:26Z,00533,,2,11500,71801,43.050694,-2.2675667,True,120012
2026-09-13T05:45:26Z,05668,,1,17000,61200,39.232666,-1.9940189,False,106012
2026-09-13T05:45:26Z,02074,,-3,60000,51405,39.31078,-3.885382,True,120059
2026-09-13T05:45:26Z,02073,,3,54413,60000,37.024307,-4.7174354,True,102002
2026-09-13T05:45:26Z,02270,,1,60000,51003,40.226772,-3.7463102,False,103010
2026-09-13T05:45:26Z,02072,,-1,60000,05000,39.868298,-3.8656018,True,"102006,102015"
2026-09-13T05:45:26Z,02071,,2,51003,60000,37.75964,-5.2568455,True,100004
2026-09-13T05:45:26Z,05064,,9,17000,03216,40.033176,-2.1426082,False,106011
2026-09-13T05:45:26Z,02077,,0,05000,02003,37.044346,-4.6359296,True,102003
2026-09-13T05:45:26Z,02075,,8,51405,60000,37.12703,-5.819255,True,130034
2026-09-13T05:45:26Z,13951,,3,56310,05000,37.341564,-3.154847,False,599010
2026-09-13T05:50:10Z,71800,,0,05193,21010,43.536007,-7.055802,False,527021
2026-09-13T05:50:10Z,13041,,1,43019,51003,37.42608,-6.0544176,False,449015
2026-09-13T05:50:10Z,18054,,1,65400,79400,40.8861,0.8006144,False,"448004,448014"
2026-09-13T05:50:10Z,18331,,4,37606,60400,38.838192,-6.260191,False,599004
2026-09-13T05:50:10Z,03311,,4,60000,71801,41.381332,-1.5845878,False,103022
2026-09-13T05:50:10Z,02061,,9,51003,60000,38.946754,-3.9340937,False,103009
2026-09-13T05:50:10Z,01092,,3,60911,71801,38.78998,-0.8945847,True,130028
2026-09-13T05:50:10Z,03073,,0,60000,04307,40.45348,-3.318836,True,103002
2026-09-13T05:50:10Z,04087,,-1,17000,11200,41.527977,-4.765619,True,120056
2026-09-13T05:50:10Z,13203,,1,50506,50413,37.84788,-4.91413,False,446060
2026-09-13T05:50:10Z,15621,,1,78500,78400,41.63273,1.0159482,False,447122
2026-09-13T05:50:10Z,13003,,6,51405,51003,36.97403,-6.0330534,False,449013
2026-09-13T05:50:10Z,15031,,7,79400,71300,41.11177,1.2541713,False,447026
2026-09-13T05:50:10Z,12480,,8,22308,31400,42.602142,-8.76206,False,599017
2026-09-13T05:50:10Z,15030,,-1,71300,79400,41.11093,1.2226802,False,449028
2026-09-13T05:50:10Z,12680,,-1,31412,21010,43.31794,-8.368608,False,594102
2026-09-13T05:50:10Z,08915,,2,05000,54413,37.233055,-3.9435804,False,102008
2026-09-13T05:50:10Z,04114,,0,20309,17000,42.045475,-7.0380507,True,730025
2026-09-13T05:50:10Z,00631,,-1,30100,04040,41.208557,-5.1242533,True,121023
2026-09-13T05:50:10Z,08475,,-3,05000,51003,37.692448,-5.002404,False,104010
2026-09-13T05:50:10Z,08275,,3,51003,05000,37.492905,-5.925336,False,104012
2026-09-13T05:50:10Z,12641,,1,20300,31412,42.733746,-7.4589076,False,594105
2026-09-13T05:50:10Z,04072,,6,14223,60911,43.193222,-4.054007,True,130038
2026-09-13T05:50:10Z,09480,,0,22100,31412,42.360588,-7.9174356,False,121002
2026-09-13T05:50:10Z,18900,,3,30100,10000,40.95532,-5.348289,False,599019
2026-09-13T05:50:10Z,35869,,5,04104,71801,41.34714,2.114924,True,120006
2026-09-13T05:50:10Z,17812,,0,37311,37606,38.735096,-5.541721,False,599021
2026-09-13T05:50:10Z,12644,,5,31412,22100,43.207306,-8.1861515,False,594011
2026-09-13T05:50:10Z,71820,,0,05571,15211,43.42085,-4.758936,False,527031
2026-09-13T05:50:10Z,15041,,-2,79400,73100,41.261738,1.926954,False,447181
2026-09-13T05:50:10Z,15040,,17,73100,79400,41.204132,1.6760368,False,470071
2026-09-13T05:50:10Z,15003,,-1,79400,71400,41.39994,2.187473,False,447040
2026-09-13T05:50:10Z,00621,,3,08223,71801,42.41815,-8.636087,True,130010
2026-09-13T05:50:10Z,05871,,13,65300,60000,39.524647,-1.5605625,False,100001
2026-09-13T05:50:10Z,13901,,-2,54413,51003,36.907272,-4.7590938,False,599039
2026-09-13T05:50:10Z,05075,,-2,03216,17000,39.458504,-0.909771,False,112015
2026-09-13T05:50:10Z,04186,,7,13200,17000,42.986702,-2.9799097,True,130009
2026-09-13T05:50:10Z,09073,,0,31412,08223,42.760387,-8.673311,False,121026
2026-09-13T05:50:10Z,15648,,0,04040,74217,42.131702,-0.4100622,False,594004
2026-09-13T05:50:10Z,12613,,-1,15100,20200,42.45945,-6.0470614,False,440239
2026-09-13T05:50:10Z,15800,,0,71801,79315,41.384895,2.1535509,False,449042
2026-09-13T05:50:10Z,12611,,1,20200,22100,42.522503,-7.3752403,False,470046
2026-09-13T05:50:10Z,18049,,9,60600,17000,39.187336,-2.1467595,False,449044
2026-09-13T05:50:10Z,16026,,-1,11300,11200,42.89488,-2.181059,False,470238
2026-09-13T05:50:10Z,18120,,4,65400,79400,41.254303,1.9025902,False,"447034,447167"
2026-09-13T05:50:10Z,15212,,0,65411,71500,41.104473,1.1749814,False,449018
2026-09-13T05:50:10Z,15850,,9,79309,71801,41.749943,2.6427186,False,"449026,449030"
2026-09-13T05:50:10Z,71830,,1,15211,21010,43.348606,-5.967645,False,529004
2026-09-13T05:50:10Z,18121,,0,79400,65400,40.999844,0.9126038,False,470070
2026-09-13T05:50:10Z,14123,,1,65000,61200,38.725166,-0.9596817,False,599006
2026-09-13T05:50:10Z,18321,,3,31200,10600,41.946903,-6.484948,False,599042
2026-09-13T05:50:10Z,18123,,6,79400,65400,41.31955,2.0571775,False,"448006,448016"
2026-09-13T05:50:10Z,00533,,-2,11500,71801,43.08164,-2.311524,True,120012
2026-09-13T05:50:10Z,05668,,1,17000,61200,39.061512,-1.9137431,False,106012
2026-09-13T05:50:10Z,02074,,-3,60000,51405,39.143425,-3.869375,True,120059
2026-09-13T05:50:10Z,02073,,3,54413,60000,37.04624,-4.714811,True,102002
2026-09-13T05:50:10Z,02270,,1,60000,51003,40.076767,-3.7976491,False,103010
2026-09-13T05:50:10Z,02072,,-1,60000,05000,39.690014,-3.8029654,True,"102006,102015"
2026-09-13T05:50:10Z,02071,,2,51003,60000,37.812923,-5.075116,True,100004
2026-09-13T05:50:10Z,05064,,11,17000,03216,39.96233,-2.0516865,False,106011
2026-09-13T05:50:10Z,02075,,6,51405,60000,37.198112,-5.8040547,True,130034
2026-09-13T05:50:10Z,15776,,0,79309,71801,42.238525,2.972327,False,"449014,449038"
2026-09-13T05:50:10Z,13951,,2,56310,05000,37.36781,-3.1895328,False,599010
2026-09-13T06:00:50Z,71800,,0,05193,21010,43.536007,-7.055802,False,527021
2026-09-13T06:00:50Z,13041,,-2,43019,51003,37.410904,-5.957153,False,449015
2026-09-13T06:00:50Z,18054,,-2,65400,79400,41.073784,1.0222262,False,"448004,448014"
2026-09-13T06:00:50Z,18331,,3,37606,60400,38.901062,-6.1171627,False,599004
2026-09-13T06:00:50Z,03311,,0,60000,71801,41.6962,-1.20284,False,103022
2026-09-13T06:00:50Z,02061,,10,51003,60000,39.092453,-3.8905976,False,103009
2026-09-13T06:00:50Z,01092,,2,60911,71801,38.89042,-0.7398976,True,130028
2026-09-13T06:00:50Z,03073,,-1,60000,04307,40.59806,-3.111953,True,103002
2026-09-13T06:00:50Z,04087,,-1,17000,11200,41.642075,-4.726029,True,120056
2026-09-13T06:00:50Z,13203,,1,50506,50413,37.882225,-4.80391,False,446060
2026-09-13T06:00:50Z,15621,,1,78500,78400,41.633415,0.9115192,False,447122
2026-09-13T06:00:50Z,08085,,5,51003,54413,37.419323,-5.9504457,False,104011
2026-09-13T06:00:50Z,13003,,5,51405,51003,37.08363,-5.8715763,False,449013
2026-09-13T06:00:50Z,18018,,2,60400,65000,39.395874,-3.2055266,False,470118
2026-09-13T06:00:50Z,15031,,8,79400,71300,41.112698,1.1511084,False,447026
2026-09-13T06:00:50Z,12480,,8,22308,31400,42.672268,-8.725431,False,599017
2026-09-13T06:00:50Z,15030,,0,71300,79400,41.125183,1.2890377,False,449028
2026-09-13T06:00:50Z,12680,,0,31412,21010,43.27072,-8.225962,False,594102
2026-09-13T06:00:50Z,08915,,2,05000,54413,37.175182,-4.1352553,False,102008
2026-09-13T06:00:50Z,04114,,0,20309,17000,42.044884,-6.585098,True,730025
2026-09-13T06:00:50Z,00631,,0,30100,04040,41.303314,-4.9513855,True,121023
2026-09-13T06:00:50Z,08475,,-6,05000,51003,37.8562,-4.8866653,False,104010
2026-09-13T06:00:50Z,08278,,1,10600,17000,41.64204,-4.7268705,False,114006
2026-09-13T06:00:50Z,08275,,1,51003,05000,37.669262,-5.5211225,False,104012
2026-09-13T06:00:50Z,12641,,0,20300,31412,42.825718,-7.3880506,False,594105
2026-09-13T06:00:50Z,12961,,1,31304,22100,42.40121,-7.976428,False,594012
2026-09-13T06:00:50Z,15632,,-1,78400,78600,41.631935,0.89646006,False,447154
2026-09-13T06:00:50Z,04072,,7,14223,60911,43.123672,-4.077828,True,130038
2026-09-13T06:00:50Z,09480,,-1,22100,31412,42.54284,-8.104504,False,121002
2026-09-13T06:00:50Z,18900,,3,30100,10000,40.89787,-5.2065334,False,599019
2026-09-13T06:00:50Z,17812,,0,37311,37606,38.735096,-5.541721,False,599021
2026-09-13T06:00:50Z,12644,,5,31412,22100,43.1568,-8.195723,False,594011
2026-09-13T06:00:50Z,71820,,0,05571,15211,43.42085,-4.758936,False,527031
2026-09-13T06:00:50Z,15041,,0,79400,73100,41.221405,1.767671,False,447181
2026-09-13T06:00:50Z,15040,,19,73100,79400,41.23956,1.8596448,False,470071
2026-09-13T06:00:50Z,15003,,-1,79400,71400,41.379208,2.1405647,False,447040
2026-09-13T06:00:50Z,00621,,5,08223,71801,42.490982,-8.648464,True,130010
2026-09-13T06:00:50Z,05871,,13,65300,60000,39.63823,-1.9510659,False,100001
2026-09-13T06:00:50Z,13901,,0,54413,51003,36.969936,-4.7435083,False,599039
2026-09-13T06:00:50Z,05075,,0,03216,17000,39.52378,-1.1387712,False,112015
2026-09-13T06:00:50Z,04186,,7,13200,17000,43.01483,-2.967341,True,130009
2026-09-13T06:00:50Z,14435,,6,65312,65300,40.35297,0.28374624,False,447014
2026-09-13T06:00:50Z,09073,,0,31412,08223,42.602455,-8.762271,False,121026
2026-09-13T06:00:50Z,12613,,0,15100,20200,42.45945,-6.0470614,False,440239
2026-09-13T06:00:50Z,15648,,0,04040,74217,42.0994,-0.419145,False,594004
2026-09-13T06:00:50Z,12611,,3,20200,22100,42.528843,-7.4653296,False,470046
2026-09-13T06:00:50Z,15800,,3,71801,79315,41.417694,2.1930547,False,449042
2026-09-13T06:00:50Z,71831,,0,15211,14223,43.36646,-5.8551083,False,433005
2026-09-13T06:00:50Z,18049,,10,60600,17000,39.19927,-2.1629605,False,449044
2026-09-13T06:00:50Z,18120,,3,65400,79400,41.320618,2.0602663,False,"447034,447167"
2026-09-13T06:00:50Z,15212,,0,65411,71500,41.111496,1.2537149,False,449018
2026-09-13T06:00:50Z,15850,,7,79309,71801,41.64186,2.4116526,False,"449026,449030"
2026-09-13T06:00:50Z,16026,,-1,11300,11200,42.86924,-2.3067968,False,470238
2026-09-13T06:00:50Z,71830,,-1,15211,21010,43.38929,-6.005661,False,529004
2026-09-13T06:00:50Z,18121,,0,79400,65400,40.8861,0.8006144,False,470070
2026-09-13T06:00:50Z,14123,,-1,65000,61200,38.61888,-0.8626717,False,599006
2026-09-13T06:00:50Z,18321,,3,31200,10600,41.873528,-6.2913017,False,599042
2026-09-13T06:00:50Z,18123,,4,79400,65400,41.246758,1.8815212,False,"448006,448016"
2026-09-13T06:00:50Z,00533,,2,11500,71801,43.047512,-2.3347118,True,120012
2026-09-13T06:00:50Z,05668,,3,17000,61200,38.981182,-1.8281754,False,106012
2026-09-13T06:00:50Z,02074,,-4,60000,51405,38.98561,-3.9133322,True,120059
2026-09-13T06:00:50Z,02073,,9,54413,60000,37.06698,-4.7188354,True,"102002,102003"
2026-09-13T06:00:50Z,02270,,-1,60000,51003,39.63097,-3.800057,False,103010
2026-09-13T06:00:50Z,02072,,-2,60000,05000,39.26232,-3.8840578,True,"102006,102015"
2026-09-13T06:00:50Z,02071,,-1,51003,60000,37.887974,-4.791257,True,100004
2026-09-13T06:00:50Z,05064,,12,17000,03216,39.624615,-1.9555868,False,106011
2026-09-13T06:00:50Z,02075,,6,51405,60000,37.301773,-5.9624667,True,130034
2026-09-13T06:00:50Z,15776,,0,79309,71801,42.117702,2.9619386,False,"449014,449038"
2026-09-13T06:00:50Z,13951,,1,56310,05000,37.41214,-3.2829971,False,599010
2026-09-13T06:15:26Z,71800,,2,05193,21010,43.657055,-7.6001716,False,527021
2026-09-13T06:15:26Z,18054,,0,65400,79400,41.11299,1.1505345,False,"448004,448014"
2026-09-13T06:15:26Z,18331,,3,37606,60400,38.966434,-5.8654084,False,599004
2026-09-13T06:15:26Z,03311,,-1,60000,71801,41.649952,-0.89445573,False,103022
2026-09-13T06:15:26Z,02061,,5,51003,60000,39.688107,-3.8026128,False,103009
2026-09-13T06:15:26Z,01092,,0,60911,71801,39.049374,-0.47695374,True,130028
2026-09-13T06:15:26Z,03073,,-1,60000,04307,40.91529,-2.6641216,True,103002
2026-09-13T06:15:26Z,03272,,0,74200,60000,42.010242,-0.47505876,False,112014
2026-09-13T06:15:26Z,04087,,0,17000,11200,41.868885,-4.512709,True,120056
2026-09-13T06:15:26Z,08287,,3,71801,04307,41.423462,2.1951253,False,100010
2026-09-13T06:15:26Z,13203,,-2,50506,50413,37.928318,-4.6847177,False,446060
2026-09-13T06:15:26Z,15621,,2,78500,78400,41.626034,0.70552087,False,447122
2026-09-13T06:15:26Z,08085,,4,51003,54413,37.678883,-5.49093,False,104011
2026-09-13T06:15:26Z,13003,,2,51405,51003,37.279964,-5.912756,False,449013
2026-09-13T06:15:26Z,18018,,-3,60400,65000,39.27853,-2.7754042,False,470118
2026-09-13T06:15:26Z,08081,,2,37700,60000,38.854527,-4.0149593,False,100019
2026-09-13T06:15:26Z,15032,,-3,71204,71209,41.234406,0.1427755,False,470123
2026-09-13T06:15:26Z,14020,,1,65000,65400,39.43948,-0.35174787,False,470115
2026-09-13T06:15:26Z,15031,,6,79400,71300,41.173546,1.0514812,False,447026
2026-09-13T06:15:26Z,12480,,10,22308,31400,42.703682,-8.708937,False,599017
2026-09-13T06:15:26Z,15030,,0,71300,79400,41.167233,1.4698082,False,449028
2026-09-13T06:15:26Z,16001,,0,11200,11505,42.69387,-2.9328306,False,449057
2026-09-13T06:15:26Z,12680,,0,31412,21010,43.284237,-8.215845,False,594102
2026-09-13T06:15:26Z,08915,,2,05000,54413,37.13465,-4.235179,False,102008
2026-09-13T06:15:26Z,04114,,-1,20309,17000,41.952698,-6.143852,True,730025
2026-09-13T06:15:26Z,00631,,-1,30100,04040,41.438534,-4.7936635,True,121023
2026-09-13T06:15:26Z,08475,,-5,05000,51003,37.887478,-4.7916436,False,104010
2026-09-13T06:15:26Z,08275,,-4,51003,05000,37.844486,-4.9262834,False,104012
2026-09-13T06:15:26Z,12641,,-4,20300,31412,42.99778,-7.5221124,False,594105
2026-09-13T06:15:26Z,15632,,1,78400,78600,41.641743,1.0580832,False,447154
2026-09-13T06:15:26Z,04072,,7,14223,60911,43.031094,-4.09055,True,130038
2026-09-13T06:15:26Z,09480,,-1,22100,31412,42.844402,-8.487404,False,121002
2026-09-13T06:15:26Z,09083,,0,31412,08223,43.16655,-8.453742,False,121008
2026-09-13T06:15:26Z,18900,,3,30100,10000,40.89787,-5.2065334,False,599019
2026-09-13T06:15:26Z,09082,,0,08223,31412,42.422424,-8.635373,False,121011
2026-09-13T06:15:26Z,17812,,5,37311,37606,38.968666,-5.7965097,False,599021
2026-09-13T06:15:26Z,12644,,8,31412,22100,43.137646,-8.046637,False,594011
2026-09-13T06:15:26Z,71820,,0,05571,15211,43.42085,-4.758936,False,527031
2026-09-13T06:15:26Z,15041,,1,79400,73100,41.18802,1.5403957,False,447181
2026-09-13T06:15:26Z,15040,,23,73100,79400,41.30585,2.0174813,False,470071
2026-09-13T06:15:26Z,15003,,-1,79400,71400,41.30641,2.0191069,False,447040
2026-09-13T06:15:26Z,00621,,7,08223,71801,42.6277,-8.7522,True,130010
2026-09-13T06:15:26Z,05871,,12,65300,60000,40.03262,-2.1418207,False,100001
2026-09-13T06:15:26Z,13901,,3,54413,51003,37.037643,-4.727921,False,599039
2026-09-13T06:15:26Z,05075,,-1,03216,17000,39.524788,-1.819947,False,112015
2026-09-13T06:15:26Z,05273,,0,60911,17000,39.00001,-1.8478293,False,112010
2026-09-13T06:15:26Z,04186,,4,13200,17000,42.924393,-2.906542,True,130009
2026-09-13T06:15:26Z,14435,,5,65312,65300,40.21313,0.20027667,False,447014
2026-09-13T06:15:26Z,14432,,2,65300,65312,40.058834,0.05883264,False,"447007,447018"
2026-09-13T06:15:26Z,09073,,1,31412,08223,42.428947,-8.633535,False,121026
2026-09-13T06:15:26Z,12613,,1,15100,20200,42.59879,-6.108556,False,440239
2026-09-13T06:15:26Z,15800,,7,71801,79315,41.528355,2.2137976,False,449042
2026-09-13T06:15:26Z,12611,,1,20200,22100,42.529556,-7.5032597,False,470046
2026-09-13T06:15:26Z,71831,,-2,15211,14223,43.381767,-5.72973,False,433005
2026-09-13T06:15:26Z,18049,,9,60600,17000,39.260685,-2.598502,False,449044
2026-09-13T06:15:26Z,15850,,1,79309,71801,41.5029,2.1940038,False,"449026,449030"
2026-09-13T06:15:26Z,16026,,-1,11300,11200,42.84904,-2.5145676,False,470238
2026-09-13T06:15:26Z,18120,,0,65400,79400,41.379074,2.139723,False,"447034,447167"
2026-09-13T06:15:26Z,71830,,0,15211,21010,43.394592,-6.06357,False,529004
2026-09-13T06:15:26Z,18121,,0,79400,65400,40.8861,0.8006144,False,470070
2026-09-13T06:15:26Z,14123,,1,65000,61200,38.481953,-0.8042966,False,599006
2026-09-13T06:15:26Z,18123,,4,79400,65400,41.204132,1.6760368,False,"448006,448016"
2026-09-13T06:15:26Z,18321,,2,31200,10600,41.848454,-6.2050266,False,599042
2026-09-13T06:15:26Z,00533,,1,11500,71801,42.942444,-2.2835999,True,120012
2026-09-13T06:15:26Z,05668,,1,17000,61200,38.874287,-1.2389868,False,106012
2026-09-13T06:15:26Z,02074,,3,60000,51405,38.80138,-4.0715427,True,120059
2026-09-13T06:15:26Z,02073,,9,54413,60000,37.46907,-4.872857,True,"102002,102003"
2026-09-13T06:15:26Z,02270,,-3,60000,51003,39.113937,-3.8816628,False,103010
2026-09-13T06:15:26Z,02072,,-2,60000,05000,38.917805,-3.9584804,True,"102006,102015"
2026-09-13T06:15:26Z,02071,,2,51003,60000,38.032803,-4.5550575,True,100004
2026-09-13T06:15:26Z,05064,,14,17000,03216,39.547287,-1.462416,False,106011
2026-09-13T06:15:26Z,02075,,13,51405,60000,37.393623,-5.973652,True,130034
2026-09-13T06:15:26Z,15776,,1,79309,71801,42.013786,2.8281944,False,"449014,449038"
2026-09-13T06:15:26Z,13951,,0,56310,05000,37.396427,-3.495612,False,599010
2026-09-13T06:15:26Z,03082,,1,71801,60000,41.463455,1.9778812,True,100017
2026-09-13T06:30:36Z,71800,,2,05193,21010,43.657055,-7.6001716,False,527021
2026-09-13T06:30:36Z,18054,,1,65400,79400,41.111366,1.2533424,False,"448004,448014"
2026-09-13T06:30:36Z,18331,,2,37606,60400,38.936546,-5.743778,False,599004
2026-09-13T06:30:36Z,03311,,-2,60000,71801,41.536335,-0.44620463,False,103022
2026-09-13T06:30:36Z,15061,,-2,79400,65411,41.39203,2.1646564,False,"470119,470187"
2026-09-13T06:30:36Z,09737,,4,71801,87303,41.45761,2.1902738,False,100021
2026-09-13T06:30:36Z,04364,,7,31412,17000,42.350533,-7.872692,False,106057
2026-09-13T06:30:36Z,02061,,2,51003,60000,40.166077,-3.7550085,False,103009
2026-09-13T06:30:36Z,01092,,-5,60911,71801,39.296577,-0.42968938,True,130028
2026-09-13T06:30:36Z,03073,,-2,60000,04307,41.211468,-2.1329541,True,103002
2026-09-13T06:30:36Z,03272,,3,74200,60000,41.926846,-0.7450853,False,112014
2026-09-13T06:30:36Z,04087,,-1,17000,11200,42.156273,-4.090774,True,120056
2026-09-13T06:30:36Z,08287,,2,71801,04307,41.657978,2.4312336,False,100010
2026-09-13T06:30:36Z,08087,,2,78400,71801,41.403965,1.1218722,False,120002
2026-09-13T06:30:36Z,13003,,4,51405,51003,37.360416,-5.974811,False,449013
2026-09-13T06:30:36Z,08085,,0,51003,54413,37.84733,-4.91644,False,104011
2026-09-13T06:30:36Z,18018,,1,60400,65000,39.260685,-2.598502,False,470118
2026-09-13T06:30:36Z,08082,,0,60000,92102,40.20139,-3.7495704,False,114003
2026-09-13T06:30:36Z,08081,,3,37700,60000,39.07633,-3.8984826,False,100019
2026-09-13T06:30:36Z,71811,,1,21010,15211,43.488102,-8.230719,False,527015
2026-09-13T06:30:36Z,15032,,0,71204,71209,41.21371,0.24228084,False,470123
2026-09-13T06:30:36Z,14020,,-3,65000,65400,39.675682,-0.27140725,False,470115
2026-09-13T06:30:36Z,15031,,1,79400,71300,41.143154,0.91958725,False,447026
2026-09-13T06:30:36Z,12480,,21,22308,31400,42.79729,-8.636085,False,599017
2026-09-13T06:30:36Z,15030,,0,71300,79400,41.20811,1.6955715,False,449028
2026-09-13T06:30:36Z,16001,,-1,11200,11505,42.814785,-2.811645,False,449057
2026-09-13T06:30:36Z,12680,,4,31412,21010,43.411873,-8.18034,False,594102
2026-09-13T06:30:36Z,08915,,-1,05000,54413,37.033165,-4.582125,False,102008
2026-09-13T06:30:36Z,04114,,-2,20309,17000,41.528267,-5.784116,True,730025
2026-09-13T06:30:36Z,00631,,-5,30100,04040,41.642082,-4.7260127,True,121023
2026-09-13T06:30:36Z,04475,,2,17000,08223,40.47428,-3.6817195,False,106060
2026-09-13T06:30:36Z,08475,,-1,05000,51003,37.79275,-5.1683173,False,104010
2026-09-13T06:30:36Z,08275,,-3,51003,05000,37.888733,-4.789893,False,104012
2026-09-13T06:30:36Z,12641,,0,20300,31412,43.06171,-7.5683365,False,594105
2026-09-13T06:30:36Z,09087,,0,61200,60911,38.07464,-0.9489278,False,104013
2026-09-13T06:30:36Z,15632,,0,78400,78600,41.669487,1.2414496,False,447154
2026-09-13T06:30:36Z,04072,,6,14223,60911,42.92054,-4.121557,True,130038
2026-09-13T06:30:36Z,09480,,0,22100,31412,42.87877,-8.523486,False,121002
2026-09-13T06:30:36Z,09083,,-2,31412,08223,42.871002,-8.543413,False,121008
2026-09-13T06:30:36Z,18900,,4,30100,10000,40.785683,-4.8367314,False,599019
2026-09-13T06:30:36Z,09082,,0,08223,31412,42.59681,-8.751235,False,121011
2026-09-13T06:30:36Z,17812,,6,37311,37606,38.967102,-5.862926,False,599021
2026-09-13T06:30:36Z,12644,,12,31412,22100,43.163963,-7.8658304,False,594011
2026-09-13T06:30:36Z,71820,,0,05571,15211,43.42085,-4.758936,False,527031
2026-09-13T06:30:36Z,15041,,6,79400,73100,41.185608,1.4482764,False,447181
2026-09-13T06:30:36Z,15040,,26,73100,79400,41.363136,2.1162655,False,470071
2026-09-13T06:30:36Z,15003,,4,79400,71400,41.25135,1.896886,False,447040
2026-09-13T06:30:36Z,13020,,3,50500,51003,37.80739,-5.018688,False,449005
2026-09-13T06:30:36Z,00621,,7,08223,71801,42.862286,-8.549401,True,130010
2026-09-13T06:30:36Z,05871,,13,65300,60000,40.021736,-2.832406,False,100001
2026-09-13T06:30:36Z,13901,,5,54413,51003,37.071457,-4.720126,False,599039
2026-09-13T06:30:36Z,13902,,2,51003,54413,37.361156,-5.9751205,False,598021
2026-09-13T06:30:36Z,05075,,-1,03216,17000,40.019104,-2.1211486,False,112015
2026-09-13T06:30:36Z,05273,,0,60911,17000,39.536316,-1.9704325,False,112010
2026-09-13T06:30:36Z,02087,,1,56310,60000,36.892864,-2.4378128,True,730018
2026-09-13T06:30:36Z,04186,,4,13200,17000,42.80498,-2.9070666,True,130009
2026-09-13T06:30:36Z,14435,,6,65312,65300,40.063004,0.07468594,False,447014
2026-09-13T06:30:36Z,14432,,3,65300,65312,40.20144,0.18823926,False,"447007,447018"
2026-09-13T06:30:36Z,09073,,0,31412,08223,42.325,-8.608096,False,121026
2026-09-13T06:30:36Z,12613,,1,15100,20200,42.606647,-6.294959,False,440239
2026-09-13T06:30:36Z,15800,,4,71801,79315,41.663414,2.436506,False,449042
2026-09-13T06:30:36Z,12611,,1,20200,22100,42.42749,-7.662841,False,470046
2026-09-13T06:30:36Z,71831,,0,15211,14223,43.38804,-5.6649175,False,433005
2026-09-13T06:30:36Z,18049,,8,60600,17000,39.36009,-3.0410452,False,449044
2026-09-13T06:30:36Z,15850,,1,79309,71801,41.3991,2.1741066,False,"449026,449030"
2026-09-13T06:30:36Z,16026,,1,11300,11200,42.816025,-2.8048563,False,470238
2026-09-13T06:30:36Z,71830,,0,15211,21010,43.448746,-6.0771136,False,529004
2026-09-13T06:30:36Z,18121,,-1,79400,65400,40.75901,0.55585057,False,470070
2026-09-13T06:30:36Z,14123,,-2,65000,61200,38.40783,-0.66914,False,599006
2026-09-13T06:30:36Z,18123,,1,79400,65400,41.142723,1.4057415,False,"448006,448016"
2026-09-13T06:30:36Z,18321,,-1,31200,10600,41.681793,-5.97179,False,599042
2026-09-13T06:30:36Z,00533,,4,11500,71801,42.89862,-2.094419,True,120012
2026-09-13T06:30:36Z,05668,,1,17000,61200,38.585464,-0.87418616,False,106012
2026-09-13T06:30:36Z,04898,,3,30100,17000,40.978268,-5.6332664,True,121021
2026-09-13T06:30:36Z,00697,,2,71801,50202,41.15796,1.2031093,True,130030
2026-09-13T06:30:36Z,02074,,5,60000,51405,38.66937,-4.26646,True,120059
2026-09-13T06:30:36Z,02073,,4,54413,60000,37.875916,-4.820351,True,"102002,102003"
2026-09-13T06:30:36Z,02270,,-2,60000,51003,38.823353,-4.0623164,False,103010
2026-09-13T06:30:36Z,02072,,3,60000,05000,38.669704,-4.167632,True,"102006,102015"
2026-09-13T06:30:36Z,02071,,4,51003,60000,38.37824,-4.4794526,True,100004
2026-09-13T06:30:36Z,05064,,15,17000,03216,39.46373,-0.9518028,False,106011
2026-09-13T06:30:36Z,03083,,2,60000,71801,40.40382,-3.6878319,True,"103006,103021"
2026-09-13T06:30:36Z,02075,,13,51405,60000,37.450577,-5.96131,True,130034
2026-09-13T06:30:36Z,12101,,3,15004,15410,42.15063,-4.6976976,False,470014
2026-09-13T06:30:36Z,15776,,2,79309,71801,41.85016,2.8064458,False,"449014,449038"
2026-09-13T06:30:36Z,13951,,-1,56310,05000,37.329983,-3.613124,False,599010
2026-09-13T06:30:36Z,03082,,3,71801,60000,41.193016,1.4505516,True,100017
2026-09-13T06:30:36Z,18921,,-1,10000,30110,40.44437,-3.7591617,False,599013
2026-09-13T06:45:25Z,71800,,2,05193,21010,43.657055,-7.6001716,False,527021
2026-09-13T06:45:25Z,13084,,0,42008,43019,37.865353,-6.8400173,False,598011
2026-09-13T06:45:25Z,18775,,25,35400,51003,39.461143,-6.385844,False,"599035,599047"
2026-09-13T06:45:25Z,17203,,1,10400,10600,40.789555,-4.6122627,False,440235
2026-09-13T06:45:25Z,18054,,3,65400,79400,41.142723,1.4057415,False,"448004,448014"
2026-09-13T06:45:25Z,18331,,2,37606,60400,38.812576,-5.6208687,False,599004
2026-09-13T06:45:25Z,03311,,1,60000,71801,41.616184,0.25425088,False,103022
2026-09-13T06:45:25Z,15061,,1,79400,65411,41.319107,2.0558863,False,"470119,470187"
2026-09-13T06:45:25Z,09737,,4,71801,87303,41.728592,2.5761392,False,100021
2026-09-13T06:45:25Z,04364,,4,31412,17000,42.255856,-7.8099995,False,106057
2026-09-13T06:45:25Z,02061,,-1,51003,60000,40.402855,-3.6867304,False,103009
2026-09-13T06:45:25Z,01092,,-4,60911,71801,39.43555,-0.3874034,True,130028
2026-09-13T06:45:25Z,03073,,-5,60000,04307,41.50536,-1.4737389,True,103002
2026-09-13T06:45:25Z,03272,,4,74200,60000,41.654545,-0.8525174,False,112014
2026-09-13T06:45:25Z,04087,,-1,17000,11200,42.367413,-3.6879804,True,120056
2026-09-13T06:45:25Z,08287,,2,71801,04307,41.937943,2.7935572,False,100010
2026-09-13T06:45:25Z,08087,,3,78400,71801,41.1916,1.2739621,False,120002
2026-09-13T06:45:25Z,13005,,2,51405,51003,36.529274,-6.288518,False,449048
2026-09-13T06:45:25Z,08085,,3,51003,54413,37.88712,-4.793162,False,104011
2026-09-13T06:45:25Z,18018,,1,60400,65000,39.260685,-2.598502,False,470118
2026-09-13T06:45:25Z,08081,,3,37700,60000,39.578636,-3.8124893,False,100019
2026-09-13T06:45:25Z,71811,,3,21010,15211,43.517235,-8.161411,False,527015
2026-09-13T06:45:25Z,15032,,2,71204,71209,41.22487,0.35099548,False,470123
2026-09-13T06:45:25Z,15031,,-1,79400,71300,41.131054,0.81103927,False,447026
2026-09-13T06:45:25Z,14020,,0,65000,65400,39.767788,-0.20285663,False,470115
2026-09-13T06:45:25Z,15030,,2,71300,79400,41.245403,1.8781554,False,449028
2026-09-13T06:45:25Z,71850,,5,14223,15211,43.435234,-3.9173858,False,524021
2026-09-13T06:45:25Z,16001,,1,11200,11505,42.84125,-2.6721997,False,449057
2026-09-13T06:45:25Z,12680,,1,31412,21010,43.49483,-8.195012,False,594102
2026-09-13T06:45:25Z,03943,,0,51003,71801,37.50028,-5.9171934,False,102013
2026-09-13T06:45:25Z,08915,,-3,05000,54413,36.75302,-4.6112623,False,102008
2026-09-13T06:45:25Z,04114,,-5,20309,17000,41.52812,-5.702468,True,730025
2026-09-13T06:45:25Z,00631,,-5,30100,04040,41.784256,-4.606711,True,121023
2026-09-13T06:45:25Z,08475,,-3,05000,51003,37.585346,-5.6718593,False,104010
2026-09-13T06:45:25Z,08275,,1,51003,05000,37.701057,-5.007592,False,104012
2026-09-13T06:45:25Z,12641,,0,20300,31412,43.121212,-7.6246758,False,594105
2026-09-13T06:45:25Z,09087,,1,61200,60911,38.218674,-0.79467344,False,104013
2026-09-13T06:45:25Z,15633,,0,78600,78400,41.741367,1.5987579,False,447096
2026-09-13T06:45:25Z,15632,,1,78400,78600,41.655567,1.4202526,False,447154
2026-09-13T06:45:25Z,04072,,6,14223,60911,42.785267,-4.233622,True,130038
2026-09-13T06:45:25Z,09085,,1,60911,61200,38.36506,-0.5421623,False,104001
2026-09-13T06:45:25Z,09480,,1,22100,31412,43.21808,-8.44893,False,121002
2026-09-13T06:45:25Z,09083,,0,31412,08223,42.78122,-8.656764,False,121008
2026-09-13T06:45:25Z,15757,,0,74200,04040,41.978798,-0.5170566,False,594001
2026-09-13T06:45:25Z,09082,,0,08223,31412,42.810745,-8.620169,False,121011
2026-09-13T06:45:25Z,05080,,0,17000,03216,40.373074,-3.6803555,True,"112017,112024"
2026-09-13T06:45:25Z,17812,,6,37311,37606,38.89697,-6.1290045,False,599021
2026-09-13T06:45:25Z,12644,,12,31412,22100,43.144314,-7.682754,False,594011
2026-09-13T06:45:25Z,71820,,0,05571,15211,43.42085,-4.758936,False,527031
2026-09-13T06:45:25Z,15041,,6,79400,73100,41.2501,1.2975606,False,447181
2026-09-13T06:45:25Z,15040,,28,73100,79400,41.39203,2.1646564,False,470071
2026-09-13T06:45:25Z,15003,,6,79400,71400,41.219913,1.7307823,False,447040
2026-09-13T06:45:25Z,13020,,3,50500,51003,37.804092,-5.1063423,False,449005
2026-09-13T06:45:25Z,00621,,0,08223,71801,42.858215,-8.52346,True,130010
2026-09-13T06:45:25Z,03930,,2,71801,51003,41.44229,1.9946779,True,"102009,102011"
2026-09-13T06:45:25Z,05871,,12,65300,60000,39.96859,-3.555659,False,100001
2026-09-13T06:45:25Z,02082,,0,60000,54413,40.178688,-3.7512496,True,103019
2026-09-13T06:45:25Z,13902,,1,51003,54413,37.28188,-5.915448,False,598021
2026-09-13T06:45:25Z,05075,,0,03216,17000,40.045284,-2.558961,False,112015
2026-09-13T06:45:25Z,02087,,1,56310,60000,36.993782,-2.5330586,True,730018
2026-09-13T06:45:25Z,04186,,7,13200,17000,42.69097,-2.9412239,True,130009
2026-09-13T06:45:25Z,14432,,6,65300,65312,40.318405,0.23457575,False,"447007,447018"
2026-09-13T06:45:25Z,15648,,5,04040,74217,42.380157,-0.70509994,False,594004
2026-09-13T06:45:25Z,12613,,4,15100,20200,42.59562,-6.328864,False,440239
2026-09-13T06:45:25Z,95509,,28,71708,71700,41.346275,2.1145744,False,"463214,465220"
2026-09-13T06:45:25Z,15800,,3,71801,79315,41.750317,2.6447253,False,449042
2026-09-13T06:45:25Z,12611,,1,20200,22100,42.4511,-7.7354527,False,470046
2026-09-13T06:45:25Z,13030,,7,51003,51405,37.392544,-5.9750113,False,449021
2026-09-13T06:45:25Z,71831,,1,15211,14223,43.38045,-5.582643,False,433005
2026-09-13T06:45:25Z,18049,,9,60600,17000,39.39531,-3.203457,False,"449036,449044"
2026-09-13T06:45:25Z,16026,,1,11300,11200,42.742737,-2.867332,False,470238
2026-09-13T06:45:25Z,71830,,0,15211,21010,43.490887,-6.11026,False,529004
2026-09-13T06:45:25Z,14123,,-2,65000,61200,38.394497,-0.5287717,False,599006
2026-09-13T06:45:25Z,18321,,1,31200,10600,41.681793,-5.97179,False,599042
2026-09-13T06:45:25Z,18123,,2,79400,65400,41.111366,1.2533424,False,"448006,448016"
2026-09-13T06:45:25Z,00299,,2,37606,17000,38.921356,-6.6844654,False,730021
2026-09-13T06:45:25Z,00533,,-4,11500,71801,42.876976,-1.7716327,True,120012
2026-09-13T06:45:25Z,05668,,1,17000,61200,38.364513,-0.5474326,False,106012
2026-09-13T06:45:25Z,04898,,3,30100,17000,41.122288,-5.2513084,True,121021
2026-09-13T06:45:25Z,00697,,4,71801,50202,41.122093,1.1274807,True,130030
2026-09-13T06:45:25Z,02074,,8,60000,51405,38.348072,-4.5012703,True,120059
2026-09-13T06:45:25Z,02073,,5,54413,60000,37.9797,-4.590402,True,"102002,102003"
2026-09-13T06:45:25Z,02270,,3,60000,51003,38.66535,-4.330077,False,103010
2026-09-13T06:45:25Z,02072,,7,60000,05000,38.477905,-4.4563837,True,"102006,102015"
2026-09-13T06:45:25Z,02071,,5,51003,60000,38.671577,-4.2916346,True,100004
2026-09-13T06:45:25Z,05064,,16,17000,03216,39.44284,-0.3964626,False,106011
2026-09-13T06:45:25Z,03083,,-1,60000,71801,40.39416,-3.537204,True,"103006,103021"
2026-09-13T06:45:25Z,02075,,17,51405,60000,37.56471,-5.8435473,True,130034
2026-09-13T06:45:25Z,12101,,3,15004,15410,42.24509,-4.9706855,False,470014
2026-09-13T06:45:25Z,15655,,0,74217,04040,42.7403,-0.5180079,False,594008
2026-09-13T06:45:25Z,15776,,1,79309,71801,41.7564,2.664748,False,"449014,449038"
2026-09-13T06:45:25Z,13951,,-1,56310,05000,37.18863,-3.617487,False,599010
2026-09-13T06:45:25Z,03082,,6,71801,60000,41.18692,1.3106903,True,100017
2026-09-13T06:45:25Z,18921,,3,10000,30110,40.550842,-3.8962312,False,599013
2026-09-13T07:00:47Z,71800,,4,05193,21010,43.665974,-7.902474,False,527021
2026-09-13T07:00:47Z,13084,,2,42008,43019,37.74575,-6.8836355,False,598011
2026-09-13T07:00:47Z,18775,,40,35400,51003,39.461143,-6.385844,False,"599035,599047"
2026-09-13T07:00:47Z,17203,,0,10400,10600,41.029594,-4.688007,False,440235
2026-09-13T07:00:47Z,18054,,6,65400,79400,41.185974,1.524699,False,"448004,448014"
2026-09-13T07:00:47Z,18331,,2,37606,60400,38.705944,-5.4687276,False,599004
2026-09-13T07:00:47Z,17044,,6,60400,37200,39.391724,-3.1964898,False,449025
2026-09-13T07:00:47Z,03311,,-2,60000,71801,41.44101,0.92204523,False,103022
2026-09-13T07:00:47Z,15061,,0,79400,65411,41.2392,1.8097444,False,"470119,470187"
2026-09-13T07:00:47Z,09737,,3,71801,87303,41.979576,2.8160846,False,100021
2026-09-13T07:00:47Z,15906,,1,71801,79315,41.437065,2.1938024,False,447062
2026-09-13T07:00:47Z,01092,,-4,60911,71801,39.464104,-0.37798363,True,130028
2026-09-13T07:00:47Z,03073,,-6,60000,04307,41.663685,-0.94536054,True,103002
2026-09-13T07:00:47Z,03272,,0,74200,60000,41.652264,-0.9606114,False,112014
2026-09-13T07:00:47Z,04087,,0,17000,11200,42.388752,-3.5764532,True,120056
2026-09-13T07:00:47Z,08287,,3,71801,04307,42.1923,2.9345536,False,100010
2026-09-13T07:00:47Z,04080,,-1,15410,17000,43.484467,-5.790356,True,130004
2026-09-13T07:00:47Z,08087,,5,78400,71801,41.418552,1.7936113,False,120002
2026-09-13T07:00:47Z,13005,,3,51405,51003,36.468014,-6.2068243,False,449048
2026-09-13T07:00:47Z,08085,,-3,51003,54413,37.62573,-4.9202824,False,104011
2026-09-13T07:00:47Z,13003,,2,51003,50500,37.57117,-5.8213973,False,449013
2026-09-13T07:00:47Z,18018,,0,60400,65000,39.19927,-2.1629605,False,470118
2026-09-13T07:00:47Z,09093,,-1,31412,08223,43.349583,-8.413867,False,121007
2026-09-13T07:00:47Z,08081,,3,37700,60000,40.02654,-3.8257086,False,100019
2026-09-13T07:00:47Z,15032,,1,71209,71300,41.229565,0.54008985,False,470123
2026-09-13T07:00:47Z,71811,,9,21010,15211,43.546093,-8.078065,False,527015
2026-09-13T07:00:47Z,15031,,0,79400,71300,41.10233,0.7822586,False,447026
2026-09-13T07:00:47Z,14020,,0,65000,65400,39.932945,-0.09655001,False,470115
2026-09-13T07:00:47Z,00438,,0,71801,81100,41.36501,2.0403464,True,120053
2026-09-13T07:00:47Z,15030,,2,71300,79400,41.33011,2.088041,False,449028
2026-09-13T07:00:47Z,13099,,1,51003,43019,37.423412,-6.007427,False,449015
2026-09-13T07:00:47Z,16001,,1,11200,11505,42.84475,-2.4223533,False,449057
2026-09-13T07:00:47Z,71850,,10,14223,15211,43.385376,-4.0349,False,524021
2026-09-13T07:00:47Z,03943,,0,51003,71801,37.724426,-5.33545,False,102013
2026-09-13T07:00:47Z,04114,,-3,20309,17000,41.368637,-5.119174,True,730025
2026-09-13T07:00:47Z,00631,,-7,30100,04040,42.00749,-4.344892,True,121023
2026-09-13T07:00:47Z,08275,,0,51003,05000,37.353508,-4.8195314,False,104012
2026-09-13T07:00:47Z,12641,,18,20300,31412,43.158276,-7.6977234,False,594105
2026-09-13T07:00:47Z,15633,,0,78600,78400,41.730045,1.5150229,False,447096
2026-09-13T07:00:47Z,09087,,1,61200,60911,38.4062,-0.6997956,False,104013
2026-09-13T07:00:47Z,15632,,1,78400,78600,41.729687,1.5142369,False,447154
2026-09-13T07:00:47Z,04072,,9,14223,60911,42.654827,-4.3115215,True,130038
2026-09-13T07:00:47Z,09085,,1,60911,61200,38.25914,-0.7550585,False,104001
2026-09-13T07:00:47Z,09083,,0,31412,08223,42.58483,-8.733664,False,121008
2026-09-13T07:00:47Z,18900,,6,30100,10000,40.608616,-4.521978,False,599019
2026-09-13T07:00:47Z,15757,,1,74200,04040,41.955566,-0.7294607,False,594001
2026-09-13T07:00:47Z,09082,,0,08223,31412,42.87682,-8.534213,False,121011
2026-09-13T07:00:47Z,05080,,2,17000,03216,40.014904,-3.642921,True,"112017,112024"
2026-09-13T07:00:47Z,17812,,7,37311,37606,38.92154,-6.3430305,False,599021
2026-09-13T07:00:47Z,12644,,11,31412,22100,43.027763,-7.5608897,False,594011
2026-09-13T07:00:47Z,71820,,1,05571,15211,43.35193,-5.3690815,False,527031
2026-09-13T07:00:47Z,15003,,7,79400,71400,41.16634,1.4664454,False,447040
2026-09-13T07:00:47Z,13020,,4,50500,51003,37.70739,-5.3416224,False,449005
2026-09-13T07:00:47Z,18074,,0,81200,71100,42.059517,-1.5976725,False,470203
2026-09-13T07:00:47Z,00621,,0,08223,71801,42.62102,-8.1253605,True,130010
2026-09-13T07:00:47Z,03930,,1,71801,51003,41.18375,1.4223435,True,"102009,102011"
2026-09-13T07:00:47Z,05871,,8,65300,60000,40.304558,-3.6605759,False,100001
2026-09-13T07:00:47Z,13901,,0,54413,51003,37.22228,-4.893699,False,599039
2026-09-13T07:00:47Z,02082,,-1,60000,54413,39.609932,-3.795501,True,103019
2026-09-13T07:00:47Z,13902,,6,51003,54413,37.20541,-5.8078294,False,598021
2026-09-13T07:00:47Z,05075,,-1,03216,17000,39.946926,-3.4057715,False,112015
2026-09-13T07:00:47Z,02087,,1,56310,60000,37.1123,-2.5947194,True,730018
2026-09-13T07:00:47Z,04186,,17,13200,17000,42.690903,-2.9411867,True,130009
2026-09-13T07:00:47Z,14432,,-5,65300,65312,40.46111,0.4457393,False,"447007,447018"
2026-09-13T07:00:47Z,17705,,0,35200,18000,39.949417,-4.47794,False,599027
2026-09-13T07:00:47Z,15648,,5,04040,74217,42.27551,-0.6824112,False,594004
2026-09-13T07:00:47Z,12613,,4,15100,20200,42.58653,-6.5240073,False,440239
2026-09-13T07:00:47Z,95509,,36,71708,71700,41.27643,1.9764429,False,"463214,465220"
2026-09-13T07:00:47Z,15800,,6,71801,79315,41.826088,2.7822258,False,449042
2026-09-13T07:00:47Z,12611,,2,20200,22100,42.401043,-7.802539,False,470046
2026-09-13T07:00:47Z,13030,,6,51003,51405,37.287285,-5.9234576,False,449021
2026-09-13T07:00:47Z,71831,,0,15211,14223,43.36128,-5.5090475,False,433005
2026-09-13T07:00:47Z,18049,,13,60600,17000,39.555458,-3.2914724,False,"449036,449044"
2026-09-13T07:00:47Z,71830,,4,15211,21010,43.543125,-6.1108856,False,529004
2026-09-13T07:00:47Z,14123,,-2,65000,61200,38.34481,-0.49676913,False,599006
2026-09-13T07:00:47Z,18123,,2,79400,65400,41.122093,1.1274807,False,"448006,448016"
2026-09-13T07:00:47Z,18321,,0,31200,10600,41.51592,-5.73974,False,599042
2026-09-13T07:00:47Z,00299,,0,37606,17000,38.92154,-6.3430305,False,730021
2026-09-13T07:00:47Z,00533,,-6,11500,71801,42.824905,-1.662168,True,120012
2026-09-13T07:00:47Z,05668,,0,17000,61200,38.347034,-0.50349283,False,106012
2026-09-13T07:00:47Z,04898,,2,30100,17000,41.292995,-4.9499917,True,121021
2026-09-13T07:00:47Z,00697,,2,71801,50202,40.849445,0.75686574,True,130030
2026-09-13T07:00:47Z,02074,,7,60000,51405,37.954273,-4.614742,True,120059
2026-09-13T07:00:47Z,02073,,6,54413,60000,38.39317,-4.476147,True,"102002,102003"
2026-09-13T07:00:47Z,02270,,6,60000,51003,38.24376,-4.5675583,False,103010
2026-09-13T07:00:47Z,02072,,8,60000,05000,38.071774,-4.5039926,True,"102006,102015"
2026-09-13T07:00:47Z,02071,,9,51003,60000,38.76257,-4.080166,True,100004
2026-09-13T07:00:47Z,03083,,1,60000,71801,40.65921,-3.0737545,True,"103006,103021"
2026-09-13T07:00:47Z,02075,,15,51405,60000,37.77693,-5.223603,True,130034
2026-09-13T07:00:47Z,15854,,0,79315,71801,42.26442,2.9689753,False,447178
2026-09-13T07:00:47Z,12101,,4,15004,15410,42.369484,-5.0225286,False,470014
2026-09-13T07:00:47Z,15655,,0,74217,04040,42.660812,-0.5488538,False,594008
2026-09-13T07:00:47Z,15776,,0,79309,71801,41.63648,2.3998046,False,"449014,449038"
2026-09-13T07:00:47Z,03082,,26,71801,60000,41.192,1.2717215,True,100017
2026-09-13T07:00:47Z,18921,,-5,10000,30110,40.62655,-4.010266,False,599013
2026-09-13T07:15:25Z,71800,,2,05193,21010,43.587063,-7.9344945,False,527021
2026-09-13T07:15:25Z,13084,,3,42008,43019,37.63236,-6.896142,False,598011
2026-09-13T07:15:25Z,18775,,40,35400,51003,39.461143,-6.385844,False,599047
2026-09-13T07:15:25Z,17203,,0,10400,10600,41.22046,-4.8229275,False,440235
2026-09-13T07:15:25Z,17044,,8,60400,37200,39.157738,-3.2353508,False,449025
2026-09-13T07:15:25Z,03311,,3,60000,71801,41.2652,1.1882119,False,103022
2026-09-13T07:15:25Z,01092,,0,60911,71801,39.452698,-0.34183088,True,130028
2026-09-13T07:15:25Z,03272,,1,74200,60000,41.522583,-1.4151758,False,112014
2026-09-13T07:15:25Z,04086,,0,11500,17000,43.100063,-2.1077719,False,130005
2026-09-13T07:15:25Z,04087,,-6,17000,11200,42.474194,-3.437642,True,120056
2026-09-13T07:15:25Z,04080,,0,15410,17000,43.36835,-5.8527136,True,130004
2026-09-13T07:15:25Z,13005,,4,51405,51003,36.60378,-6.2177763,False,449048
2026-09-13T07:15:25Z,13003,,4,51003,50500,37.617958,-5.59602,False,449013
2026-09-13T07:15:25Z,18018,,0,60400,65000,39.111588,-2.0004401,False,470118
2026-09-13T07:15:25Z,09093,,0,31412,08223,43.140694,-8.464358,False,121007
2026-09-13T07:15:25Z,71811,,10,21010,15211,43.562122,-8.002723,False,527015
2026-09-13T07:15:25Z,15031,,10,79400,71300,41.10273,0.6610265,False,447026
2026-09-13T07:15:25Z,00438,,3,71801,81100,41.31473,1.6607074,True,120053
2026-09-13T07:15:25Z,15030,,1,71300,79400,41.38808,2.1593835,False,449028
2026-09-13T07:15:25Z,13099,,-4,51003,43019,37.415665,-6.0943604,False,449015
2026-09-13T07:15:25Z,12681,,0,21010,31412,43.488102,-8.230719,False,594102
2026-09-13T07:15:25Z,15034,,1,71400,79400,41.113354,1.1499176,False,449032
2026-09-13T07:15:25Z,16001,,0,11200,11505,42.8953,-2.1815174,False,449057
2026-09-13T07:15:25Z,03943,,-4,51003,71801,37.88218,-4.803787,False,102013
2026-09-13T07:15:25Z,04114,,-5,20309,17000,41.291195,-4.9233127,True,730025
2026-09-13T07:15:25Z,08312,,0,60600,60000,39.20517,-1.9879152,False,104002
2026-09-13T07:15:25Z,08275,,-4,51003,05000,37.071495,-4.719931,False,104012
2026-09-13T07:15:25Z,04072,,8,14223,60911,42.35704,-4.362921,True,130038
2026-09-13T07:15:25Z,09085,,5,60911,61200,38.137062,-0.87522197,False,104001
2026-09-13T07:15:25Z,09083,,0,31412,08223,42.41545,-8.636624,False,121008
2026-09-13T07:15:25Z,09082,,0,08223,31412,43.203712,-8.446068,False,121011
2026-09-13T07:15:25Z,71820,,5,05571,15211,43.355488,-5.43438,False,"433005,527031"
2026-09-13T07:15:25Z,15003,,6,79400,71400,41.118084,1.2705684,False,447040
2026-09-13T07:15:25Z,18074,,0,81200,71100,41.91493,-1.4201784,False,470203
2026-09-13T07:15:25Z,00622,,1,71801,08223,41.346226,2.0560143,True,130037
2026-09-13T07:15:25Z,00621,,0,08223,71801,42.360123,-7.913749,True,130010
2026-09-13T07:15:25Z,13903,,3,54413,51003,36.70238,-4.5165,False,598005
2026-09-13T07:15:25Z,13901,,11,54413,51003,37.23373,-5.1149993,False,599039
2026-09-13T07:15:25Z,02082,,-3,60000,54413,39.104496,-3.8855906,True,103019
2026-09-13T07:15:25Z,13902,,6,51003,54413,37.196537,-5.769359,False,598021
2026-09-13T07:15:25Z,05075,,-5,03216,17000,40.27665,-3.7114518,False,112015
2026-09-13T07:15:25Z,02087,,2,56310,60000,37.16831,-2.7813656,True,730018
2026-09-13T07:15:25Z,17705,,0,35200,18000,39.96983,-4.2309036,False,599027
2026-09-13T07:15:25Z,15648,,5,04040,74217,42.46831,-0.39322218,False,594004
2026-09-13T07:15:25Z,95509,,39,71708,71700,41.220196,1.7626725,False,"463214,465220"
2026-09-13T07:15:25Z,15800,,7,71801,79315,41.978973,2.8165407,False,449042
2026-09-13T07:15:25Z,71831,,1,15211,14223,43.355488,-5.43438,False,"433005,527031"
2026-09-13T07:15:25Z,71830,,5,15211,21010,43.550995,-6.152206,False,529004
2026-09-13T07:15:25Z,18122,,1,65400,79400,40.781956,0.52952725,False,449034
2026-09-13T07:15:25Z,18123,,1,79400,65400,41.01929,0.9287827,False,"448006,448016"
2026-09-13T07:15:25Z,00299,,1,37606,17000,38.9215,-6.343041,False,730021
2026-09-13T07:15:25Z,00697,,2,71801,50202,40.753696,0.6141503,True,130030
2026-09-13T07:15:25Z,04898,,0,30100,17000,41.29105,-4.922174,True,121021
2026-09-13T07:15:25Z,02074,,10,60000,51405,37.88015,-4.808181,True,120059
2026-09-13T07:15:25Z,02073,,9,54413,60000,38.66829,-4.257,True,"102002,102003"
2026-09-13T07:15:25Z,02072,,8,60000,05000,37.888103,-4.7902355,True,"102006,102015"
2026-09-13T07:15:25Z,02071,,13,51003,60000,38.9863,-3.9137826,True,100004
2026-09-13T07:15:25Z,02075,,10,51405,60000,37.888123,-4.7901964,True,130034
2026-09-13T07:15:25Z,15655,,0,74217,04040,42.577724,-0.5384163,False,594008
2026-09-13T07:15:25Z,15776,,-1,79309,71801,41.530212,2.2152414,False,"449014,449038"
2026-09-13T07:15:25Z,18921,,0,10000,30110,40.53961,-4.1869626,False,599013
2026-09-13T07:15:25Z,18054,,7,65400,79400,41.238754,1.8121402,False,"448004,448014"
2026-09-13T07:15:25Z,18331,,3,37606,60400,38.735096,-5.541721,False,599004
2026-09-13T07:15:25Z,15061,,0,79400,65411,41.219936,1.7309104,False,"470119,470187"
2026-09-13T07:15:25Z,15906,,3,71801,79315,41.564068,2.274255,False,447062
2026-09-13T07:15:25Z,09730,,3,87089,60000,43.724342,4.188575,False,100020
2026-09-13T07:15:25Z,03073,,-4,60000,04307,41.6298,-0.8634392,True,103002
2026-09-13T07:15:25Z,08087,,4,78400,71801,41.347378,2.1149514,False,120002
2026-09-13T07:15:25Z,05092,,0,17000,60911,40.374477,-3.6812172,False,112018
2026-09-13T07:15:25Z,08085,,-4,51003,54413,37.3585,-4.8220196,False,104011
2026-09-13T07:15:25Z,08081,,1,37700,60000,40.366405,-3.6772738,False,100019
2026-09-13T07:15:25Z,14020,,-2,65000,65400,40.025887,0.004721901,False,470115
2026-09-13T07:15:25Z,71850,,10,14223,15211,43.35875,-4.0876093,False,524021
2026-09-13T07:15:25Z,18061,,0,10000,11505,40.446556,-3.7971265,False,449051
2026-09-13T07:15:25Z,00631,,-5,30100,04040,42.154747,-4.092767,True,121023
2026-09-13T07:15:25Z,02096,,1,60000,51003,40.327763,-3.6492093,False,112019
2026-09-13T07:15:25Z,12641,,19,20300,31412,43.16616,-7.867038,False,594105
2026-09-13T07:15:25Z,15633,,3,78600,78400,41.679623,1.4712161,False,447096
2026-09-13T07:15:25Z,15632,,1,78400,78600,41.74132,1.5709594,False,447154
2026-09-13T07:15:25Z,18900,,7,30100,10000,40.58111,-4.3455095,False,599019
2026-09-13T07:15:25Z,15757,,1,74200,04040,41.752884,-0.8286173,False,594001
2026-09-13T07:15:25Z,05080,,-1,17000,03216,40.015453,-2.8564596,True,"112017,112024"
2026-09-13T07:15:25Z,17812,,1,37311,37606,38.916298,-6.456382,False,599021
2026-09-13T07:15:25Z,12644,,9,31412,22100,42.90704,-7.4558935,False,594011
2026-09-13T07:15:25Z,13020,,4,50500,51003,37.66125,-5.531011,False,449005
2026-09-13T07:15:25Z,18030,,0,17000,50202,40.410828,-3.6959736,False,"449003,449012"
2026-09-13T07:15:25Z,03930,,4,71801,51003,41.249638,1.1915145,True,"102009,102011"
2026-09-13T07:15:25Z,04186,,21,13200,17000,42.625736,-3.150503,True,130009
2026-09-13T07:15:25Z,03092,,-1,71801,60000,41.476555,1.8808565,True,103018
2026-09-13T07:15:25Z,17501,,20,79400,71300,41.393456,2.166562,False,447175
2026-09-13T07:15:25Z,14515,,9,61307,61200,37.605175,-0.97484106,False,592017
2026-09-13T07:15:25Z,13030,,9,51003,51405,37.183376,-5.790233,False,449021
2026-09-13T07:15:25Z,18049,,14,60600,17000,39.709347,-3.4698827,False,"449036,449044"
2026-09-13T07:15:25Z,14123,,1,65000,61200,38.345825,-0.5198475,False,599006
2026-09-13T07:15:25Z,18321,,0,31200,10600,41.5117,-5.3833723,False,599042
2026-09-13T07:15:25Z,01101,,1,04307,60911,42.210068,2.9422975,True,"130031,130033"
2026-09-13T07:15:25Z,00533,,0,11500,71801,42.72164,-1.6207917,True,120012
2026-09-13T07:15:25Z,05668,,3,17000,61200,38.355637,-0.7159582,False,106012
2026-09-13T07:15:25Z,02270,,6,60000,51003,37.911037,-4.733031,False,103010
2026-09-13T07:15:25Z,03083,,2,60000,71801,40.97768,-2.552356,True,"103006,103021"
2026-09-13T07:15:25Z,15854,,1,79315,71801,42.12033,2.964068,False,447178
2026-09-13T07:15:25Z,12101,,8,15004,15410,42.42581,-5.208388,False,470014
2026-09-13T07:15:25Z,03082,,29,71801,60000,41.407787,1.0393765,True,100017
2026-09-13T07:30:35Z,71800,,4,05193,21010,43.562122,-8.002723,False,527021
2026-09-13T07:30:35Z,13084,,3,42008,43019,37.49352,-6.9631457,False,598011
2026-09-13T07:30:35Z,18775,,68,35400,51003,39.374397,-6.3818955,False,599047
2026-09-13T07:30:35Z,17203,,0,10400,10600,41.317352,-4.910074,False,440235
2026-09-13T07:30:35Z,17044,,8,60400,37200,39.022583,-3.4605432,False,449025
2026-09-13T07:30:35Z,03311,,5,60000,71801,41.223446,1.5179018,False,103022
2026-09-13T07:30:35Z,18093,,-1,79400,65400,41.379074,2.139723,False,"470095,470116"
2026-09-13T07:30:35Z,01092,,-4,60911,71801,39.71406,-0.24343553,True,130028
2026-09-13T07:30:35Z,03272,,2,74200,60000,41.324844,-1.6944305,False,112014
2026-09-13T07:30:35Z,04086,,6,11500,17000,43.04341,-2.2395477,False,130005
2026-09-13T07:30:35Z,04087,,0,17000,11200,42.608627,-3.2731874,True,120056
2026-09-13T07:30:35Z,04080,,3,15410,17000,43.30319,-5.849565,True,130004
2026-09-13T07:30:35Z,13005,,3,51405,51003,36.9006,-6.0976386,False,449048
2026-09-13T07:30:35Z,13003,,6,51003,50500,37.700226,-5.3975453,False,449013
2026-09-13T07:30:35Z,18018,,-1,60400,65000,38.90492,-1.6895393,False,470118
2026-09-13T07:30:35Z,09093,,-1,31412,08223,42.870926,-8.543598,False,121007
2026-09-13T07:30:35Z,71811,,7,21010,15211,43.587063,-7.9344945,False,527015
2026-09-13T07:30:35Z,00438,,4,71801,81100,41.191967,1.2719164,True,120053
2026-09-13T07:30:35Z,15030,,4,71300,79400,41.393078,2.1920035,False,449028
2026-09-13T07:30:35Z,15311,,0,71300,04040,41.106617,0.65345657,False,448002
2026-09-13T07:30:35Z,13099,,-2,51003,43019,37.342148,-6.231113,False,449015
2026-09-13T07:30:35Z,12681,,-1,21010,31412,43.411873,-8.18034,False,594102
2026-09-13T07:30:35Z,15034,,0,71400,79400,41.118496,1.2716416,False,449032
2026-09-13T07:30:35Z,16001,,3,11200,11505,42.99166,-2.321561,False,449057
2026-09-13T07:30:35Z,03943,,-3,51003,71801,37.88805,-4.790362,False,"102013,112013"
2026-09-13T07:30:35Z,04114,,2,20309,17000,41.24317,-4.6365576,True,730025
2026-09-13T07:30:35Z,04475,,-2,17000,08223,41.516144,-5.7399263,False,106060
2026-09-13T07:30:35Z,08312,,-1,60600,60000,39.708313,-1.9323242,False,104002
2026-09-13T07:30:35Z,08275,,-1,51003,05000,37.029434,-4.5626616,False,104012
2026-09-13T07:30:35Z,04072,,2,14223,60911,42.08399,-4.526202,True,130038
2026-09-13T07:30:35Z,09085,,6,60911,61200,38.043377,-1.001556,False,104001
2026-09-13T07:30:35Z,71820,,6,05571,15211,43.36128,-5.5090475,False,433005
2026-09-13T07:30:35Z,15003,,4,79400,71400,41.14232,1.118892,False,447040
2026-09-13T07:30:35Z,18074,,2,81200,71100,41.82614,-1.2439785,False,470203
2026-09-13T07:30:35Z,00622,,2,71801,08223,41.29873,1.6328441,True,130037
2026-09-13T07:30:35Z,00621,,-4,08223,71801,42.356365,-7.8600516,True,130010
2026-09-13T07:30:35Z,13903,,-4,54413,51003,36.734222,-4.675684,False,598005
2026-09-13T07:30:35Z,13901,,12,54413,51003,37.23373,-5.1149993,False,599039
2026-09-13T07:30:35Z,02082,,3,60000,54413,38.78743,-4.076055,True,103019
2026-09-13T07:30:35Z,13902,,9,51003,54413,37.273136,-5.541876,False,598021
2026-09-13T07:30:35Z,02087,,3,56310,60000,37.26077,-3.044534,True,730018
2026-09-13T07:30:35Z,17705,,-6,35200,18000,40.108288,-3.8432229,False,599027
2026-09-13T07:30:35Z,15648,,5,04040,74217,42.520233,-0.37328833,False,594004
2026-09-13T07:30:35Z,15800,,9,71801,79315,42.051823,2.96096,False,449042
2026-09-13T07:30:35Z,71831,,7,15211,14223,43.344017,-5.360661,False,527031
2026-09-13T07:30:35Z,71830,,3,15211,21010,43.55949,-6.234568,False,529004
2026-09-13T07:30:35Z,18122,,1,65400,79400,40.811005,0.7068218,False,449034
2026-09-13T07:30:35Z,18002,,60,11000,10000,41.72677,-4.658366,False,449039
2026-09-13T07:30:35Z,18123,,-1,79400,65400,40.8861,0.8006144,False,"448006,448016"
2026-09-13T07:30:35Z,00299,,-2,37606,17000,39.258873,-6.3740277,False,730021
2026-09-13T07:30:35Z,00697,,2,71801,50202,40.471718,0.45551533,True,130030
2026-09-13T07:30:35Z,04898,,12,30100,17000,41.266605,-4.67072,True,121021
2026-09-13T07:30:35Z,02074,,9,60000,51405,37.78304,-5.213999,True,120059
2026-09-13T07:30:35Z,02073,,9,54413,60000,38.94669,-3.934201,True,"102002,102003"
2026-09-13T07:30:35Z,02072,,6,60000,05000,37.636513,-4.9342732,True,"102006,102015"
2026-09-13T07:30:35Z,02071,,14,51003,60000,39.37015,-3.852108,True,100004
2026-09-13T07:30:35Z,02075,,13,51405,60000,38.066914,-4.5088363,True,130034
2026-09-13T07:30:35Z,08694,,5,54413,51003,36.867447,-4.696626,False,104017
2026-09-13T07:30:35Z,04091,,0,17000,16403,40.7421,-3.7332633,True,130007
2026-09-13T07:30:35Z,15776,,4,79309,71801,41.43445,2.1943603,False,"449014,449038"
2026-09-13T07:30:35Z,15655,,0,74217,04040,42.520004,-0.37267497,False,594008
2026-09-13T07:30:35Z,13079,,3,50500,51003,37.860962,-4.8708777,False,449010
2026-09-13T07:30:35Z,18921,,2,10000,30110,40.571198,-4.3384495,False,599013
2026-09-13T07:30:35Z,08292,,2,60000,92102,40.21344,-3.7488747,False,104008
2026-09-13T07:30:35Z,18054,,6,65400,79400,41.30931,2.0274866,False,"448004,448014"
2026-09-13T07:30:35Z,18331,,4,37606,60400,38.724117,-5.22668,False,599004
2026-09-13T07:30:35Z,15061,,1,79400,65411,41.142723,1.4057415,False,"470119,470187"
2026-09-13T07:30:35Z,15906,,0,71801,79315,41.673294,2.4775276,False,447062
2026-09-13T07:30:35Z,09730,,3,87089,60000,43.604446,3.8808367,False,100020
2026-09-13T07:30:35Z,03073,,-3,60000,04307,41.531525,-0.33705246,True,103002
2026-09-13T07:30:35Z,05092,,2,17000,60911,40.0245,-3.6566417,False,112018
2026-09-13T07:30:35Z,08085,,3,51003,54413,37.0713,-4.719885,False,104011
2026-09-13T07:30:35Z,18102,,2,14223,14107,43.42175,-3.844038,False,470156
2026-09-13T07:30:35Z,14020,,-1,65000,65400,40.092266,0.13998784,False,470115
2026-09-13T07:30:35Z,71850,,7,14223,15211,43.320023,-4.200663,False,524021
2026-09-13T07:30:35Z,18061,,0,10000,11505,40.53289,-3.88714,False,449051
2026-09-13T07:30:35Z,03982,,0,03216,51003,39.44673,-0.76949304,False,112008
2026-09-13T07:30:35Z,00631,,-6,30100,04040,42.35437,-3.7725792,True,121023
2026-09-13T07:30:35Z,02096,,4,60000,51003,39.808765,-3.8490868,False,112019
2026-09-13T07:30:35Z,12526,,0,22308,31412,42.28687,-8.607061,False,599034
2026-09-13T07:30:35Z,02093,,0,54413,60000,36.70812,-4.4399753,True,"102005,102007"
2026-09-13T07:30:35Z,02494,,3,60000,51003,40.40233,-3.6863105,False,121027
2026-09-13T07:30:35Z,12641,,18,20300,31412,43.139656,-8.041017,False,594105
2026-09-13T07:30:35Z,15633,,3,78600,78400,41.67159,1.2605313,False,447096
2026-09-13T07:30:35Z,15632,,1,78400,78600,41.73791,1.69051,False,447154
2026-09-13T07:30:35Z,18900,,7,30100,10000,40.539253,-4.17181,False,599019
2026-09-13T07:30:35Z,15757,,0,74200,04040,41.631893,-0.8660467,False,594001
2026-09-13T07:30:35Z,05080,,-3,17000,03216,40.005432,-2.093967,True,"112017,112024"
2026-09-13T07:30:35Z,17812,,4,37311,37606,38.915398,-6.477236,False,599021
2026-09-13T07:30:35Z,12644,,9,31412,22100,42.754036,-7.4518023,False,594011
2026-09-13T07:30:35Z,15042,,5,73100,79400,41.280796,1.2757667,False,447181
2026-09-13T07:30:35Z,13020,,8,50500,51003,37.58688,-5.741853,False,449005
2026-09-13T07:30:35Z,01112,,0,60911,71801,38.40803,-0.6844042,True,130044
2026-09-13T07:30:35Z,18030,,3,17000,50202,40.34265,-3.6838279,False,"449003,449012"
2026-09-13T07:30:35Z,03930,,6,71801,51003,41.529144,0.7980438,True,"102009,102011"
2026-09-13T07:30:35Z,12614,,-2,22200,20200,42.065678,-8.622418,False,440144
2026-09-13T07:30:35Z,04186,,20,13200,17000,42.48101,-3.419036,True,130009
2026-09-13T07:30:35Z,16019,,0,11200,80100,42.695694,-2.9261456,False,449035
2026-09-13T07:30:35Z,03092,,0,71801,60000,41.1848,1.3266929,True,103018
2026-09-13T07:30:35Z,17501,,18,79400,71300,41.336227,2.1054654,False,447175
2026-09-13T07:30:35Z,14515,,8,61307,61200,37.747013,-0.9672061,False,592017
2026-09-13T07:30:35Z,13030,,7,51003,51405,36.930943,-6.09183,False,449021
2026-09-13T07:30:35Z,16020,,1,80100,71100,42.73474,-1.6296653,False,464231
2026-09-13T07:30:35Z,18049,,17,60600,17000,39.86999,-3.7111123,False,"449036,449044"
2026-09-13T07:30:35Z,14123,,-2,65000,61200,38.28957,-0.5828797,False,599006
2026-09-13T07:30:35Z,18321,,1,31200,10600,41.388577,-5.1032877,False,599042
2026-09-13T07:30:35Z,08815,,2,54413,05000,36.718464,-4.571472,False,102008
2026-09-13T07:30:35Z,01101,,1,04307,60911,41.979424,2.8167083,True,"130031,130033"
2026-09-13T07:30:35Z,00533,,3,11500,71801,42.541367,-1.6672465,True,120012
2026-09-13T07:30:35Z,05668,,3,17000,61200,38.14582,-0.86426574,False,106012
2026-09-13T07:30:35Z,02270,,4,60000,51003,37.806404,-5.0468917,False,103010
2026-09-13T07:30:35Z,03083,,1,60000,71801,41.240536,-1.9967188,True,"103006,103021"
2026-09-13T07:30:35Z,15854,,-1,79315,71801,42.032806,2.8978121,False,447178
2026-09-13T07:30:35Z,12101,,7,15004,15410,42.549656,-5.575723,False,470014
2026-09-13T07:30:35Z,03082,,28,71801,60000,41.62028,0.6337169,True,100017
2026-09-13T07:30:35Z,08093,,1,92102,60000,39.897106,-3.9114847,False,114003
2026-09-13T07:45:24Z,71800,,5,05193,21010,43.546093,-8.078065,False,527021
2026-09-13T07:45:24Z,13084,,3,42008,43019,37.36781,-6.9620767,False,598011
2026-09-13T07:45:24Z,18775,,67,35400,51003,39.03742,-6.376116,False,599047
2026-09-13T07:45:24Z,17203,,1,10400,10600,41.48882,-4.7730064,False,440235
2026-09-13T07:45:24Z,17044,,5,60400,37200,39.002193,-3.6424153,False,449025
2026-09-13T07:45:24Z,03311,,4,60000,71801,41.397892,2.0158873,False,103022
2026-09-13T07:45:24Z,18093,,-3,79400,65400,41.301556,2.0079453,False,"470095,470116"
2026-09-13T07:45:24Z,04364,,5,31412,17000,41.51592,-5.73974,False,106057
2026-09-13T07:45:24Z,01092,,-1,60911,71801,39.928234,-0.10083637,True,130028
2026-09-13T07:45:24Z,03272,,-5,74200,60000,41.10248,-2.377694,False,112014
2026-09-13T07:45:24Z,04086,,6,11500,17000,43.07019,-2.3305502,False,130005
2026-09-13T07:45:24Z,04087,,-3,17000,11200,42.651287,-3.0039213,True,120056
2026-09-13T07:45:24Z,04080,,5,15410,17000,43.229042,-5.784419,True,130004
2026-09-13T07:45:24Z,13005,,3,51405,51003,37.041676,-5.917798,False,449048
2026-09-13T07:45:24Z,13003,,6,51003,50500,37.728893,-5.257349,False,449013
2026-09-13T07:45:24Z,18018,,-1,60400,65000,38.934544,-1.3269888,False,470118
2026-09-13T07:45:24Z,09093,,0,31412,08223,42.820045,-8.616918,False,121007
2026-09-13T07:45:24Z,71811,,5,21010,15211,43.665974,-7.902474,False,527015
2026-09-13T07:45:24Z,15032,,1,71300,79400,41.099968,0.7301771,False,449022
2026-09-13T07:45:24Z,00438,,3,71801,81100,41.404655,1.1049776,True,120053
2026-09-13T07:45:24Z,15311,,0,71300,04040,41.229565,0.54008985,False,448002
2026-09-13T07:45:24Z,13099,,-1,51003,43019,37.37358,-6.3418016,False,449015
2026-09-13T07:45:24Z,12681,,0,21010,31412,43.411873,-8.18034,False,594102
2026-09-13T07:45:24Z,15034,,3,71400,79400,41.14751,1.4186344,False,449032
2026-09-13T07:45:24Z,16001,,2,11200,11505,43.08703,-2.3198652,False,449057
2026-09-13T07:45:24Z,03943,,7,51003,71801,37.911255,-4.727679,False,"102013,112013"
2026-09-13T07:45:24Z,04114,,1,20309,17000,40.91667,-4.11738,True,730025
2026-09-13T07:45:24Z,08312,,-2,60600,60000,40.03456,-2.1445687,False,104002
2026-09-13T07:45:24Z,04475,,2,17000,08223,41.578587,-5.801196,False,106060
2026-09-13T07:45:24Z,08275,,0,51003,05000,37.136456,-4.218363,False,104012
2026-09-13T07:45:24Z,71820,,4,05571,15211,43.38045,-5.582643,False,433005
2026-09-13T07:45:24Z,18074,,3,81200,71100,41.771507,-1.1123801,False,470203
2026-09-13T07:45:24Z,00622,,1,71801,08223,41.192024,1.2715989,True,130037
2026-09-13T07:45:24Z,00621,,-3,08223,71801,42.44764,-7.7388606,True,130010
2026-09-13T07:45:24Z,13903,,-5,54413,51003,36.81996,-4.699005,False,598005
2026-09-13T07:45:24Z,13901,,8,54413,51003,37.33436,-5.4255023,False,599039
2026-09-13T07:45:24Z,02082,,3,60000,54413,38.61881,-4.3890038,True,103019
2026-09-13T07:45:24Z,13902,,10,51003,54413,37.32515,-5.3720512,False,598021
2026-09-13T07:45:24Z,02087,,4,56310,60000,37.342705,-3.1580572,True,730018
2026-09-13T07:45:24Z,15006,,0,71400,79400,41.11284,1.1508234,False,"447055,447170"
2026-09-13T07:45:24Z,17705,,-7,35200,18000,40.14664,-3.8479013,False,599027
2026-09-13T07:45:24Z,15648,,5,04040,74217,42.57648,-0.5373388,False,"594004,594008"
2026-09-13T07:45:24Z,18912,,1,30100,10000,40.974747,-5.63607,False,599041
2026-09-13T07:45:24Z,15800,,10,71801,79315,42.24758,2.972323,False,449042
2026-09-13T07:45:24Z,71831,,7,15211,14223,43.344017,-5.360661,False,527031
2026-09-13T07:45:24Z,71830,,3,15211,21010,43.55949,-6.234568,False,529004
2026-09-13T07:45:24Z,18122,,1,65400,79400,40.907146,0.82067204,False,449034
2026-09-13T07:45:24Z,18002,,47,11000,10000,41.642014,-4.7262015,False,449039
2026-09-13T07:45:24Z,18123,,0,79400,65400,40.8861,0.8006144,False,"448006,448016"
2026-09-13T07:45:24Z,00299,,-6,37606,17000,39.461143,-6.385844,False,730021
2026-09-13T07:45:24Z,00697,,-10,71801,50202,40.35519,0.28764382,True,130030
2026-09-13T07:45:24Z,02074,,6,60000,51405,37.587265,-5.71947,True,120059
2026-09-13T07:45:24Z,02073,,7,54413,60000,39.47711,-3.8311,True,"102002,102003"
2026-09-13T07:45:24Z,02072,,6,60000,05000,37.288548,-4.7880635,True,"102006,102015"
2026-09-13T07:45:24Z,02071,,12,51003,60000,39.962067,-3.8443582,True,100004
2026-09-13T07:45:24Z,08297,,4,71801,04307,41.421906,2.1936398,True,120002
2026-09-13T07:45:24Z,02075,,14,51405,60000,38.45491,-4.4401994,True,130034
2026-09-13T07:45:24Z,08694,,8,54413,51003,37.076454,-4.720941,False,104017
2026-09-13T07:45:24Z,04091,,-2,17000,16403,40.987232,-4.2603,True,130007
2026-09-13T07:45:24Z,12421,,1,31412,22308,43.29728,-8.443925,False,599018
2026-09-13T07:45:24Z,15655,,2,74217,04040,42.57648,-0.5373388,False,"594004,594008"
2026-09-13T07:45:24Z,13079,,4,50500,51003,37.804092,-5.1063423,False,449010
2026-09-13T07:45:24Z,18921,,4,10000,30110,40.61545,-4.509617,False,599013
2026-09-13T07:45:24Z,18008,,1,10000,10600,40.44689,-3.7938619,False,449009
2026-09-13T07:45:24Z,18054,,1,65400,79400,41.379074,2.139723,False,"448004,448014"
2026-09-13T07:45:24Z,18331,,4,37606,60400,38.724117,-5.22668,False,599004
2026-09-13T07:45:24Z,15061,,2,79400,65411,41.111366,1.2533424,False,"470119,470187"
2026-09-13T07:45:24Z,15906,,0,71801,79315,41.735172,2.6025503,False,447062
2026-09-13T07:45:24Z,09730,,3,87089,60000,43.481,3.782445,False,100020
2026-09-13T07:45:24Z,03073,,-4,60000,04307,41.621017,0.38575053,True,103002
2026-09-13T07:45:24Z,05093,,2,60911,17000,38.35854,-0.52939695,True,106008
2026-09-13T07:45:24Z,05092,,0,17000,60911,40.009342,-2.9103568,False,112018
2026-09-13T07:45:24Z,05095,,-1,03216,17000,39.470333,-0.6746233,False,106011
2026-09-13T07:45:24Z,08085,,4,51003,54413,36.848446,-4.6856513,False,104011
2026-09-13T07:45:24Z,18102,,0,14223,14107,43.353146,-3.9495175,False,470156
2026-09-13T07:45:24Z,14020,,1,65000,65400,40.212067,0.19918443,False,470115
2026-09-13T07:45:24Z,71850,,8,14223,15211,43.307823,-4.231833,False,524021
2026-09-13T07:45:24Z,18061,,2,10000,11505,40.626198,-4.007962,False,449051
2026-09-13T07:45:24Z,03982,,0,03216,51003,39.550297,-1.5066469,False,112008
2026-09-13T07:45:24Z,00631,,0,30100,04040,42.37326,-3.6570354,True,121023
2026-09-13T07:45:24Z,02096,,2,60000,51003,39.250713,-3.8817163,False,112019
2026-09-13T07:45:24Z,12526,,0,22308,31412,42.415733,-8.636548,False,599034
2026-09-13T07:45:24Z,02093,,3,54413,60000,36.901318,-4.7224045,True,"102005,102007"
2026-09-13T07:45:24Z,02494,,4,60000,51003,40.138916,-3.7699852,False,121027
2026-09-13T07:45:24Z,12641,,18,20300,31412,43.1579,-8.202026,False,594105
2026-09-13T07:45:24Z,15633,,1,78600,78400,41.646217,1.078644,False,447096
2026-09-13T07:45:24Z,15632,,1,78400,78600,41.720253,1.8165283,False,447154
2026-09-13T07:45:24Z,02091,,1,51003,60000,37.53909,-5.8742967,False,100002
2026-09-13T07:45:24Z,18900,,6,30100,10000,40.585213,-4.1321983,False,599019
2026-09-13T07:45:24Z,05080,,-3,17000,03216,39.512814,-1.7214587,True,"112017,112024"
2026-09-13T07:45:24Z,17812,,8,37311,37606,38.92186,-6.689339,False,599021
2026-09-13T07:45:24Z,12644,,8,31412,22100,42.60179,-7.4824176,False,594011
2026-09-13T07:45:24Z,15042,,5,73100,79400,41.20326,1.3810873,False,447181
2026-09-13T07:45:24Z,13020,,7,50500,51003,37.485004,-5.9343224,False,449005
2026-09-13T07:45:24Z,01112,,1,60911,71801,38.504524,-0.80225533,True,130044
2026-09-13T07:45:24Z,18030,,-5,17000,50202,40.15324,-3.6078598,False,"449003,449012"
2026-09-13T07:45:24Z,03930,,5,71801,51003,41.624275,0.6280066,True,"102009,102011"
2026-09-13T07:45:24Z,12614,,0,22200,20200,42.08173,-8.49523,False,440144
2026-09-13T07:45:24Z,04186,,20,13200,17000,42.400658,-3.5405092,True,130009
2026-09-13T07:45:24Z,16019,,-3,11200,80100,42.85163,-2.7461245,False,449035
2026-09-13T07:45:24Z,03092,,3,71801,60000,41.319965,1.1882489,True,103018
2026-09-13T07:45:24Z,03093,,0,60000,04307,40.40328,-3.4983723,True,103012
2026-09-13T07:45:24Z,17501,,20,79400,71300,41.262306,1.9288616,False,447175
2026-09-13T07:45:24Z,13030,,9,51003,51405,36.75603,-6.062259,False,449021
2026-09-13T07:45:24Z,16020,,0,80100,71100,42.566917,-1.6456673,False,464231
2026-09-13T07:45:24Z,18324,,-12,30100,10600,40.971676,-5.648387,False,599028
2026-09-13T07:45:24Z,18049,,17,60600,17000,40.011967,-3.670169,False,"449036,449044"
2026-09-13T07:45:24Z,14123,,1,65000,61200,38.2721,-0.6951361,False,599006
2026-09-13T07:45:24Z,18321,,1,31200,10600,41.33481,-5.0766726,False,599042
2026-09-13T07:45:24Z,08815,,4,54413,05000,36.975445,-4.7341866,False,102008
2026-09-13T07:45:24Z,01101,,5,04307,60911,41.707615,2.5209033,True,"130031,130033"
2026-09-13T07:45:24Z,00533,,6,11500,71801,42.38553,-1.6425575,True,120012
2026-09-13T07:45:24Z,05668,,4,17000,61200,38.043056,-1.0019971,False,106012
2026-09-13T07:45:24Z,02270,,5,60000,51003,37.686954,-5.467829,False,103010
2026-09-13T07:45:24Z,03083,,-3,60000,71801,41.557804,-1.3344829,True,"103006,103021"
2026-09-13T07:45:24Z,15854,,1,79315,71801,41.9355,2.8094895,False,447178
2026-09-13T07:45:24Z,03082,,30,71801,60000,41.615604,0.2505447,True,100017
2026-09-13T07:45:24Z,08093,,0,92102,60000,40.31489,-3.6500754,False,114003
2026-09-13T08:00:47Z,71800,,3,05193,21010,43.517235,-8.161411,False,527021
2026-09-13T08:00:47Z,15780,,-1,79309,71801,42.104336,2.960112,False,"449020,449029"
2026-09-13T08:00:47Z,13084,,-2,42008,43019,37.260498,-6.917258,False,598011
2026-09-13T08:00:47Z,18775,,67,35400,51003,38.9215,-6.342831,False,599047
2026-09-13T08:00:47Z,17203,,2,10400,10600,41.64118,-4.72868,False,440235
2026-09-13T08:00:47Z,17044,,6,60400,37200,38.97246,-3.8995435,False,449025
2026-09-13T08:00:47Z,18093,,3,79400,65400,41.243034,1.8679206,False,"470095,470116"
2026-09-13T08:00:47Z,01092,,2,60911,71801,40.04946,0.045164037,True,130028
2026-09-13T08:00:47Z,03272,,-1,74200,60000,40.893356,-2.7133045,False,112014
2026-09-13T08:00:47Z,04086,,5,11500,17000,42.941307,-2.2817736,False,130005
2026-09-13T08:00:47Z,04080,,-1,15410,17000,43.09626,-5.8258343,True,130004
2026-09-13T08:00:47Z,13005,,-4,51405,51003,37.287285,-5.9234586,False,449048
2026-09-13T08:00:47Z,13003,,5,51003,50500,37.79894,-5.1374445,False,449013
2026-09-13T08:00:47Z,18018,,-1,60400,65000,38.867657,-1.1055931,False,470118
2026-09-13T08:00:47Z,09093,,1,31412,08223,42.58463,-8.733341,False,121007
2026-09-13T08:00:47Z,15032,,3,71300,79400,41.105927,0.7867217,False,449022
2026-09-13T08:00:47Z,71811,,8,21010,15211,43.686348,-7.84965,False,527015
2026-09-13T08:00:47Z,00438,,4,71801,81100,41.617718,0.6372101,True,120053
2026-09-13T08:00:47Z,15311,,-3,71300,04040,41.22487,0.35099548,False,448002
2026-09-13T08:00:47Z,13099,,0,51003,43019,37.390923,-6.55968,False,449015
2026-09-13T08:00:47Z,12681,,2,21010,31412,43.284237,-8.215845,False,594102
2026-09-13T08:00:47Z,15034,,3,71400,79400,41.20144,1.6637565,False,449032
2026-09-13T08:00:47Z,16001,,2,11200,11505,43.06421,-2.1688023,False,449057
2026-09-13T08:00:47Z,03304,,-1,71801,60000,41.332386,2.0945323,False,103026
2026-09-13T08:00:47Z,03943,,7,51003,71801,38.258686,-4.57255,False,"102013,112013"
2026-09-13T08:00:47Z,04114,,-2,20309,17000,40.578632,-3.7095912,True,730025
2026-09-13T08:00:47Z,08312,,0,60600,60000,40.027832,-2.7186167,False,104002
2026-09-13T08:00:47Z,08275,,0,51003,05000,37.17838,-4.0897737,False,104012
2026-09-13T08:00:47Z,71820,,3,05571,15211,43.38804,-5.6649175,False,433005
2026-09-13T08:00:47Z,18074,,3,81200,71100,41.658775,-0.9107285,False,470203
2026-09-13T08:00:47Z,00622,,6,71801,08223,41.405987,1.0584087,True,130037
2026-09-13T08:00:47Z,00621,,-7,08223,71801,42.485912,-7.5779014,True,130010
2026-09-13T08:00:47Z,13903,,-1,54413,51003,36.891407,-4.739716,False,598005
2026-09-13T08:00:47Z,13901,,12,54413,51003,37.268234,-5.5485053,False,599039
2026-09-13T08:00:47Z,02082,,5,60000,54413,38.21512,-4.528625,True,103019
2026-09-13T08:00:47Z,15804,,2,71801,79315,41.438473,2.1942096,False,"449026,449030"
2026-09-13T08:00:47Z,13902,,10,51003,54413,37.23503,-5.1157875,False,598021
2026-09-13T08:00:47Z,02087,,3,56310,60000,37.421013,-3.3153334,True,730018
2026-09-13T08:00:47Z,15006,,0,71400,79400,41.120365,1.2765089,False,"447055,447170"
2026-09-13T08:00:47Z,17705,,-1,35200,18000,40.323563,-3.77586,False,599027
2026-09-13T08:00:47Z,15005,,1,79400,71400,41.383183,2.1495652,False,"447034,447167"
2026-09-13T08:00:47Z,15648,,5,04040,74217,42.58207,-0.5412273,False,594008
2026-09-13T08:00:47Z,18912,,3,30100,10000,40.931698,-5.2579937,False,599041
2026-09-13T08:00:47Z,14437,,1,65312,65300,40.441475,0.42765722,False,"447007,447018"
2026-09-13T08:00:47Z,15800,,11,71801,79315,42.330025,3.1058095,False,449042
2026-09-13T08:00:47Z,71831,,7,15211,14223,43.38749,-5.188415,False,527031
2026-09-13T08:00:47Z,71830,,3,15211,21010,43.55949,-6.234568,False,529004
2026-09-13T08:00:47Z,18122,,-2,65400,79400,41.07777,1.0338393,False,449034
2026-09-13T08:00:47Z,18002,,48,11000,10000,41.424442,-4.8003683,False,449039
2026-09-13T08:00:47Z,18123,,-5,79400,65400,40.796654,0.5232071,False,"448006,448016"
2026-09-13T08:00:47Z,00299,,0,37606,17000,39.68618,-6.4610767,False,730021
2026-09-13T08:00:47Z,00697,,-9,71801,50202,40.132465,0.15420455,True,130030
2026-09-13T08:00:47Z,04898,,24,30100,17000,40.909847,-4.093369,True,121021
2026-09-13T08:00:47Z,02074,,-10,60000,51405,37.447025,-5.9618087,True,120059
2026-09-13T08:00:47Z,02073,,4,54413,60000,40.006508,-3.8314607,True,"102002,102003"
2026-09-13T08:00:47Z,02072,,3,60000,05000,37.073277,-4.7202344,True,"102006,102015"
2026-09-13T08:00:47Z,02071,,9,51003,60000,40.300884,-3.6657991,True,100004
2026-09-13T08:00:47Z,05102,,4,17000,60911,40.401062,-3.6840458,True,112016
2026-09-13T08:00:47Z,08297,,4,71801,04307,41.691402,2.4678183,True,120002
2026-09-13T08:00:47Z,02075,,18,51405,60000,38.664032,-4.1858115,True,130034
2026-09-13T08:00:47Z,08694,,9,54413,51003,37.35948,-4.82253,False,104017
2026-09-13T08:00:47Z,04494,,0,08223,17000,42.421665,-8.635515,False,106055
2026-09-13T08:00:47Z,04091,,-3,17000,16403,41.377766,-4.7837987,True,130007
2026-09-13T08:00:47Z,12421,,3,31412,22308,43.16675,-8.453755,False,599018
2026-09-13T08:00:47Z,08295,,0,51003,05000,37.439728,-5.957871,False,104010
2026-09-13T08:00:47Z,15655,,2,74217,04040,42.58207,-0.5412273,False,"594004,594008"
2026-09-13T08:00:47Z,13079,,5,50500,51003,37.718216,-5.292844,False,449010
2026-09-13T08:00:47Z,18921,,5,10000,30110,40.65696,-4.683043,False,599013
2026-09-13T08:00:47Z,18008,,4,10000,10600,40.518368,-3.8797448,False,449009
2026-09-13T08:00:47Z,18331,,3,37606,60400,38.740387,-4.7302876,False,599004
2026-09-13T08:00:47Z,15906,,2,71801,79315,41.80752,2.745101,False,447062
2026-09-13T08:00:47Z,13208,,0,50413,50502,37.912563,-4.7212715,False,446060
2026-09-13T08:00:47Z,09730,,3,87089,60000,43.378006,3.631685,False,100020
2026-09-13T08:00:47Z,03073,,-5,60000,04307,41.62094,0.6328373,True,103002
2026-09-13T08:00:47Z,05890,,3,60000,65300,40.201427,-3.7496629,False,100007
2026-09-13T08:00:47Z,05093,,0,60911,17000,38.58522,-0.87410784,True,106008
2026-09-13T08:00:47Z,05092,,-3,17000,60911,40.03411,-2.1439338,False,112018
2026-09-13T08:00:47Z,05095,,0,03216,17000,39.523388,-1.137856,False,106011
2026-09-13T08:00:47Z,18102,,0,14223,14107,43.327454,-4.0425653,False,470156
2026-09-13T08:00:47Z,14020,,2,65000,65400,40.394417,0.34673855,False,470115
2026-09-13T08:00:47Z,71850,,8,14223,15211,43.307823,-4.231833,False,524021
2026-09-13T08:00:47Z,18061,,3,10000,11505,40.536648,-4.195345,False,449051
2026-09-13T08:00:47Z,03982,,-2,03216,51003,39.808823,-1.9937432,False,112008
2026-09-13T08:00:47Z,00631,,-2,30100,04040,42.452805,-3.4518602,True,121023
2026-09-13T08:00:47Z,02096,,1,60000,51003,38.940487,-3.9422586,False,112019
2026-09-13T08:00:47Z,12526,,1,22308,31412,42.547245,-8.650213,False,599034
2026-09-13T08:00:47Z,02093,,5,54413,60000,37.208492,-4.7199993,True,"102005,102007"
2026-09-13T08:00:47Z,02494,,2,60000,51003,39.643288,-3.8015695,False,121027
2026-09-13T08:00:47Z,12641,,21,20300,31412,43.254982,-8.201016,False,594105
2026-09-13T08:00:47Z,15633,,-1,78600,78400,41.63192,0.89471,False,447096
2026-09-13T08:00:47Z,02091,,1,51003,60000,37.763435,-5.2495475,False,100002
2026-09-13T08:00:47Z,18900,,4,30100,10000,40.51265,-3.875859,False,599019
2026-09-13T08:00:47Z,05080,,-4,17000,03216,39.461563,-0.9399959,True,"112017,112024"
2026-09-13T08:00:47Z,17812,,10,37311,37606,38.890736,-6.9816666,False,599021
2026-09-13T08:00:47Z,12644,,7,31412,22100,42.529694,-7.5031543,False,594011
2026-09-13T08:00:47Z,15042,,7,73100,79400,41.186947,1.5324583,False,447181
2026-09-13T08:00:47Z,15041,,0,73003,78400,41.57812,0.69796735,False,447110
2026-09-13T08:00:47Z,18030,,-2,17000,50202,40.03358,-3.6186879,False,"449003,449012"
2026-09-13T08:00:47Z,01112,,1,60911,71801,38.71873,-0.96183467,True,130044
2026-09-13T08:00:47Z,03930,,5,71801,51003,41.534355,0.045116346,True,"102009,102011"
2026-09-13T08:00:47Z,12614,,-2,22200,20200,42.106926,-8.300051,False,440144
2026-09-13T08:00:47Z,05312,,3,15100,60911,42.45415,-5.4466877,False,112001
2026-09-13T08:00:47Z,04186,,26,13200,17000,42.371,-3.6662495,True,130009
2026-09-13T08:00:47Z,16019,,-5,11200,80100,42.852295,-2.5461855,False,449035
2026-09-13T08:00:47Z,03092,,7,71801,60000,41.544075,0.7677553,True,103018
2026-09-13T08:00:47Z,03093,,0,60000,04307,40.43167,-3.3628478,True,103012
2026-09-13T08:00:47Z,17501,,21,79400,71300,41.208427,1.7072004,False,447175
2026-09-13T08:00:47Z,14515,,7,61307,61200,37.976032,-1.0885359,False,592017
2026-09-13T08:00:47Z,13030,,11,51003,51405,36.680096,-6.1262903,False,449021
2026-09-13T08:00:47Z,18324,,0,30100,10600,40.971676,-5.648387,False,599028
2026-09-13T08:00:47Z,16020,,-1,80100,71100,42.391777,-1.6396161,False,464231
2026-09-13T08:00:47Z,18049,,18,60600,17000,40.1885,-3.656602,False,"449036,449044"
2026-09-13T08:00:47Z,14123,,1,65000,61200,38.209553,-0.80633974,False,599006
2026-09-13T08:00:47Z,18321,,0,31200,10600,41.367634,-4.8355727,False,599042
2026-09-13T08:00:47Z,01101,,5,04307,60911,41.449722,2.1971135,True,"130031,130033"
2026-09-13T08:00:47Z,08815,,3,54413,05000,37.127346,-4.3579583,False,102008
2026-09-13T08:00:47Z,00533,,17,11500,71801,42.334488,-1.7173347,True,120012
2026-09-13T08:00:47Z,02270,,-1,60000,51003,37.424828,-5.9502277,False,103010
2026-09-13T08:00:47Z,03083,,-5,60000,71801,41.658745,-0.91212666,True,"103006,103021"
2026-09-13T08:00:47Z,15854,,1,79315,71801,41.807484,2.7450244,False,447178
2026-09-13T08:00:47Z,12101,,5,15004,15410,42.80397,-5.626563,False,470014
2026-09-13T08:00:47Z,08098,,1,10600,17000,41.632828,-4.7359443,False,"114001,114008"
2026-09-13T08:00:47Z,03082,,31,71801,60000,41.5361,-0.47760725,True,100017
2026-09-13T08:00:47Z,13953,,0,56310,05000,37.090996,-2.5791717,False,599020
2026-09-13T08:15:30Z,15780,,1,79309,71801,42.005657,2.825823,False,"449020,449029"
2026-09-13T08:15:30Z,18775,,60,35400,51003,38.862087,-6.377661,False,599047
2026-09-13T08:15:30Z,17203,,2,10400,10600,41.64204,-4.7268705,False,440235
2026-09-13T08:15:30Z,18093,,5,79400,65400,41.219936,1.7309104,False,"470095,470116"
2026-09-13T08:15:30Z,01092,,1,60911,71801,40.27618,0.23077957,True,130028
2026-09-13T08:15:30Z,03272,,0,74200,60000,40.6771,-3.0654154,False,112014
2026-09-13T08:15:30Z,04086,,7,11500,17000,42.866005,-2.329239,False,130005
2026-09-13T08:15:30Z,04080,,-1,15410,17000,42.752377,-5.640782,True,130004
2026-09-13T08:15:30Z,13005,,2,51405,51003,37.332706,-5.9640045,False,449048
2026-09-13T08:15:30Z,13003,,6,51003,50500,37.844227,-4.9267135,False,449013
2026-09-13T08:15:30Z,18018,,3,60400,65000,38.765453,-0.95414275,False,470118
2026-09-13T08:15:30Z,09093,,2,31412,08223,42.419907,-8.635828,False,121007
2026-09-13T08:15:30Z,71811,,8,21010,15211,43.686348,-7.84965,False,527015
2026-09-13T08:15:30Z,15032,,13,71300,79400,41.131023,0.8115915,False,449022
2026-09-13T08:15:30Z,00438,,6,71801,81100,41.617523,0.31447613,True,120053
2026-09-13T08:15:30Z,13099,,-1,51003,43019,37.320694,-6.7910647,False,449015
2026-09-13T08:15:30Z,12681,,2,21010,31412,43.27072,-8.225962,False,594102
2026-09-13T08:15:30Z,15311,,0,71300,04040,41.21371,0.24228084,False,448002
2026-09-13T08:15:30Z,15034,,7,71400,79400,41.237476,1.8183815,False,449032
2026-09-13T08:15:30Z,16001,,-1,11200,11505,43.1459,-2.07262,False,449057
2026-09-13T08:15:30Z,03304,,-1,71801,60000,41.353035,1.7106504,False,103026
2026-09-13T08:15:30Z,03943,,9,51003,71801,38.62814,-4.371837,False,"102013,112013"
2026-09-13T08:15:30Z,08312,,-2,60600,60000,39.950603,-3.389522,False,104002
2026-09-13T08:15:30Z,08275,,-2,51003,05000,37.242672,-3.748264,False,104012
2026-09-13T08:15:30Z,04072,,2,14223,60911,41.64204,-4.7268705,True,130038
2026-09-13T08:15:30Z,71820,,1,05571,15211,43.379597,-5.7921753,False,433005
2026-09-13T08:15:30Z,00622,,4,71801,08223,41.620674,0.6331941,True,130037
2026-09-13T08:15:30Z,00621,,-6,08223,71801,42.53005,-7.503046,True,130010
2026-09-13T08:15:30Z,13903,,2,54413,51003,36.93026,-4.7834115,False,598005
2026-09-13T08:15:30Z,13901,,4,54413,51003,37.287285,-5.9234576,False,599039
2026-09-13T08:15:30Z,02082,,4,60000,54413,37.89721,-4.770529,True,103019
2026-09-13T08:15:30Z,13902,,10,51003,54413,37.23373,-5.1149993,False,598021
2026-09-13T08:15:30Z,15804,,2,71801,79315,41.591698,2.290326,False,"449026,449030"
2026-09-13T08:15:30Z,02087,,2,56310,60000,37.40398,-3.5076125,True,730018
2026-09-13T08:15:30Z,15006,,2,71400,79400,41.149216,1.4223194,False,"447055,447170"
2026-09-13T08:15:30Z,17705,,5,35200,18000,40.363743,-3.6784773,False,599027
2026-09-13T08:15:30Z,15005,,-1,79400,71400,41.313988,2.0410278,False,"447034,447167"
2026-09-13T08:15:30Z,15648,,16,04040,74217,42.577724,-0.5384163,False,594008
2026-09-13T08:15:30Z,14437,,2,65312,65300,40.310123,0.2310202,False,"447007,447018"
2026-09-13T08:15:30Z,18912,,4,30100,10000,40.868378,-5.0477734,False,599041
2026-09-13T08:15:30Z,15800,,11,71801,79315,42.26509,2.9689703,False,449042
2026-09-13T08:15:30Z,71831,,7,15211,14223,43.38749,-5.188415,False,527031
2026-09-13T08:15:30Z,71830,,7,15211,21010,43.537888,-6.5364127,False,529004
2026-09-13T08:15:30Z,18122,,0,65400,79400,41.112434,1.1517032,False,449034
2026-09-13T08:15:30Z,18002,,46,11000,10000,41.262817,-4.8716507,False,449039
2026-09-13T08:15:30Z,00299,,-1,37606,17000,39.95129,-6.151184,False,730021
2026-09-13T08:15:30Z,18081,,7,37200,60911,38.96693,-3.874792,False,449025
2026-09-13T08:15:30Z,00697,,-9,71801,50202,39.988197,-0.052047238,True,130030
2026-09-13T08:15:30Z,04898,,25,30100,17000,40.747818,-3.7400308,True,121021
2026-09-13T08:15:30Z,02074,,-4,60000,51405,37.393562,-5.9737315,True,120059
2026-09-13T08:15:30Z,02073,,-1,54413,60000,40.374645,-3.6808271,True,"102002,102003"
2026-09-13T08:15:30Z,02072,,6,60000,05000,37.09741,-4.464079,True,102015
2026-09-13T08:15:30Z,05102,,6,17000,60911,40.17543,-3.7399757,True,112016
2026-09-13T08:15:30Z,08297,,4,71801,04307,41.95671,2.8076613,True,120002
2026-09-13T08:15:30Z,02075,,20,51405,60000,38.843697,-4.0297008,True,130034
2026-09-13T08:15:30Z,08694,,7,54413,51003,37.74505,-5.0191903,False,104017
2026-09-13T08:15:30Z,04494,,0,08223,17000,42.58912,-8.740476,False,106055
2026-09-13T08:15:30Z,04091,,-4,17000,16403,41.64208,-4.7267804,True,130007
2026-09-13T08:15:30Z,12421,,5,31412,22308,42.969868,-8.472346,False,599018
2026-09-13T08:15:30Z,08295,,-1,51003,05000,37.69031,-5.454135,False,104010
2026-09-13T08:15:30Z,15655,,2,74217,04040,42.520264,-0.373373,False,"594004,594008"
2026-09-13T08:15:30Z,13079,,6,50500,51003,37.697372,-5.412569,False,449010
2026-09-13T08:15:30Z,18921,,8,10000,30110,40.74979,-4.762281,False,599013
2026-09-13T08:15:30Z,18008,,4,10000,10600,40.62334,-3.9987915,False,449009
2026-09-13T08:15:30Z,18331,,3,37606,60400,38.740387,-4.7302876,False,599004
2026-09-13T08:15:30Z,15906,,1,71801,79315,41.944214,2.8045387,False,447062
2026-09-13T08:15:30Z,13208,,1,50413,50502,37.867188,-4.850265,False,446060
2026-09-13T08:15:30Z,09730,,3,87089,60000,43.324463,3.2645516,False,100020
2026-09-13T08:15:30Z,03073,,0,60000,04307,41.417847,0.9737376,True,103002
2026-09-13T08:15:30Z,05890,,1,60000,65300,39.962,-3.3364458,False,100007
2026-09-13T08:15:30Z,05093,,0,60911,17000,38.874107,-1.1725738,True,106008
2026-09-13T08:15:30Z,05092,,0,17000,60911,39.780567,-1.9761357,False,112018
2026-09-13T08:15:30Z,05095,,0,03216,17000,39.514732,-1.7407869,False,106011
2026-09-13T08:15:30Z,18102,,4,14223,14107,43.255165,-4.0637507,False,470156
2026-09-13T08:15:30Z,14020,,3,65000,65400,40.471718,0.45551574,False,470115
2026-09-13T08:15:30Z,71850,,19,14223,15211,43.42085,-4.758936,False,527031
2026-09-13T08:15:30Z,18061,,5,10000,11505,40.55664,-4.315902,False,449051
2026-09-13T08:15:30Z,18183,,0,60911,37200,38.34467,-0.49552664,False,449043
2026-09-13T08:15:30Z,03982,,2,03216,51003,40.040234,-2.152592,False,112008
2026-09-13T08:15:30Z,00631,,0,30100,04040,42.623863,-3.2095692,True,121023
2026-09-13T08:15:30Z,02096,,7,60000,51003,38.691895,-4.111723,False,112019
2026-09-13T08:15:30Z,12526,,1,22308,31412,42.66137,-8.736402,False,599034
2026-09-13T08:15:30Z,02093,,8,54413,60000,37.42279,-4.8601995,True,"102005,102007"
2026-09-13T08:15:30Z,02494,,1,60000,51003,39.107758,-3.884234,False,121027
2026-09-13T08:15:30Z,12641,,18,20300,31412,43.286663,-8.348398,False,594105
2026-09-13T08:15:30Z,15633,,0,78600,78400,41.61645,0.639003,False,447096
2026-09-13T08:15:30Z,02091,,-2,51003,60000,37.887737,-4.791058,False,100002
2026-09-13T08:15:30Z,18900,,-1,30100,10000,40.44858,-3.7855604,False,599019
2026-09-13T08:15:30Z,05080,,-5,17000,03216,39.45244,-0.38204083,True,"112017,112024"
2026-09-13T08:15:30Z,12644,,2,31412,22100,42.475327,-7.6052146,False,594011
2026-09-13T08:15:30Z,15042,,9,73100,79400,41.21945,1.7373445,False,447181
2026-09-13T08:15:30Z,18033,,5,50202,17000,38.644566,-3.451364,False,449002
2026-09-13T08:15:30Z,13020,,4,51003,51405,37.321503,-5.9642534,False,449005
2026-09-13T08:15:30Z,04505,,1,17000,08223,40.594463,-3.717128,False,106065
2026-09-13T08:15:30Z,01112,,1,60911,71801,38.85719,-0.7948671,True,130044
2026-09-13T08:15:30Z,18030,,0,17000,50202,39.880276,-3.7294223,False,"449003,449012"
2026-09-13T08:15:30Z,03930,,6,71801,51003,41.53643,-0.72330993,True,"102009,102011"
2026-09-13T08:15:30Z,12614,,0,22200,20200,42.106926,-8.300051,False,440144
2026-09-13T08:15:30Z,05312,,0,15100,60911,42.169853,-4.7436943,False,112001
2026-09-13T08:15:30Z,16019,,-1,11200,80100,42.85184,-2.377564,False,449035
2026-09-13T08:15:30Z,03092,,8,71801,60000,41.55572,0.07303963,True,103018
2026-09-13T08:15:30Z,03093,,20,60000,04307,40.57414,-3.1417434,True,103012
2026-09-13T08:15:30Z,17501,,23,79400,71300,41.174393,1.4968293,False,447175
2026-09-13T08:15:30Z,13030,,15,51003,51405,36.53266,-6.1894894,False,449021
2026-09-13T08:15:30Z,16020,,-2,80100,71100,42.251904,-1.7372949,False,464231
2026-09-13T08:15:30Z,18324,,-6,30100,10600,41.134163,-5.1836886,False,599028
2026-09-13T08:15:30Z,18049,,11,60600,17000,40.386326,-3.6770089,False,"449036,449044"
2026-09-13T08:15:30Z,14123,,0,65000,61200,38.10112,-0.9050483,False,599006
2026-09-13T08:15:30Z,18321,,0,31200,10600,41.52407,-4.754683,False,599042
2026-09-13T08:15:30Z,08815,,4,54413,05000,37.175167,-4.149241,False,102008
2026-09-13T08:15:30Z,01101,,6,04307,60911,41.379074,2.139723,True,"130031,130033"
2026-09-13T08:15:30Z,00533,,11,11500,71801,42.17199,-1.6903592,True,120012
2026-09-13T08:15:30Z,09107,,1,61200,60911,37.9789,-1.0849732,False,104014
2026-09-13T08:15:30Z,02270,,-1,60000,51003,37.39351,-5.9730387,False,103010
2026-09-13T08:15:30Z,03083,,3,60000,71801,41.64863,-0.8939874,True,"103006,103021"
2026-09-13T08:15:30Z,09101,,0,31412,22100,43.174046,-8.452813,False,121004
2026-09-13T08:15:30Z,12101,,3,15004,15410,42.874985,-5.639473,False,470014
2026-09-13T08:15:30Z,15854,,1,79315,71801,41.726505,2.5687318,False,447178
2026-09-13T08:15:30Z,08098,,0,10600,17000,41.268047,-4.672819,False,"114001,114008"
2026-09-13T08:15:30Z,03082,,29,71801,60000,41.658295,-0.9105205,True,100017
2026-09-13T08:15:30Z,13953,,-1,56310,05000,37.168068,-2.7638183,False,599020
2026-09-13T08:30:38Z,15780,,2,79309,71801,41.845753,2.804914,False,"449020,449029"
2026-09-13T08:30:38Z,18775,,60,35400,51003,38.655457,-6.379601,False,599047
2026-09-13T08:30:38Z,17203,,2,10400,10600,41.64204,-4.7268705,False,440235
2026-09-13T08:30:38Z,18093,,7,79400,65400,41.185974,1.524699,False,"470095,470116"
2026-09-13T08:30:38Z,01092,,-1,60911,71801,40.51207,0.4516062,True,130028
2026-09-13T08:30:38Z,03272,,-1,74200,60000,40.426216,-3.3860254,False,112014
2026-09-13T08:30:38Z,04086,,6,11500,17000,42.841232,-2.672023,False,130005
2026-09-13T08:30:38Z,04087,,-2,11200,11500,42.844868,-2.7648497,True,120056
2026-09-13T08:30:38Z,04080,,-4,15410,17000,42.59636,-5.58286,True,130004
2026-09-13T08:30:38Z,18018,,5,60400,65000,38.845314,-0.8401309,False,470118
2026-09-13T08:30:38Z,15032,,12,71300,79400,41.143715,0.9208213,False,449022
2026-09-13T08:30:38Z,71811,,8,21010,15211,43.686348,-7.84965,False,527015
2026-09-13T08:30:38Z,00438,,5,71801,81100,41.531776,-0.3404846,True,120053
2026-09-13T08:30:38Z,15311,,-1,71300,04040,41.229523,0.07619251,False,448002
2026-09-13T08:30:38Z,12681,,20,21010,31412,43.27072,-8.225962,False,594102
2026-09-13T08:30:38Z,15034,,7,71400,79400,41.31439,2.04219,False,449032
2026-09-13T08:30:38Z,16001,,-1,11200,11505,43.18917,-2.0554664,False,449057
2026-09-13T08:30:38Z,03304,,0,71801,60000,41.19212,1.2710602,False,103026
2026-09-13T08:30:38Z,03943,,11,51003,71801,38.79813,-4.072595,False,"102013,112013"
2026-09-13T08:30:38Z,05962,,6,17000,61200,40.147556,-3.7053068,False,106010
2026-09-13T08:30:38Z,03303,,0,60000,71801,40.401382,-3.6824121,False,103009
2026-09-13T08:30:38Z,04475,,1,17000,08223,42.239613,-7.770652,False,106060
2026-09-13T08:30:38Z,08312,,-9,60600,60000,40.165424,-3.727536,False,104002
2026-09-13T08:30:38Z,04072,,3,14223,60911,41.28063,-4.690859,True,130038
2026-09-13T08:30:38Z,10303,,2,54405,54403,36.83356,-4.6984053,False,464220
2026-09-13T08:30:38Z,08109,,-1,17000,10600,40.765068,-3.7604947,False,"114004,114009"
2026-09-13T08:30:38Z,00622,,7,71801,08223,41.626038,0.448372,True,130037
2026-09-13T08:30:38Z,00621,,1,08223,71801,42.51365,-7.354886,True,130010
2026-09-13T08:30:38Z,04143,,1,60911,14223,38.34696,-0.50403404,True,130042
2026-09-13T08:30:38Z,13903,,5,54413,51003,37.043762,-4.7231617,False,598005
2026-09-13T08:30:38Z,08103,,1,92102,60000,39.885677,-3.9335277,False,104008
2026-09-13T08:30:38Z,13901,,8,54413,51003,37.360786,-5.9749665,False,599039
2026-09-13T08:30:38Z,02082,,2,60000,54413,37.70366,-5.008843,True,103019
2026-09-13T08:30:38Z,15804,,-6,71801,79315,41.68584,2.4910564,False,"449026,449030"
2026-09-13T08:30:38Z,13902,,11,51003,54413,37.156403,-4.782609,False,598021
2026-09-13T08:30:38Z,08101,,10,37700,60000,38.984814,-3.9125636,False,104003
2026-09-13T08:30:38Z,08102,,5,60000,92102,40.406086,-3.690862,False,"114011,114013"
2026-09-13T08:30:38Z,02087,,1,56310,60000,37.269676,-3.6613007,True,730018
2026-09-13T08:30:38Z,08100,,7,60000,37700,40.22111,-3.7477007,False,104015
2026-09-13T08:30:38Z,15006,,2,71400,79400,41.204494,1.6776745,False,"447055,447170"
2026-09-13T08:30:38Z,15005,,8,79400,71400,41.28505,1.9872066,False,"447034,447167"
2026-09-13T08:30:38Z,18912,,5,30100,10000,40.80397,-4.8717394,False,599041
2026-09-13T08:30:38Z,14437,,3,65312,65300,40.1919,0.17841214,False,"447007,447018"
2026-09-13T08:30:38Z,71831,,0,15211,14223,43.42085,-4.758936,False,527031
2026-09-13T08:30:38Z,71830,,7,15211,21010,43.537888,-6.5364127,False,529004
2026-09-13T08:30:38Z,18122,,1,65400,79400,41.118603,1.2719183,False,449034
2026-09-13T08:30:38Z,18002,,49,11000,10000,41.07921,-4.7228413,False,449039
2026-09-13T08:30:38Z,00299,,0,37606,17000,39.93761,-6.101189,False,730021
2026-09-13T08:30:38Z,18081,,7,37200,60911,38.977398,-3.6540642,False,449025
2026-09-13T08:30:38Z,00697,,-5,71801,50202,39.9882,-0.052046716,True,130030
2026-09-13T08:30:38Z,02074,,3,60000,51405,37.32731,-5.9640617,True,120059
2026-09-13T08:30:38Z,02072,,5,60000,05000,37.174034,-4.1624565,True,102015
2026-09-13T08:30:38Z,05102,,2,17000,60911,39.982418,-3.113895,True,112016
2026-09-13T08:30:38Z,08297,,3,71801,04307,42.23501,2.949839,True,120002
2026-09-13T08:30:38Z,02075,,20,51405,60000,39.148357,-3.866903,True,130034
2026-09-13T08:30:38Z,08694,,3,54413,51003,37.88872,-4.7899184,False,104017
2026-09-13T08:30:38Z,04494,,1,08223,17000,42.764328,-8.669493,False,106055
2026-09-13T08:30:38Z,04091,,-1,17000,16403,41.832924,-4.5332956,True,130007
2026-09-13T08:30:38Z,08295,,-6,51003,05000,37.855595,-4.889002,False,104010
2026-09-13T08:30:38Z,12421,,3,31412,22308,42.862823,-8.586772,False,599018
2026-09-13T08:30:38Z,15655,,2,74217,04040,42.27187,-0.6841762,False,"594004,594008"
2026-09-13T08:30:38Z,13079,,7,50500,51003,37.616356,-5.5976186,False,449010
2026-09-13T08:30:38Z,18921,,9,10000,30110,40.80397,-4.8717413,False,599013
2026-09-13T08:30:38Z,18008,,4,10000,10600,40.543655,-4.1465116,False,449009
2026-09-13T08:30:38Z,15063,,0,79400,65411,41.379074,2.139723,False,470071
2026-09-13T08:30:38Z,18331,,3,37606,60400,38.660248,-4.2177134,False,599004
2026-09-13T08:30:38Z,15906,,2,71801,79315,42.032753,2.8975947,False,447062
2026-09-13T08:30:38Z,09730,,3,87089,60000,43.210594,3.0261266,False,100020
2026-09-13T08:30:38Z,03073,,2,60000,04307,41.193222,1.2648957,True,103002
2026-09-13T08:30:38Z,05890,,0,60000,65300,40.04936,-2.5038042,False,100007
2026-09-13T08:30:38Z,05093,,0,60911,17000,38.91017,-1.7524786,True,106008
2026-09-13T08:30:38Z,05092,,0,17000,60911,39.20811,-1.9880321,False,112018
2026-09-13T08:30:38Z,05095,,2,03216,17000,39.91434,-2.0272508,False,106011
2026-09-13T08:30:38Z,15506,,1,04040,78400,41.658775,-0.9107285,False,448007
2026-09-13T08:30:38Z,18102,,6,14223,14107,43.1288,-4.0535483,False,470156
2026-09-13T08:30:38Z,14020,,3,65000,65400,40.59584,0.44947535,False,470115
2026-09-13T08:30:38Z,71850,,19,14223,15211,43.42085,-4.758936,False,527031
2026-09-13T08:30:38Z,18061,,7,10000,11505,40.612247,-4.517642,False,449051
2026-09-13T08:30:38Z,18183,,2,60911,37200,38.404835,-0.6337534,False,449043
2026-09-13T08:30:38Z,03982,,1,03216,51003,40.002686,-2.9359615,False,112008
2026-09-13T08:30:38Z,00631,,3,30100,04040,42.65084,-3.0016956,True,121023
2026-09-13T08:30:38Z,02096,,7,60000,51003,38.58694,-4.4254045,False,112019
2026-09-13T08:30:38Z,12526,,4,22308,31412,42.73561,-8.653362,False,599034
2026-09-13T08:30:38Z,02093,,5,54413,60000,37.837364,-4.9499264,True,"102005,102007"
2026-09-13T08:30:38Z,12641,,18,20300,31412,43.345474,-8.419317,False,594105
2026-09-13T08:30:38Z,02091,,0,51003,60000,37.987305,-4.5767837,False,100002
2026-09-13T08:30:38Z,12644,,-2,31412,22100,42.44088,-7.7487473,False,594011
2026-09-13T08:30:38Z,15042,,6,73100,79400,41.27062,1.9691731,False,447181
2026-09-13T08:30:38Z,18033,,9,50202,17000,38.763256,-3.396128,False,449002
2026-09-13T08:30:38Z,13020,,7,51003,51405,37.183376,-5.790233,False,449005
2026-09-13T08:30:38Z,18030,,0,17000,50202,39.7246,-3.4983282,False,"449003,449012"
2026-09-13T08:30:38Z,01112,,-2,60911,71801,38.989197,-0.531837,True,130044
2026-09-13T08:30:38Z,04505,,0,17000,08223,40.93295,-4.159433,False,106065
2026-09-13T08:30:38Z,03930,,6,71801,51003,41.659245,-0.91243285,True,"102009,102011"
2026-09-13T08:30:38Z,05312,,1,15100,60911,41.994507,-4.5146523,False,112001
2026-09-13T08:30:38Z,12614,,0,22200,20200,42.219833,-8.184751,False,440144
2026-09-13T08:30:38Z,04186,,25,13200,17000,41.89141,-4.5097036,True,130009
2026-09-13T08:30:38Z,16019,,0,11200,80100,42.89346,-2.1670635,False,449035
2026-09-13T08:30:38Z,14512,,1,61200,61307,37.990597,-1.0607129,False,592017
2026-09-13T08:30:38Z,03092,,8,71801,60000,41.51839,-0.70032036,True,103018
2026-09-13T08:30:38Z,03093,,20,60000,04307,40.904232,-2.6857882,True,103012
2026-09-13T08:30:38Z,17501,,22,79400,71300,41.12408,1.2861732,False,447175
2026-09-13T08:30:38Z,13030,,18,51003,51405,36.494385,-6.268117,False,449021
2026-09-13T08:30:38Z,16020,,-4,80100,71100,42.11982,-1.6134013,False,464231
2026-09-13T08:30:38Z,18049,,9,60600,17000,40.46196,-3.6845744,False,"449036,449044"
2026-09-13T08:30:38Z,14123,,-2,65000,61200,37.976665,-1.0878048,False,599006
2026-09-13T08:30:38Z,01101,,7,04307,60911,41.33379,2.0985653,True,"130031,130033"
2026-09-13T08:30:38Z,08815,,2,54413,05000,37.231853,-3.9868667,False,102008
2026-09-13T08:30:38Z,00533,,6,11500,71801,42.059517,-1.5976725,True,120012
2026-09-13T08:30:38Z,09107,,0,61200,60911,38.08766,-0.9291164,False,104014
2026-09-13T08:30:38Z,02270,,-1,60000,51003,37.39347,-5.973088,False,103010
2026-09-13T08:30:38Z,03083,,4,60000,71801,41.53571,-0.40887567,True,"103006,103021"
2026-09-13T08:30:38Z,09101,,-1,31412,22100,42.871,-8.543429,False,121004
2026-09-13T08:30:38Z,15854,,0,79315,71801,41.63221,2.3694122,False,447178
2026-09-13T08:30:38Z,12101,,2,15004,15410,42.984306,-5.7053003,False,470014
2026-09-13T08:30:38Z,08098,,0,10600,17000,40.94529,-4.174407,False,"114001,114008"
2026-09-13T08:30:38Z,03082,,28,71801,60000,41.651333,-1.2977172,True,100017
2026-09-13T08:30:38Z,12623,,5,22100,22200,42.29302,-8.139071,True,470046
2026-09-13T08:30:38Z,13953,,0,56310,05000,37.233604,-2.9844775,False,599020
2026-09-13T08:48:59Z,00605,,-1,60000,80100,40.408092,-3.4864268,True,120055
2026-09-13T08:48:59Z,15780,,1,79309,71801,41.721077,2.5475953,False,"449020,449029"
2026-09-13T08:48:59Z,71801,,0,21010,05193,43.488102,-8.230719,False,527021
2026-09-13T08:48:59Z,18775,,61,35400,51003,38.425964,-6.374882,False,599047
2026-09-13T08:48:59Z,02109,,0,54413,60000,36.854702,-4.689193,False,112020
2026-09-13T08:48:59Z,17203,,2,10400,10600,41.64204,-4.7268705,False,440235
2026-09-13T08:48:59Z,13087,,0,43019,42008,37.25612,-6.9242306,False,598016
2026-09-13T08:48:59Z,02108,,3,60000,54413,40.30375,-3.6617265,False,"112025,112027"
2026-09-13T08:48:59Z,18093,,7,79400,65400,41.142723,1.4057415,False,"470095,470116"
2026-09-13T08:48:59Z,01092,,-4,60911,71801,40.91594,0.8290761,True,130028
2026-09-13T08:48:59Z,03272,,-3,74200,60000,40.40101,-3.6811895,False,112014
2026-09-13T08:48:59Z,04086,,8,11500,17000,42.736965,-2.8744285,False,130005
2026-09-13T08:48:59Z,04087,,3,11200,11500,42.85509,-2.5714319,True,120056
2026-09-13T08:48:59Z,04080,,6,15410,17000,42.54386,-5.572949,True,130004
2026-09-13T08:48:59Z,71811,,12,21010,15211,43.657055,-7.6001716,False,527015
2026-09-13T08:48:59Z,15032,,10,71300,79400,41.146095,1.1174952,False,449022
2026-09-13T08:48:59Z,00438,,3,71801,81100,41.59992,-0.83104146,True,120053
2026-09-13T08:48:59Z,15036,,2,71300,79400,41.1022,0.7810435,False,447026
2026-09-13T08:48:59Z,15311,,1,71300,04040,41.22941,-0.17307195,False,448002
2026-09-13T08:48:59Z,12681,,19,21010,31412,43.31794,-8.368608,False,594102
2026-09-13T08:48:59Z,15034,,4,71400,79400,41.390324,2.1623836,False,449032
2026-09-13T08:48:59Z,03304,,3,71801,60000,41.491226,0.86812615,False,103026
2026-09-13T08:48:59Z,03943,,13,51003,71801,39.14038,-3.8706565,False,"102013,112013"
2026-09-13T08:48:59Z,05962,,2,17000,61200,40.00966,-2.9072487,False,106010
2026-09-13T08:48:59Z,03303,,-1,60000,71801,40.449768,-3.3275127,False,103009
2026-09-13T08:48:59Z,08312,,-8,60600,60000,40.402046,-3.6849973,False,104002
2026-09-13T08:48:59Z,04475,,3,17000,08223,42.321884,-7.852773,False,106060
2026-09-13T08:48:59Z,95513,,15,72305,79100,41.435593,2.1938045,False,"465226,465253"
2026-09-13T08:48:59Z,08109,,1,17000,10600,40.97278,-4.2206,False,"114004,114009"
2026-09-13T08:48:59Z,00622,,7,71801,08223,41.532383,-0.34875116,True,130037
2026-09-13T08:48:59Z,00621,,2,08223,71801,42.4519,-7.249089,True,130010
2026-09-13T08:48:59Z,13903,,10,54413,51003,37.071457,-4.720126,False,598005
2026-09-13T08:48:59Z,04143,,1,60911,14223,38.58557,-0.8742203,True,130042
2026-09-13T08:48:59Z,13904,,5,51003,54413,37.32944,-5.963948,False,"598001,598008"
2026-09-13T08:48:59Z,08103,,1,92102,60000,40.35425,-3.671699,False,104008
2026-09-13T08:48:59Z,02082,,1,60000,54413,37.071495,-4.719931,True,103019
2026-09-13T08:48:59Z,15804,,0,71801,79315,41.771667,2.673145,False,"449026,449030"
2026-09-13T08:48:59Z,13902,,10,51003,54413,37.04474,-4.7224264,False,598021
2026-09-13T08:48:59Z,08101,,11,37700,60000,39.45487,-3.819877,False,104003
2026-09-13T08:48:59Z,02087,,-7,56310,60000,37.183918,-3.609749,True,730018
2026-09-13T08:48:59Z,08100,,3,60000,37700,39.609333,-3.795592,False,104015
2026-09-13T08:48:59Z,15007,,-1,79400,71400,41.389076,2.1943836,False,449028
2026-09-13T08:48:59Z,15006,,5,71400,79400,41.253166,1.900515,False,"447055,447170"
2026-09-13T08:48:59Z,15005,,12,79400,71400,41.21909,1.7474068,False,"447034,447167"
2026-09-13T08:48:59Z,14437,,4,65312,65300,40.03024,0.015886202,False,"447007,447018"
2026-09-13T08:48:59Z,18912,,3,30100,10000,40.72295,-4.7378297,False,599041
2026-09-13T08:48:59Z,71831,,0,15211,14223,43.42085,-4.758936,False,527031
2026-09-13T08:48:59Z,71830,,6,15211,21010,43.536385,-6.7200036,False,529004
2026-09-13T08:48:59Z,18122,,3,65400,79400,41.170486,1.4820963,False,449034
2026-09-13T08:48:59Z,18002,,52,11000,10000,40.778156,-4.61181,False,449039
2026-09-13T08:48:59Z,00299,,-1,37606,17000,39.892117,-5.677609,False,730021
2026-09-13T08:48:59Z,18081,,6,37200,60911,39.001328,-3.3806193,False,449025
2026-09-13T08:48:59Z,00697,,-4,71801,50202,39.738087,-0.22592984,True,130030
2026-09-13T08:48:59Z,02074,,5,60000,51405,37.100838,-5.8530707,True,120059
2026-09-13T08:48:59Z,05101,,-1,03216,17000,39.44667,-0.767348,False,112011
2026-09-13T08:48:59Z,05100,,3,17000,03216,40.34147,-3.6603386,True,112015
2026-09-13T08:48:59Z,02072,,2,60000,05000,37.20702,-3.6735294,True,102015
2026-09-13T08:48:59Z,05102,,0,17000,60911,40.0566,-2.184605,True,112016
2026-09-13T08:48:59Z,02075,,18,51405,60000,39.758747,-3.820378,True,130034
2026-09-13T08:48:59Z,08694,,6,54413,51003,37.798145,-5.148088,False,104017
2026-09-13T08:48:59Z,04494,,-2,08223,17000,42.870937,-8.543569,False,106055
2026-09-13T08:48:59Z,04091,,1,17000,16403,42.02716,-4.550225,True,130007
2026-09-13T08:48:59Z,08295,,-1,51003,05000,37.861343,-4.8691573,False,104010
2026-09-13T08:48:59Z,12421,,2,31412,22308,42.712418,-8.660233,False,599018
2026-09-13T08:48:59Z,15655,,0,74217,04040,42.166603,-0.48792294,False,594004
2026-09-13T08:48:59Z,13079,,10,50500,51003,37.52738,-5.8874917,False,449010
2026-09-13T08:48:59Z,18008,,5,10000,10600,40.562706,-4.2954764,False,449009
2026-09-13T08:48:59Z,18921,,7,10000,30110,40.85886,-5.1064687,False,599013
2026-09-13T08:48:59Z,15063,,-3,79400,65411,41.27879,1.9793912,False,470071
2026-09-13T08:48:59Z,05817,,0,61200,10600,38.07839,-0.9434164,False,106012
2026-09-13T08:48:59Z,18331,,0,37606,60400,38.812763,-4.0681486,False,599004
2026-09-13T08:48:59Z,15906,,6,71801,79315,42.15698,2.9867907,False,447062
2026-09-13T08:48:59Z,13209,,0,50502,50413,37.85724,-4.884227,False,446060
2026-09-13T08:48:59Z,09730,,3,87089,60000,43.025932,3.0405133,False,100020
2026-09-13T08:48:59Z,03073,,1,60000,04307,41.44621,1.8369919,True,103002
2026-09-13T08:48:59Z,05890,,4,60000,65300,40.00427,-2.0922709,False,100007
2026-09-13T08:48:59Z,05093,,0,60911,17000,39.38642,-2.0065725,True,106008
2026-09-13T08:48:59Z,05092,,0,17000,60911,38.89773,-1.6822745,False,112018
2026-09-13T08:48:59Z,05095,,4,03216,17000,40.05093,-2.4920144,False,106011
2026-09-13T08:48:59Z,15506,,5,04040,78400,41.6908,-0.85786486,False,448007
2026-09-13T08:48:59Z,18102,,3,14223,14107,43.056454,-4.0835037,False,470156
2026-09-13T08:48:59Z,14020,,-3,65000,65400,40.753696,0.6141503,False,470115
2026-09-13T08:48:59Z,71850,,19,14223,15211,43.42085,-4.758936,False,527031
2026-09-13T08:48:59Z,18061,,6,10000,11505,40.7002,-4.667746,False,449051
2026-09-13T08:48:59Z,18183,,3,60911,37200,38.48479,-0.80087405,False,449043
2026-09-13T08:48:59Z,03982,,-4,03216,51003,40.15586,-3.7156384,False,112008
2026-09-13T08:48:59Z,00631,,3,30100,04040,42.777348,-2.828436,True,121023
2026-09-13T08:48:59Z,02096,,9,60000,51003,38.226295,-4.5405893,False,112019
2026-09-13T08:48:59Z,12526,,3,22308,31412,42.859383,-8.589838,False,599034
2026-09-13T08:48:59Z,02093,,7,54413,60000,37.975494,-4.5969353,True,"102005,102007"
2026-09-13T08:48:59Z,02494,,5,60000,51003,38.56624,-4.428485,False,121027
2026-09-13T08:48:59Z,02091,,2,51003,60000,38.53763,-4.4292617,False,100002
2026-09-13T08:48:59Z,15042,,6,73100,79400,41.379093,2.140376,False,447181
2026-09-13T08:48:59Z,18033,,15,50202,17000,39.005886,-3.3706145,False,449002
2026-09-13T08:48:59Z,13020,,8,51003,51405,36.955112,-6.070563,False,449005
2026-09-13T08:48:59Z,01112,,-9,60911,71801,39.329067,-0.42571473,True,130044
2026-09-13T08:48:59Z,18030,,5,17000,50202,39.509575,-3.2676556,False,"449003,449012"
2026-09-13T08:48:59Z,04505,,0,17000,08223,41.290287,-4.915519,False,106065
2026-09-13T08:48:59Z,03930,,6,71801,51003,41.68224,-1.2525941,True,"102009,102011"
2026-09-13T08:48:59Z,05312,,1,15100,60911,41.645123,-4.717935,False,112001
2026-09-13T08:48:59Z,12614,,8,22200,20200,42.219833,-8.184751,False,440144
2026-09-13T08:48:59Z,09112,,1,08223,31412,42.304565,-8.598819,False,"121003,121008"
2026-09-13T08:48:59Z,04186,,25,13200,17000,41.64204,-4.7268705,True,130009
2026-09-13T08:48:59Z,16019,,-1,11200,80100,42.91732,-1.9372689,False,449035
2026-09-13T08:48:59Z,14512,,5,61200,61307,37.860844,-0.962439,False,592017
2026-09-13T08:48:59Z,03092,,5,71801,60000,41.637165,-1.0377604,True,103018
2026-09-13T08:48:59Z,03093,,19,60000,04307,41.243088,-1.9856863,True,103012
2026-09-13T08:48:59Z,10312,,4,54403,54405,36.89711,-4.7461333,False,464220
2026-09-13T08:48:59Z,17501,,19,79400,71300,41.162037,1.1243241,False,447175
2026-09-13T08:48:59Z,16020,,-1,80100,71100,41.9279,-1.4391798,False,464231
2026-09-13T08:48:59Z,18324,,0,30100,10600,41.317352,-4.910074,False,599028
2026-09-13T08:48:59Z,01101,,7,04307,60911,41.23177,1.5379729,True,"130031,130033"
2026-09-13T08:48:59Z,00533,,4,11500,71801,41.791748,-1.1752589,True,120012
2026-09-13T08:48:59Z,09107,,2,61200,60911,38.2969,-0.7490641,False,104014
2026-09-13T08:48:59Z,02270,,-1,60000,51003,37.393433,-5.9731374,False,103010
2026-09-13T08:48:59Z,09105,,0,60911,61200,38.40377,-0.7137023,False,104013
2026-09-13T08:48:59Z,03083,,6,60000,71801,41.625793,0.44532633,True,"103006,103021"
2026-09-13T08:48:59Z,09101,,0,31412,22100,42.733925,-8.220979,False,121004
2026-09-13T08:48:59Z,15854,,3,79315,71801,41.530922,2.2157948,False,447178
2026-09-13T08:48:59Z,12101,,0,15004,15410,43.075264,-5.729058,False,470014
2026-09-13T08:48:59Z,03082,,29,71801,60000,41.33567,-1.6578393,True,100017
2026-09-13T08:48:59Z,12623,,7,22100,22200,42.219833,-8.184751,True,470046
2026-09-13T08:48:59Z,15858,,0,79315,71801,42.33304,3.1096807,False,"447112,447133"
2026-09-13T08:48:59Z,13953,,0,56310,05000,37.31687,-3.1270237,False,599020
2026-09-13T09:32:47Z,00605,,-3,60000,80100,41.14539,-2.3133178,True,120055
2026-09-13T09:32:47Z,15780,,1,79309,71801,41.410114,2.188829,False,"449020,449029"
2026-09-13T09:32:47Z,71801,,2,21010,05193,43.562122,-8.002723,False,527021
2026-09-13T09:32:47Z,04809,,26,17000,30100,41.03514,-4.3548827,True,121021
2026-09-13T09:32:47Z,18775,,57,35400,51003,38.156563,-5.88718,False,599047
2026-09-13T09:32:47Z,02109,,-3,54413,60000,37.83298,-4.9600506,False,112020
2026-09-13T09:32:47Z,13087,,4,43019,42008,37.367924,-6.962086,False,598016
2026-09-13T09:32:47Z,02101,,3,51003,60000,37.848694,-4.9118595,True,103005
2026-09-13T09:32:47Z,02108,,0,60000,54413,38.975697,-3.9088702,False,"112025,112027"
2026-09-13T09:32:47Z,18093,,7,79400,65400,40.999844,0.9126038,False,"470095,470116"
2026-09-13T09:32:47Z,04121,,2,17000,15410,40.539883,-3.7041323,False,106052
2026-09-13T09:32:47Z,01092,,-9,60911,71801,41.19189,1.2723348,True,130028
2026-09-13T09:32:47Z,04086,,8,11500,17000,42.48321,-3.3995173,False,130005
2026-09-13T09:32:47Z,04087,,-1,11200,11500,43.065685,-2.2949717,True,120056
2026-09-13T09:32:47Z,04080,,0,15410,17000,41.963394,-4.4782634,True,130004
2026-09-13T09:32:47Z,13009,,1,51405,51003,36.743965,-6.072643,False,449021
2026-09-13T09:32:47Z,71811,,12,21010,15211,43.657055,-7.6001716,False,527015
2026-09-13T09:32:47Z,15032,,8,71300,79400,41.191345,1.5951592,False,449022
2026-09-13T09:32:47Z,00438,,6,71801,81100,41.985737,-1.5029532,True,120053
2026-09-13T09:32:47Z,15036,,0,71300,79400,41.16085,1.1003109,False,447026
2026-09-13T09:32:47Z,15311,,-2,71300,04040,41.419506,-0.49051872,False,448002
2026-09-13T09:32:47Z,14462,,3,65300,65312,40.212067,0.19918443,False,447086
2026-09-13T09:32:47Z,03304,,5,71801,60000,41.524807,-0.5575028,False,103026
2026-09-13T09:32:47Z,03943,,3,51003,71801,40.420177,-3.4583478,False,"102013,112013"
2026-09-13T09:32:47Z,17050,,-1,04040,71300,41.632397,-0.8668278,False,448017
2026-09-13T09:32:47Z,00672,,2,80100,60000,42.38317,-1.6436931,True,120008
2026-09-13T09:32:47Z,05962,,1,17000,61200,39.006283,-1.8535384,False,106010
2026-09-13T09:32:47Z,03303,,-2,60000,71801,41.315823,-1.7938958,False,103009
2026-09-13T09:32:47Z,04110,,2,15410,17000,43.418877,-5.806256,True,106061
2026-09-13T09:32:47Z,04072,,9,14223,60911,40.474045,-3.680776,True,130038
2026-09-13T09:32:47Z,05912,,1,60000,61200,39.943798,-3.4495256,False,112003
2026-09-13T09:32:47Z,00463,,0,71801,65000,41.27223,1.5983514,True,130045
2026-09-13T09:32:47Z,00622,,7,71801,08223,41.718674,-1.0124086,True,130037
2026-09-13T09:32:47Z,00621,,2,08223,71801,42.433044,-6.822398,True,130010
2026-09-13T09:32:47Z,13903,,10,54413,51003,37.291683,-5.242074,False,598005
2026-09-13T09:32:47Z,04143,,1,60911,14223,39.082256,-1.9349419,True,130042
2026-09-13T09:32:47Z,13904,,5,51003,54413,37.334305,-5.425723,False,"598001,598008"
2026-09-13T09:32:47Z,15804,,0,71801,79315,42.181576,2.9869542,False,"449026,449030"
2026-09-13T09:32:47Z,13902,,17,51003,54413,36.805916,-4.7083316,False,598021
2026-09-13T09:32:47Z,02087,,5,56310,60000,37.174534,-4.1665697,True,730018
2026-09-13T09:32:47Z,15007,,4,79400,71400,41.248993,1.8910514,False,449028
2026-09-13T09:32:47Z,15006,,9,71400,79400,41.38456,2.1900644,False,"447055,447170"
2026-09-13T09:32:47Z,15005,,18,79400,71400,41.111908,1.2544136,False,"447034,447167"
2026-09-13T09:32:47Z,18912,,-1,30100,10000,40.589252,-4.3618293,False,599041
2026-09-13T09:32:47Z,18124,,1,65400,79400,40.753696,0.6141503,False,"448006,448016"
2026-09-13T09:32:47Z,18125,,1,79400,65400,41.39203,2.1646564,False,"448004,448014"
2026-09-13T09:32:47Z,71830,,6,15211,21010,43.536385,-6.7200036,False,529004
2026-09-13T09:32:47Z,38112,,1,11505,10000,43.152668,-2.0713842,False,449057
2026-09-13T09:32:47Z,18122,,27,65400,79400,41.219906,1.7608358,False,449034
2026-09-13T09:32:47Z,18002,,59,11000,10000,40.599213,-4.417199,False,449039
2026-09-13T09:32:47Z,00299,,-12,37606,17000,39.970726,-4.8265333,False,730021
2026-09-13T09:32:47Z,18081,,12,37200,60911,39.380917,-3.0877953,False,449025
2026-09-13T09:32:47Z,00697,,-14,71801,50202,39.466072,-0.37742963,True,130030
2026-09-13T09:32:47Z,02074,,1,60000,51405,36.58122,-6.2147393,True,120059
2026-09-13T09:32:47Z,05101,,-2,03216,17000,40.032383,-2.1414843,False,112011
2026-09-13T09:32:47Z,05100,,-1,17000,03216,40.035027,-2.1452289,True,112015
2026-09-13T09:32:47Z,05102,,4,17000,60911,38.925007,-1.5913337,True,112016
2026-09-13T09:32:47Z,02110,,0,60000,51003,39.62895,-3.7992654,False,102010
2026-09-13T09:32:47Z,04494,,3,08223,17000,42.350605,-7.872644,False,106055
2026-09-13T09:32:47Z,08295,,-2,51003,05000,37.044773,-4.6934586,False,104010
2026-09-13T09:32:47Z,12421,,7,31412,22308,42.38027,-8.632847,False,599018
2026-09-13T09:32:47Z,04091,,3,17000,16403,42.543232,-5.5726466,True,130007
2026-09-13T09:32:47Z,15655,,4,74217,04040,41.9201,-0.7460147,False,594004
2026-09-13T09:32:47Z,13079,,13,51003,51405,37.287285,-5.9234576,False,449010
2026-09-13T09:32:47Z,18008,,4,10000,10600,40.756718,-4.639465,False,449009
2026-09-13T09:32:47Z,15063,,3,79400,65411,41.142723,1.4057415,False,470071
2026-09-13T09:32:47Z,05817,,1,61200,10600,38.345776,-0.49760517,False,106012
2026-09-13T09:32:47Z,15860,,0,79315,71801,42.377914,3.152368,False,449042
2026-09-13T09:32:47Z,13045,,0,43019,51003,37.409737,-6.4193454,False,449015
2026-09-13T09:32:47Z,18331,,-2,37606,60400,39.04687,-3.621463,False,599004
2026-09-13T09:32:47Z,91170,,7,17000,98305,40.481953,-3.6095855,False,"465025,465060"
2026-09-13T09:32:47Z,15060,,0,65411,79400,41.111366,1.2533424,False,"470119,470187"
2026-09-13T09:32:47Z,15906,,4,71801,79315,42.441597,3.163361,False,447062
2026-09-13T09:32:47Z,03112,,0,71801,60000,41.231663,1.2008774,True,"103022,103024"
2026-09-13T09:32:47Z,09730,,0,87089,60000,42.305614,2.925137,False,100020
2026-09-13T09:32:47Z,03073,,0,60000,04307,41.379074,2.139723,True,103002
2026-09-13T09:32:47Z,05890,,2,60000,65300,39.47248,-0.6462699,False,100007
2026-09-13T09:32:47Z,05093,,-2,60911,17000,39.958862,-3.5346637,True,106008
2026-09-13T09:32:47Z,05095,,1,03216,17000,40.40064,-3.6826625,False,106011
2026-09-13T09:32:47Z,15506,,4,04040,78400,41.86159,-0.24940108,False,448007
2026-09-13T09:32:47Z,18102,,3,14223,14107,42.785267,-4.233622,False,470156
2026-09-13T09:32:47Z,71850,,20,14223,15211,43.42085,-4.758936,False,527031
2026-09-13T09:32:47Z,18061,,2,10000,11505,41.370148,-4.834059,False,449051
2026-09-13T09:32:47Z,18183,,5,60911,37200,38.927494,-1.3493081,False,449043
2026-09-13T09:32:47Z,03982,,-4,03216,51003,38.993183,-3.91826,False,112008
2026-09-13T09:32:47Z,04314,,8,31412,17000,43.289127,-8.436672,False,106063
2026-09-13T09:32:47Z,00631,,2,30100,04040,42.921616,-1.9808701,True,121023
2026-09-13T09:32:47Z,02096,,11,60000,51003,37.706184,-5.39592,False,112019
2026-09-13T09:32:47Z,12526,,5,22308,31412,43.299614,-8.446401,False,599034
2026-09-13T09:32:47Z,02093,,14,54413,60000,38.70549,-4.096803,True,"102005,102007"
2026-09-13T09:32:47Z,02494,,1,60000,51003,37.812023,-5.082248,False,121027
2026-09-13T09:32:47Z,15634,,0,78400,78600,41.631004,0.765934,False,447096
2026-09-13T09:32:47Z,18903,,2,10000,30110,40.562405,-3.9202468,False,599019
2026-09-13T09:32:47Z,13212,,0,50413,50502,37.888298,-4.790527,False,446060
2026-09-13T09:32:47Z,02091,,6,51003,60000,39.507504,-3.8273935,False,100002
2026-09-13T09:32:47Z,15910,,5,71801,79315,41.648476,2.42073,False,447124
2026-09-13T09:32:47Z,18033,,19,50202,17000,39.62202,-3.3301535,False,449002
2026-09-13T09:32:47Z,12451,,3,31400,23008,42.663765,-8.733164,False,599017
2026-09-13T09:32:47Z,13020,,8,51003,51405,36.53266,-6.1894894,False,449005
2026-09-13T09:32:47Z,01112,,4,60911,71801,39.455154,-0.38085732,True,130044
2026-09-13T09:32:47Z,18030,,7,17000,50202,38.90727,-3.392468,False,"449003,449012"
2026-09-13T09:32:47Z,04505,,5,17000,08223,41.92331,-6.085166,False,106065
2026-09-13T09:32:47Z,03930,,33,71801,51003,41.221497,-2.0964763,True,"102009,102011"
2026-09-13T09:32:47Z,05312,,6,15100,60911,40.90687,-4.0849214,False,112001
2026-09-13T09:32:47Z,12614,,9,22200,20200,42.41133,-7.7855253,False,440144
2026-09-13T09:32:47Z,09112,,1,08223,31412,42.857903,-8.561861,False,"121003,121008"
2026-09-13T09:32:47Z,04186,,27,13200,17000,40.910343,-4.094772,True,130009
2026-09-13T09:32:47Z,13940,,-1,05000,56310,37.386086,-3.4855852,False,599010
2026-09-13T09:32:47Z,17902,,0,18000,40100,40.16395,-3.851355,False,599043
2026-09-13T09:32:47Z,03092,,1,71801,60000,40.983234,-2.5423045,True,103018
2026-09-13T09:32:47Z,03093,,11,60000,04307,41.49855,-0.65795577,True,103012
2026-09-13T09:32:47Z,17501,,20,79400,71300,41.13013,0.8174429,False,447175
2026-09-13T09:32:47Z,16020,,0,80100,71100,41.665466,-0.9238673,False,464231
2026-09-13T09:32:47Z,00772,,-2,81100,81200,42.229355,-1.8468697,True,120007
2026-09-13T09:32:47Z,01101,,11,04307,60911,40.873127,0.7864097,True,"130031,130033"
2026-09-13T09:32:47Z,00533,,3,11500,71801,41.532578,-0.35140753,True,120012
2026-09-13T09:32:47Z,02270,,-1,60000,51003,37.39342,-5.9731507,False,103010
2026-09-13T09:32:47Z,03083,,4,60000,71801,41.182922,1.4196651,True,"103006,103021"
2026-09-13T09:32:47Z,12101,,1,15004,15410,43.158646,-5.8311615,False,470014
2026-09-13T09:32:47Z,03082,,31,71801,60000,40.736664,-3.0064135,True,100017
2026-09-13T09:32:47Z,12623,,14,22100,22200,42.08173,-8.49523,True,470046
2026-09-13T09:32:47Z,15858,,-1,79315,71801,42.023518,2.8498855,False,"447112,447133"
2026-09-13T09:32:47Z,13953,,-1,56310,05000,37.351074,-3.5650194,False,599020
2026-09-13T09:45:24Z,00605,,-5,60000,80100,41.315784,-1.7944816,True,120055
2026-09-13T09:45:24Z,71801,,-1,21010,05193,43.587063,-7.9344945,False,527021
2026-09-13T09:45:24Z,04809,,26,17000,30100,41.300808,-4.7592936,True,121021
2026-09-13T09:45:24Z,18775,,57,35400,51003,38.06159,-5.7954125,False,599047
2026-09-13T09:45:24Z,02109,,4,54413,60000,37.8884,-4.7895675,False,112020
2026-09-13T09:45:24Z,13087,,0,43019,42008,37.72061,-6.900611,False,598016
2026-09-13T09:45:24Z,02101,,6,51003,60000,37.911304,-4.7285514,True,103005
2026-09-13T09:45:24Z,02108,,5,60000,54413,38.788483,-4.075715,False,"112025,112027"
2026-09-13T09:45:24Z,18093,,5,79400,65400,40.8861,0.8006144,False,"470095,470116"
2026-09-13T09:45:24Z,01092,,3,60911,71801,41.208202,1.4945487,True,130028
2026-09-13T09:45:24Z,04086,,8,11500,17000,42.39953,-3.5342824,False,130005
2026-09-13T09:45:24Z,04087,,-5,11200,11500,43.07845,-2.158077,True,120056
2026-09-13T09:45:24Z,04080,,-1,15410,17000,41.648483,-4.7123976,True,130004
2026-09-13T09:45:24Z,13009,,1,51405,51003,36.930943,-6.09183,False,449021
2026-09-13T09:45:24Z,15032,,10,71300,79400,41.22033,1.7632977,False,449022
2026-09-13T09:45:24Z,71811,,12,21010,15211,43.657055,-7.6001716,False,527015
2026-09-13T09:45:24Z,00438,,6,71801,81100,42.11433,-1.6100081,True,120053
2026-09-13T09:45:24Z,15036,,-1,71300,79400,41.1124,1.1517847,False,447026
2026-09-13T09:45:24Z,15311,,-1,71300,04040,41.51532,-0.6186123,False,448002
2026-09-13T09:45:24Z,14462,,1,65300,65312,40.39464,0.34708545,False,447086
2026-09-13T09:45:24Z,03304,,3,71801,60000,41.65853,-0.911364,False,103026
2026-09-13T09:45:24Z,03943,,3,51003,71801,40.684937,-3.0617156,False,"102013,112013"
2026-09-13T09:45:24Z,17050,,0,04040,71300,41.522614,-0.6467779,False,448017
2026-09-13T09:45:24Z,00672,,4,80100,60000,42.1858,-1.7029314,True,120008
2026-09-13T09:45:24Z,05962,,-1,17000,61200,38.889206,-1.3122776,False,106010
2026-09-13T09:45:24Z,08316,,0,04307,71801,42.05093,2.8305826,False,100010
2026-09-13T09:45:24Z,03303,,-6,60000,71801,41.651085,-1.2979337,False,103009
2026-09-13T09:45:24Z,04110,,2,15410,17000,43.361877,-5.8591275,True,106061
2026-09-13T09:45:24Z,08312,,0,60000,92102,39.862427,-3.9922311,False,104002
2026-09-13T09:45:24Z,04475,,1,17000,08223,42.87054,-8.54452,False,106060
2026-09-13T09:45:24Z,04072,,9,14223,60911,40.474045,-3.680776,True,130038
2026-09-13T09:45:24Z,05912,,-3,60000,61200,40.028915,-2.7261147,False,112003
2026-09-13T09:45:24Z,00463,,-1,71801,65000,41.19216,1.2708334,True,130045
2026-09-13T09:45:24Z,00622,,5,71801,08223,41.85348,-1.2984828,True,130037
2026-09-13T09:45:24Z,00621,,3,08223,71801,42.532192,-6.7857676,True,130010
2026-09-13T09:45:24Z,13903,,9,54413,51003,37.332264,-5.4333224,False,598005
2026-09-13T09:45:24Z,04143,,1,60911,14223,39.521877,-1.9732255,True,130042
2026-09-13T09:45:24Z,13904,,7,51003,54413,37.333538,-5.4097958,False,"598001,598008"
2026-09-13T09:45:24Z,15804,,0,71801,79315,42.31756,3.0734906,False,"449026,449030"
2026-09-13T09:45:24Z,13902,,17,51003,54413,36.73124,-4.6559005,False,598021
2026-09-13T09:45:24Z,02087,,5,56310,60000,37.132275,-4.3317533,True,730018
2026-09-13T09:45:24Z,15007,,8,79400,71400,41.21992,1.7566963,False,449028
2026-09-13T09:45:24Z,15005,,17,79400,71400,41.150623,1.1172968,False,"447034,447167"
2026-09-13T09:45:24Z,18912,,2,30100,10000,40.556767,-4.253474,False,599041
2026-09-13T09:45:24Z,18124,,1,65400,79400,40.8861,0.8006144,False,"448006,448016"
2026-09-13T09:45:24Z,18125,,3,79400,65400,41.33098,2.0892723,False,"448004,448014"
2026-09-13T09:45:24Z,71830,,3,15211,21010,43.536007,-7.055802,False,"527015,529004"
2026-09-13T09:45:24Z,38112,,-2,11505,10000,43.08135,-2.152099,False,449057
2026-09-13T09:45:24Z,18122,,27,65400,79400,41.237694,1.8251907,False,449034
2026-09-13T09:45:24Z,18002,,61,11000,10000,40.589165,-4.3616233,False,449039
2026-09-13T09:45:24Z,00299,,-12,37606,17000,39.970726,-4.8265333,False,730021
2026-09-13T09:45:24Z,02112,,1,60000,54413,40.343044,-3.6608577,True,102002
2026-09-13T09:45:24Z,18081,,11,37200,60911,39.278645,-2.7748888,False,449025
2026-09-13T09:45:24Z,00697,,-14,71801,50202,39.466072,-0.37742963,True,130030
2026-09-13T09:45:24Z,02074,,2,60000,51405,36.468285,-6.206646,True,120059
2026-09-13T09:45:24Z,05101,,0,03216,17000,40.052982,-2.477529,False,112011
2026-09-13T09:45:24Z,05100,,0,17000,03216,39.75844,-1.9528081,True,112015
2026-09-13T09:45:24Z,05102,,1,17000,60911,38.795155,-0.9692168,True,112016
2026-09-13T09:45:24Z,02111,,2,51003,60000,37.57548,-5.798773,False,103010
2026-09-13T09:45:24Z,02110,,-2,60000,51003,39.133427,-3.8735511,False,102010
2026-09-13T09:45:24Z,04494,,2,08223,17000,42.25914,-7.826574,False,106055
2026-09-13T09:45:24Z,08295,,0,51003,05000,37.084293,-4.4816337,False,104010
2026-09-13T09:45:24Z,12421,,7,31412,22308,42.28566,-8.616698,False,599018
2026-09-13T09:45:24Z,04091,,3,17000,16403,42.599342,-5.600653,True,130007
2026-09-13T09:45:24Z,15655,,4,74217,04040,41.728836,-0.8402899,False,594004
2026-09-13T09:45:24Z,13079,,12,51003,51405,37.183376,-5.790233,False,449010
2026-09-13T09:45:24Z,18008,,3,10000,10600,41.02017,-4.6787467,False,449009
2026-09-13T09:45:24Z,15063,,3,79400,65411,41.142723,1.4057415,False,470071
2026-09-13T09:45:24Z,05817,,4,61200,10600,38.36413,-0.55027705,False,106012
2026-09-13T09:45:24Z,15860,,0,79315,71801,42.296703,3.0319765,False,449042
2026-09-13T09:45:24Z,13045,,0,43019,51003,37.320065,-6.2605643,False,449015
2026-09-13T09:45:24Z,18331,,-2,37606,60400,39.020348,-3.4524825,False,599004
2026-09-13T09:45:24Z,03113,,1,60000,71801,40.342686,-3.5995324,False,"103014,103020"
2026-09-13T09:45:24Z,15060,,2,65411,79400,41.142723,1.4057415,False,"470119,470187"
2026-09-13T09:45:24Z,91172,,5,17000,98305,40.48144,-3.6266315,False,"465087,465091"
2026-09-13T09:45:24Z,15906,,4,71801,79315,42.441597,3.163361,False,447062
2026-09-13T09:45:24Z,03112,,2,71801,60000,41.488842,0.8712008,True,"103022,103024"
2026-09-13T09:45:24Z,09730,,0,87089,60000,42.166553,2.910397,False,100020
2026-09-13T09:45:24Z,03073,,2,60000,04307,41.454086,2.194423,True,103002
2026-09-13T09:45:24Z,05890,,0,60000,65300,39.458366,-0.38152158,False,100007
2026-09-13T09:45:24Z,05093,,-6,60911,17000,40.3021,-3.664531,True,106008
2026-09-13T09:45:24Z,15506,,10,04040,78400,41.81719,-0.17232084,False,448007
2026-09-13T09:45:24Z,18102,,6,14223,14107,42.656857,-4.3112574,False,470156
2026-09-13T09:45:24Z,71850,,20,14223,15211,43.42085,-4.758936,False,527031
2026-09-13T09:45:24Z,18061,,1,10000,11505,41.62578,-4.7387233,False,449051
2026-09-13T09:45:24Z,18183,,4,60911,37200,38.90351,-1.694471,False,449043
2026-09-13T09:45:24Z,03982,,0,03216,51003,38.885895,-3.9758658,False,112008
2026-09-13T09:45:24Z,04314,,8,31412,17000,42.97255,-8.471118,False,106063
2026-09-13T09:45:24Z,00631,,-6,30100,04040,42.85548,-1.7490028,True,121023
2026-09-13T09:45:24Z,02096,,8,60000,51003,37.52501,-5.8898664,False,112019
2026-09-13T09:45:24Z,02093,,15,54413,60000,38.98564,-3.9133513,True,"102005,102007"
2026-09-13T09:45:24Z,02494,,2,60000,51003,37.68578,-5.47262,False,121027
2026-09-13T09:45:24Z,15634,,0,78400,78600,41.63525,0.9253143,False,447096
2026-09-13T09:45:24Z,18903,,0,10000,30110,40.6263,-4.008121,False,599019
2026-09-13T09:45:24Z,13212,,2,50413,50502,37.865948,-4.85417,False,446060
2026-09-13T09:45:24Z,02091,,3,51003,60000,39.981808,-3.8385577,False,100002
2026-09-13T09:45:24Z,15910,,3,71801,79315,41.726498,2.5686986,False,447124
2026-09-13T09:45:24Z,18033,,20,50202,17000,39.794395,-3.6259627,False,449002
2026-09-13T09:45:24Z,13020,,-1,51003,51405,36.50309,-6.2721343,False,449005
2026-09-13T09:45:24Z,18030,,10,17000,50202,38.75672,-3.3943264,False,"449003,449012"
2026-09-13T09:45:24Z,01112,,3,60911,71801,39.5743,-0.31456098,True,130044
2026-09-13T09:45:24Z,04505,,5,17000,08223,42.046032,-6.642184,False,106065
2026-09-13T09:45:24Z,03930,,31,71801,51003,41.04286,-2.4431503,True,"102009,102011"
2026-09-13T09:45:24Z,05312,,11,15100,60911,40.754425,-3.7478714,False,112001
2026-09-13T09:45:24Z,12614,,9,22200,20200,42.453037,-7.712965,False,440144
2026-09-13T09:45:24Z,09112,,2,08223,31412,42.90216,-8.498861,False,"121003,121008"
2026-09-13T09:45:24Z,17902,,7,18000,40100,40.0619,-3.8792877,False,599043
2026-09-13T09:45:24Z,13940,,-2,05000,56310,37.41396,-3.2920861,False,599010
2026-09-13T09:45:24Z,03092,,4,71801,60000,40.791874,-2.9337943,True,103018
2026-09-13T09:45:24Z,03093,,13,60000,04307,41.527782,-0.07604279,True,103012
2026-09-13T09:45:24Z,17501,,18,79400,71300,41.10238,0.7827298,False,447175
2026-09-13T09:45:24Z,71870,,0,05657,14223,43.41676,-3.8412597,False,438001
2026-09-13T09:45:24Z,00772,,-1,81100,81200,42.1754,-1.7101862,True,120007
2026-09-13T09:45:24Z,01101,,8,04307,60911,40.592056,0.44543806,True,"130031,130033"
2026-09-13T09:45:24Z,00533,,3,11500,71801,41.596657,0.18409152,True,120012
2026-09-13T09:45:24Z,02270,,-1,60000,51003,37.57548,-5.798773,False,103010
2026-09-13T09:45:24Z,03083,,15,60000,71801,41.25311,1.5757312,True,"103006,103021"
2026-09-13T09:45:24Z,12101,,-2,15004,15410,43.263306,-5.794068,False,470014
2026-09-13T09:45:24Z,03082,,30,71801,60000,40.42816,-3.3748207,True,100017
2026-09-13T09:45:24Z,15858,,0,79315,71801,41.93537,2.8094883,False,"447112,447133"
2026-09-13T09:45:24Z,13953,,-2,56310,05000,37.23668,-3.6501634,False,599020
2026-09-13T10:00:52Z,00605,,-6,60000,80100,41.368023,-1.6036353,True,120055
2026-09-13T10:00:52Z,71801,,-1,21010,05193,43.665974,-7.902474,False,527021
2026-09-13T10:00:52Z,04809,,27,17000,30100,41.289696,-4.960136,True,121021
2026-09-13T10:00:52Z,18775,,57,35400,51003,37.973297,-5.713877,False,599047
2026-09-13T10:00:52Z,02109,,3,54413,60000,38.207706,-4.522138,False,112020
2026-09-13T10:00:52Z,18770,,1,37200,37606,38.98519,-3.9130611,False,599031
2026-09-13T10:00:52Z,13087,,-1,43019,42008,37.787148,-6.8739295,False,598016
2026-09-13T10:00:52Z,02104,,104,60000,51405,40.283897,-3.6995547,True,"130032,130041"
2026-09-13T10:00:52Z,02101,,5,51003,60000,38.24709,-4.5687175,True,103005
2026-09-13T10:00:52Z,02108,,7,60000,54413,38.671303,-4.2884874,False,"112025,112027"
2026-09-13T10:00:52Z,18093,,-5,79400,65400,40.753696,0.6141503,False,"470095,470116"
2026-09-13T10:00:52Z,04121,,0,17000,15410,41.08342,-4.4095874,False,106052
2026-09-13T10:00:52Z,01092,,9,60911,71801,41.477642,1.8831074,True,130028
2026-09-13T10:00:52Z,04086,,6,11500,17000,42.37049,-3.6695046,False,130005
2026-09-13T10:00:52Z,04080,,0,15410,17000,41.490414,-4.777909,True,130004
2026-09-13T10:00:52Z,13009,,1,51405,51003,37.085182,-5.870015,False,449021
2026-09-13T10:00:52Z,15032,,13,71300,79400,41.25588,1.9101043,False,449022
2026-09-13T10:00:52Z,71811,,21,21010,15211,43.536007,-7.055802,False,"527015,529004"
2026-09-13T10:00:52Z,00438,,-1,71801,81100,42.188557,-1.7535299,True,120053
2026-09-13T10:00:52Z,15036,,0,71300,79400,41.119884,1.2752509,False,447026
2026-09-13T10:00:52Z,15311,,0,71300,04040,41.608383,-0.8356408,False,448002
2026-09-13T10:00:52Z,03304,,2,71801,60000,41.60165,-1.3117856,False,103026
2026-09-13T10:00:52Z,03943,,4,51003,71801,40.994865,-2.5212536,False,"102013,112013"
2026-09-13T10:00:52Z,17050,,1,04040,71300,41.419506,-0.49051872,False,448017
2026-09-13T10:00:52Z,00672,,3,80100,60000,42.173244,-1.6928871,True,"120007,120008"
2026-09-13T10:00:52Z,05962,,-2,17000,61200,38.526768,-0.8472608,False,106010
2026-09-13T10:00:52Z,08316,,3,04307,71801,41.77249,2.674224,False,100010
2026-09-13T10:00:52Z,03303,,-7,60000,71801,41.658604,-0.9116242,False,103009
2026-09-13T10:00:52Z,04110,,7,15410,17000,43.26036,-5.7881975,True,106061
2026-09-13T10:00:52Z,04475,,0,17000,08223,42.602043,-8.76201,False,106060
2026-09-13T10:00:52Z,05912,,-4,60000,61200,40.03389,-2.1436162,False,112003
2026-09-13T10:00:52Z,00463,,-1,71801,65000,41.126244,1.1345644,True,130045
2026-09-13T10:00:52Z,00622,,6,71801,08223,42.008873,-1.5359447,True,130037
2026-09-13T10:00:52Z,00621,,6,08223,71801,42.544155,-6.599741,True,130010
2026-09-13T10:00:52Z,04143,,0,60911,14223,40.022064,-2.1264794,True,130042
2026-09-13T10:00:52Z,13903,,10,54413,51003,37.224003,-5.6074834,False,598005
2026-09-13T10:00:52Z,13904,,7,51003,54413,37.24199,-5.120694,False,"598001,598008"
2026-09-13T10:00:52Z,15804,,0,71801,79315,42.41558,3.1609979,False,"449026,449030"
2026-09-13T10:00:52Z,13902,,15,51003,54413,36.695976,-4.465964,False,598021
2026-09-13T10:00:52Z,02087,,5,56310,60000,37.044662,-4.694566,True,730018
2026-09-13T10:00:52Z,15808,,3,71801,79315,41.435097,2.1939995,False,"449014,449038"
2026-09-13T10:00:52Z,15007,,15,79400,71400,41.190094,1.5818257,False,449028
2026-09-13T10:00:52Z,18912,,1,30100,10000,40.5988,-4.120375,False,599041
2026-09-13T10:00:52Z,18124,,-1,65400,79400,41.06842,1.006889,False,"448006,448016"
2026-09-13T10:00:52Z,18125,,2,79400,65400,41.23592,1.8404158,False,"448004,448014"
2026-09-13T10:00:52Z,91787,,8,98305,17000,40.482002,-3.6021297,False,"465087,465091"
2026-09-13T10:00:52Z,71830,,16,15211,21010,43.536007,-7.055802,False,"527015,529004"
2026-09-13T10:00:52Z,38112,,0,11505,10000,43.045788,-2.2179744,False,449057
2026-09-13T10:00:52Z,91785,,11,98305,17000,40.48276,-3.6771977,False,"465025,465060"
2026-09-13T10:00:52Z,18122,,41,65400,79400,41.279484,1.9802521,False,449034
2026-09-13T10:00:52Z,18002,,61,11000,10000,40.539062,-4.190353,False,449039
2026-09-13T10:00:52Z,00299,,-4,37606,17000,39.949398,-4.480126,False,730021
2026-09-13T10:00:52Z,02112,,1,60000,54413,39.862648,-3.8645647,True,102002
2026-09-13T10:00:52Z,18081,,11,37200,60911,39.264164,-2.484472,False,449025
2026-09-13T10:00:52Z,00697,,-1,71801,50202,39.391567,-0.40261272,True,130030
2026-09-13T10:00:52Z,05101,,0,03216,17000,39.9567,-3.3625712,False,112011
2026-09-13T10:00:52Z,05100,,0,17000,03216,39.546185,-1.4589392,True,112015
2026-09-13T10:00:52Z,05102,,0,17000,60911,38.38287,-0.6217087,True,112016
2026-09-13T10:00:52Z,02111,,1,51003,60000,37.795902,-5.1541367,False,103010
2026-09-13T10:00:52Z,02110,,-1,60000,51003,38.835598,-4.0465293,False,102010
2026-09-13T10:00:52Z,08295,,2,51003,05000,37.16707,-4.1915045,False,104010
2026-09-13T10:00:52Z,04091,,3,17000,16403,42.82987,-5.6427536,True,130007
2026-09-13T10:00:52Z,15655,,0,74217,04040,41.650547,-0.8946893,False,594004
2026-09-13T10:00:52Z,13079,,9,51003,51405,36.96036,-6.0607576,False,449010
2026-09-13T10:00:52Z,18008,,1,10000,10600,41.21543,-4.8161063,False,449009
2026-09-13T10:00:52Z,05817,,4,61200,10600,38.58863,-0.8752088,False,106012
2026-09-13T10:00:52Z,13045,,-6,43019,51003,37.408974,-6.1461186,False,449015
2026-09-13T10:00:52Z,18331,,0,37606,60400,39.061905,-3.2700818,False,599004
2026-09-13T10:00:52Z,03113,,3,60000,71801,40.65422,-3.0760868,False,"103014,103020"
2026-09-13T10:00:52Z,15060,,0,65411,79400,41.204132,1.6760368,False,"470119,470187"
2026-09-13T10:00:52Z,03112,,1,71801,60000,41.591606,0.16870144,True,"103022,103024"
2026-09-13T10:00:52Z,09730,,1,87089,60000,41.931225,2.790289,False,100020
2026-09-13T10:00:52Z,03073,,1,60000,04307,41.805542,2.7123287,True,103002
2026-09-13T10:00:52Z,05890,,0,60000,65300,39.444565,-0.3836351,False,100007
2026-09-13T10:00:52Z,15506,,10,04040,78400,41.893803,0.10153075,False,448007
2026-09-13T10:00:52Z,18102,,6,14223,14107,42.478943,-4.3745594,False,470156
2026-09-13T10:00:52Z,71850,,20,14223,15211,43.42085,-4.758936,False,527031
2026-09-13T10:00:52Z,18061,,7,10000,11505,41.652996,-4.7091556,False,449051
2026-09-13T10:00:52Z,18183,,4,60911,37200,39.00001,-1.8478293,False,449043
2026-09-13T10:00:52Z,03982,,8,03216,51003,38.68344,-4.121144,False,112008
2026-09-13T10:00:52Z,04314,,11,31412,17000,42.870926,-8.543596,False,106063
2026-09-13T10:00:52Z,00631,,-2,30100,04040,42.824757,-1.6626332,True,121023
2026-09-13T10:00:52Z,02093,,13,54413,60000,39.47637,-3.8310108,True,"102005,102007"
2026-09-13T10:00:52Z,02494,,-6,60000,51003,37.459545,-5.9573107,False,121027
2026-09-13T10:00:52Z,15634,,0,78400,78600,41.652092,1.1056374,False,447096
2026-09-13T10:00:52Z,18903,,1,10000,30110,40.520798,-4.2466307,False,599019
2026-09-13T10:00:52Z,02091,,-1,51003,60000,40.36055,-3.6748273,False,100002
2026-09-13T10:00:52Z,15910,,4,71801,79315,41.79444,2.6996727,False,447124
2026-09-13T10:00:52Z,18033,,26,50202,17000,39.9497,-3.7380574,False,449002
2026-09-13T10:00:52Z,18030,,11,17000,50202,38.59443,-3.4752822,False,"449003,449012"
2026-09-13T10:00:52Z,01112,,4,60911,71801,39.797592,-0.17789793,True,130044
2026-09-13T10:00:52Z,03930,,35,71801,51003,40.81779,-2.900199,True,"102009,102011"
2026-09-13T10:00:52Z,05312,,14,15100,60911,40.475857,-3.6800106,False,112001
2026-09-13T10:00:52Z,12614,,1,22200,20200,42.529545,-7.5032,False,440144
2026-09-13T10:00:52Z,09112,,1,08223,31412,43.287277,-8.435866,False,"121003,121008"
2026-09-13T10:00:52Z,17902,,4,18000,40100,39.975536,-4.2641864,False,599043
2026-09-13T10:00:52Z,13940,,-3,05000,56310,37.32554,-3.1333017,False,599010
2026-09-13T10:00:52Z,03092,,2,71801,60000,40.426815,-3.3817434,True,103018
2026-09-13T10:00:52Z,03093,,13,60000,04307,41.620823,0.5929398,True,103012
2026-09-13T10:00:52Z,17501,,26,79400,71300,41.10284,0.6603938,False,447175
2026-09-13T10:00:52Z,15053,,1,79400,73100,41.39203,2.1646564,False,470114
2026-09-13T10:00:52Z,01101,,10,04307,60911,40.338066,0.25794438,True,"130031,130033"
2026-09-13T10:00:52Z,00533,,0,11500,71801,41.620167,0.63386905,True,120012
2026-09-13T10:00:52Z,02270,,-1,60000,51003,37.795902,-5.1541367,False,103010
2026-09-13T10:00:52Z,03083,,11,60000,71801,41.343307,2.0562682,True,"103006,103021"
2026-09-13T10:00:52Z,12101,,-2,15004,15410,43.313145,-5.8693066,False,470014
2026-09-13T10:00:52Z,03082,,28,71801,60000,40.395176,-3.6737835,True,100017
2026-09-13T10:00:52Z,15858,,-1,79315,71801,41.799988,2.7298074,False,"447112,447133"
2026-09-13T10:15:24Z,00605,,-3,60000,80100,41.690468,-1.2344227,True,120055
2026-09-13T10:15:24Z,71801,,1,21010,05193,43.686348,-7.84965,False,527021
2026-09-13T10:15:24Z,04809,,25,17000,30100,41.122673,-5.2753367,True,121021
2026-09-13T10:15:24Z,18775,,55,35400,51003,37.87116,-5.729026,False,599047
2026-09-13T10:15:24Z,02109,,3,54413,60000,38.439213,-4.4392805,False,112020
2026-09-13T10:15:24Z,18770,,-1,37200,37606,38.779903,-4.0784874,False,599031
2026-09-13T10:15:24Z,13087,,-1,43019,42008,37.787148,-6.8739295,False,598016
2026-09-13T10:15:24Z,02104,,102,60000,51405,39.810776,-3.8505118,True,"130032,130041"
2026-09-13T10:15:24Z,02101,,8,51003,60000,38.616863,-4.39226,True,103005
2026-09-13T10:15:24Z,02108,,9,60000,54413,38.311806,-4.566355,False,"112025,112027"
2026-09-13T10:15:24Z,04121,,4,17000,15410,41.34561,-4.7533884,False,106052
2026-09-13T10:15:24Z,04086,,2,11500,17000,42.136517,-4.1316557,False,130005
2026-09-13T10:15:24Z,00283,,1,13200,11200,43.18859,-2.898543,False,470124
2026-09-13T10:15:24Z,04080,,-1,15410,17000,41.115063,-4.435183,True,130004
2026-09-13T10:15:24Z,13009,,1,51405,51003,37.253952,-5.8759623,False,449021
2026-09-13T10:15:24Z,71811,,21,21010,15211,43.536007,-7.055802,False,"527015,529004"
2026-09-13T10:15:24Z,15032,,19,71300,79400,41.296227,2.0011551,False,449022
2026-09-13T10:15:24Z,00438,,-6,71801,81100,42.311115,-1.9582554,True,120053
2026-09-13T10:15:24Z,15036,,3,71300,79400,41.147293,1.4181614,False,447026
2026-09-13T10:15:24Z,03304,,1,71801,60000,41.346554,-1.6384832,False,103026
2026-09-13T10:15:24Z,03943,,3,51003,71801,41.23638,-2.0152972,False,"102013,112013"
2026-09-13T10:15:24Z,17050,,4,04040,71300,41.320477,-0.4270649,False,448017
2026-09-13T10:15:24Z,00672,,6,80100,60000,42.05914,-1.5972756,True,"120007,120008"
2026-09-13T10:15:24Z,05962,,-2,17000,61200,38.24638,-0.7664827,False,106010
2026-09-13T10:15:24Z,08316,,1,04307,71801,41.551186,2.2503104,False,100010
2026-09-13T10:15:24Z,03303,,1,60000,71801,41.60466,-0.83536243,False,103009
2026-09-13T10:15:24Z,04110,,0,15410,17000,43.105854,-5.8226104,True,106061
2026-09-13T10:15:24Z,04475,,-1,17000,08223,42.421585,-8.635533,False,106060
2026-09-13T10:15:24Z,09123,,0,31412,08223,43.17533,-8.452288,False,121002
2026-09-13T10:15:24Z,05912,,0,60000,61200,39.680935,-1.9411396,False,112003
2026-09-13T10:15:24Z,00463,,-10,71801,65000,40.855225,0.7653275,True,130045
2026-09-13T10:15:24Z,02124,,6,60000,51405,40.401947,-3.6845481,True,130034
2026-09-13T10:15:24Z,02123,,7,54413,60000,36.8719,-4.6993556,True,"102006,102014"
2026-09-13T10:15:24Z,00622,,7,71801,08223,42.16272,-1.6644768,True,130037
2026-09-13T10:15:24Z,00621,,6,08223,71801,42.609486,-6.422202,True,130010
2026-09-13T10:15:24Z,04143,,-7,60911,14223,40.055855,-2.4569309,True,130042
2026-09-13T10:15:24Z,13903,,7,54413,51003,37.27677,-5.9082212,False,598005
2026-09-13T10:15:24Z,13904,,6,51003,54413,37.23373,-5.1149993,False,"598001,598008"
2026-09-13T10:15:24Z,02120,,11,60000,51003,40.399437,-3.6773572,False,"100001,100004"
2026-09-13T10:15:24Z,02087,,3,56310,60000,37.297016,-4.791709,True,730018
2026-09-13T10:15:24Z,15808,,3,71801,79315,41.55643,2.2656915,False,"449014,449038"
2026-09-13T10:15:24Z,15007,,14,79400,71400,41.13989,1.3915083,False,449028
2026-09-13T10:15:24Z,18912,,-1,30100,10000,40.56716,-3.9286366,False,599041
2026-09-13T10:15:24Z,18124,,2,65400,79400,41.119923,1.1424644,False,"448006,448016"
2026-09-13T10:15:24Z,18125,,0,79400,65400,41.192413,1.6064769,False,"448004,448014"
2026-09-13T10:15:24Z,71830,,16,15211,21010,43.536007,-7.055802,False,"527015,529004"
2026-09-13T10:15:24Z,38112,,1,11505,10000,43.061264,-2.332492,False,449057
2026-09-13T10:15:24Z,18122,,48,65400,79400,41.315186,2.0445006,False,449034
2026-09-13T10:15:24Z,18002,,61,11000,10000,40.60934,-4.046447,False,449039
2026-09-13T10:15:24Z,00299,,-6,37606,17000,39.97878,-4.2831454,False,730021
2026-09-13T10:15:24Z,02112,,-2,60000,54413,39.283566,-3.8798463,True,102002
2026-09-13T10:15:24Z,18081,,11,37200,60911,39.194588,-2.156208,False,449025
2026-09-13T10:15:24Z,00697,,-1,71801,50202,39.177113,-0.44548127,True,130030
2026-09-13T10:15:24Z,05101,,-4,03216,17000,40.26964,-3.7188349,False,112011
2026-09-13T10:15:24Z,05100,,0,17000,03216,39.46925,-0.9855215,True,112015
2026-09-13T10:15:24Z,02111,,-1,51003,60000,37.88798,-4.7905126,False,103010
2026-09-13T10:15:24Z,02110,,4,60000,51003,38.671623,-4.3030386,False,102010
2026-09-13T10:15:24Z,04494,,0,08223,17000,42.06343,-7.129474,False,106055
2026-09-13T10:15:24Z,04091,,2,17000,16403,43.16132,-5.830946,True,130007
2026-09-13T10:15:24Z,08295,,2,51003,05000,37.216724,-4.0326204,False,104010
2026-09-13T10:15:24Z,13079,,9,51003,51405,36.750877,-6.0666914,False,449010
2026-09-13T10:15:24Z,18008,,2,10000,10600,41.350452,-4.8685946,False,449009
2026-09-13T10:15:24Z,05817,,1,61200,10600,38.892426,-1.3250289,False,106012
2026-09-13T10:15:24Z,15860,,7,79315,71801,42.040203,2.9288216,False,449042
2026-09-13T10:15:24Z,13045,,-1,43019,51003,37.419388,-6.043393,False,449015
2026-09-13T10:15:24Z,18331,,-1,37606,60400,39.328823,-3.2023604,False,599004
2026-09-13T10:15:24Z,03113,,3,60000,71801,40.9499,-2.6025467,False,"103014,103020"
2026-09-13T10:15:24Z,15060,,3,65411,79400,41.241142,1.8628862,False,"470119,470187"
2026-09-13T10:15:24Z,08129,,1,17000,10600,40.57366,-3.710827,False,"114001,114008"
2026-09-13T10:15:24Z,03112,,1,71801,60000,41.51328,-0.5832039,True,"103022,103024"
2026-09-13T10:15:24Z,09730,,1,87089,60000,41.640274,2.41216,False,100020
2026-09-13T10:15:24Z,03073,,1,60000,04307,41.979424,2.8167083,True,103002
2026-09-13T10:15:24Z,05890,,-3,60000,65300,39.594444,-0.31070563,False,100007
2026-09-13T10:15:24Z,15506,,17,04040,78400,41.913868,0.19691658,False,448007
2026-09-13T10:15:24Z,71850,,31,14223,15211,43.4594,-5.0546904,False,527031
2026-09-13T10:15:24Z,12482,,1,23008,31400,42.70354,-8.709641,False,599017
2026-09-13T10:15:24Z,18061,,6,10000,11505,41.83847,-4.5611863,False,449051
2026-09-13T10:15:24Z,18183,,4,60911,37200,39.19927,-2.1629605,False,449043
2026-09-13T10:15:24Z,03982,,10,03216,51003,38.484703,-4.4576316,False,112008
2026-09-13T10:15:24Z,04314,,11,31412,17000,42.87054,-8.54452,False,106063
2026-09-13T10:15:24Z,00631,,2,30100,04040,42.708797,-1.6330132,True,121023
2026-09-13T10:15:24Z,02093,,10,54413,60000,39.984165,-3.83788,True,"102005,102007"
2026-09-13T10:15:24Z,02494,,-12,60000,51003,37.400826,-5.9639935,False,121027
2026-09-13T10:15:24Z,08111,,4,37700,60000,38.81613,-4.06661,False,104015
2026-09-13T10:15:24Z,15634,,1,78400,78600,41.67327,1.2735617,False,447096
2026-09-13T10:15:24Z,18903,,3,10000,30110,40.59039,-4.3657093,False,599019
2026-09-13T10:15:24Z,15910,,2,71801,79315,41.939186,2.808227,False,447124
2026-09-13T10:15:24Z,18033,,25,50202,17000,40.034863,-3.6184845,False,449002
2026-09-13T10:15:24Z,01112,,6,60911,71801,39.988346,-0.05191743,True,130044
2026-09-13T10:15:24Z,04505,,7,17000,08223,42.256084,-7.81251,False,106065
2026-09-13T10:15:24Z,03930,,34,71801,51003,40.458344,-3.307438,True,"102009,102011"
2026-09-13T10:15:24Z,05312,,12,15100,60911,40.467663,-3.6829536,False,112001
2026-09-13T10:15:24Z,12614,,3,22200,20200,42.529556,-7.5032597,False,440144
2026-09-13T10:15:24Z,13940,,0,05000,56310,37.254574,-3.0319636,False,599010
2026-09-13T10:15:24Z,17902,,-4,18000,40100,39.977524,-4.3162465,False,599043
2026-09-13T10:15:24Z,03092,,0,71801,60000,40.38927,-3.6738832,True,103018
2026-09-13T10:15:24Z,03093,,14,60000,04307,41.566677,0.680629,True,103012
2026-09-13T10:15:24Z,17501,,3,71300,04040,41.106617,0.65345657,False,470123
2026-09-13T10:15:24Z,15053,,2,79400,73100,41.324177,2.0706072,False,470114
2026-09-13T10:15:24Z,16023,,-1,11200,11300,42.742737,-2.867332,False,470041
2026-09-13T10:15:24Z,01101,,10,04307,60911,40.112553,0.14715967,True,"130031,130033"
2026-09-13T10:15:24Z,00533,,4,11500,71801,41.537407,0.7812882,True,120012
2026-09-13T10:15:24Z,02270,,-1,60000,51003,37.88798,-4.7905126,False,103010
2026-09-13T10:15:24Z,01460,,-1,61307,65000,37.747013,-0.9672061,True,"334004,6B4"
2026-09-13T10:15:24Z,12101,,-1,15004,15410,43.36646,-5.8551083,False,470014
2026-09-13T10:15:24Z,15858,,-2,79315,71801,41.72301,2.5551286,False,"447112,447133"
2026-09-13T10:30:38Z,00605,,-2,60000,80100,41.748337,-1.1590756,True,120055
2026-09-13T10:30:38Z,71801,,1,21010,05193,43.686348,-7.84965,False,527021
2026-09-13T10:30:38Z,04809,,22,17000,30100,40.975754,-5.638819,True,121021
2026-09-13T10:30:38Z,18775,,54,35400,51003,37.77741,-5.766784,False,599047
2026-09-13T10:30:38Z,02109,,6,54413,60000,38.67715,-4.1471734,False,112020
2026-09-13T10:30:38Z,18770,,0,37200,37606,38.691467,-4.1118674,False,599031
2026-09-13T10:30:38Z,02104,,100,60000,51405,39.287457,-3.880072,True,"130032,130041"
2026-09-13T10:30:38Z,02101,,11,51003,60000,38.791737,-4.074663,True,103005
2026-09-13T10:30:38Z,02108,,11,60000,54413,38.09731,-4.49394,False,"112025,112027"
2026-09-13T10:30:38Z,18093,,1,65400,65000,40.752365,0.5981614,False,"470095,470116"
2026-09-13T10:30:38Z,04121,,3,17000,15410,41.641697,-4.727114,False,106052
2026-09-13T10:30:38Z,08322,,1,60000,92102,40.376057,-3.681688,False,114003
2026-09-13T10:30:38Z,04086,,-2,11500,17000,41.73623,-4.613797,False,130005
2026-09-13T10:30:38Z,00283,,2,13200,11200,43.142227,-2.9605296,False,470124
2026-09-13T10:30:38Z,13009,,2,51405,51003,37.287285,-5.9234576,False,449021
2026-09-13T10:30:38Z,15032,,30,71300,79400,41.341553,2.1140783,False,449022
2026-09-13T10:30:38Z,71811,,21,21010,15211,43.536007,-7.055802,False,"527015,529004"
2026-09-13T10:30:38Z,00438,,-5,71801,81100,42.406536,-2.116889,True,120053
2026-09-13T10:30:38Z,15036,,4,71300,79400,41.191353,1.5952084,False,447026
2026-09-13T10:30:38Z,03304,,-2,71801,60000,41.172916,-2.2573946,False,103026
2026-09-13T10:30:38Z,17050,,6,04040,71300,41.224564,-0.43822885,False,448017
2026-09-13T10:30:38Z,03943,,-2,51003,71801,41.616898,-1.311883,False,"102013,112013"
2026-09-13T10:30:38Z,00672,,8,80100,60000,41.892586,-1.3812468,True,"120007,120008"
2026-09-13T10:30:38Z,05962,,-1,17000,61200,38.078445,-0.9433365,False,106010
2026-09-13T10:30:38Z,08316,,1,04307,71801,41.379074,2.139723,False,100010
2026-09-13T10:30:38Z,03303,,2,60000,71801,41.529377,-0.25832972,False,103009
2026-09-13T10:30:38Z,04110,,-1,15410,17000,42.761055,-5.6446805,True,106061
2026-09-13T10:30:38Z,04475,,-1,17000,08223,42.284508,-8.603574,False,106060
2026-09-13T10:30:38Z,09123,,-2,31412,08223,42.87096,-8.543515,False,121002
2026-09-13T10:30:38Z,04072,,-1,14223,60911,39.970272,-3.0529268,True,130038
2026-09-13T10:30:38Z,05912,,-1,60000,61200,39.061867,-1.9140881,False,112003
2026-09-13T10:30:38Z,00463,,-10,71801,65000,40.753647,0.6140213,True,130045
2026-09-13T10:30:38Z,02124,,6,60000,51405,40.357407,-3.6734626,True,130034
2026-09-13T10:30:38Z,02123,,8,54413,60000,37.29575,-4.7910953,True,"102006,102014"
2026-09-13T10:30:38Z,00622,,8,71801,08223,42.287983,-1.7424685,True,130037
2026-09-13T10:30:38Z,00621,,7,08223,71801,42.598988,-6.28675,True,130010
2026-09-13T10:30:38Z,13903,,7,54413,51003,37.343567,-5.967811,False,598005
2026-09-13T10:30:38Z,04143,,-9,60911,14223,39.955547,-3.2280777,True,130042
2026-09-13T10:30:38Z,13904,,6,51003,54413,37.156166,-4.7814302,False,"598001,598008"
2026-09-13T10:30:38Z,02120,,11,60000,51003,40.31657,-3.6493373,False,"100001,100004"
2026-09-13T10:30:38Z,02087,,6,56310,60000,37.780964,-5.006377,True,730018
2026-09-13T10:30:38Z,15808,,1,71801,79315,41.68453,2.4896839,False,"449014,449038"
2026-09-13T10:30:38Z,15007,,13,79400,71400,41.11082,1.2326695,False,449028
2026-09-13T10:30:38Z,18912,,-3,30100,10000,40.44862,-3.78379,False,599041
2026-09-13T10:30:38Z,18124,,0,65400,79400,41.111366,1.2533424,False,"448006,448016"
2026-09-13T10:30:38Z,18125,,4,79400,65400,41.185974,1.524699,False,"448004,448014"
2026-09-13T10:30:38Z,38112,,4,11505,10000,42.94408,-2.2862618,False,449057
2026-09-13T10:30:38Z,71830,,16,15211,21010,43.536007,-7.055802,False,"527015,529004"
2026-09-13T10:30:38Z,18122,,50,65400,79400,41.379745,2.1416335,False,449034
2026-09-13T10:30:38Z,18002,,62,11000,10000,40.564735,-3.9248836,False,449039
2026-09-13T10:30:38Z,00299,,1,37606,17000,39.972313,-4.0232954,False,730021
2026-09-13T10:30:38Z,02112,,-2,60000,54413,38.904263,-3.961588,True,102002
2026-09-13T10:30:38Z,18081,,12,37200,60911,38.99954,-1.8472354,False,449025
2026-09-13T10:30:38Z,00697,,-3,71801,50202,38.992287,-0.524618,True,130030
2026-09-13T10:30:38Z,05101,,-1,03216,17000,40.40193,-3.6861496,False,112011
2026-09-13T10:30:38Z,05100,,-1,17000,03216,39.44221,-0.39466286,True,112015
2026-09-13T10:30:38Z,08335,,0,51003,05000,37.585777,-5.746372,False,104017
2026-09-13T10:30:38Z,02111,,1,51003,60000,38.08805,-4.496019,False,103010
2026-09-13T10:30:38Z,02110,,5,60000,51003,38.259453,-4.5728073,False,102010
2026-09-13T10:30:38Z,04494,,1,08223,17000,42.044292,-6.531403,False,106055
2026-09-13T10:30:38Z,08295,,-3,51003,05000,37.184803,-3.6139956,False,104010
2026-09-13T10:30:38Z,04091,,-1,17000,16403,43.258514,-5.786856,True,130007
2026-09-13T10:30:38Z,13079,,10,51003,51405,36.61904,-6.169526,False,449010
2026-09-13T10:30:38Z,18008,,-1,10000,10600,41.627056,-4.7381954,False,449009
2026-09-13T10:30:38Z,15065,,3,79400,65411,41.39203,2.1646564,False,470103
2026-09-13T10:30:38Z,05817,,1,61200,10600,38.99625,-1.8436202,False,106012
2026-09-13T10:30:38Z,15860,,8,79315,71801,41.941265,2.8066227,False,449042
2026-09-13T10:30:38Z,13045,,-7,43019,51003,37.42403,-5.9508524,False,449015
2026-09-13T10:30:38Z,18211,,1,10600,11000,41.64204,-4.7268705,False,599042
2026-09-13T10:30:38Z,03113,,2,60000,71801,41.23569,-2.0190315,False,"103014,103020"
2026-09-13T10:30:38Z,15060,,4,65411,79400,41.303207,2.0106356,False,"470119,470187"
2026-09-13T10:30:38Z,08129,,-1,17000,10600,40.907486,-4.086664,False,"114001,114008"
2026-09-13T10:30:38Z,03112,,-2,71801,60000,41.65835,-0.910729,True,"103022,103024"
2026-09-13T10:30:38Z,08123,,1,92102,60000,39.88699,-3.9313626,False,104002
2026-09-13T10:30:38Z,09730,,1,87089,60000,41.421906,2.1936398,False,100020
2026-09-13T10:30:38Z,05890,,-1,60000,65300,39.76491,-0.20526512,False,100007
2026-09-13T10:30:38Z,15506,,22,04040,78400,41.84968,0.29123613,False,448007
2026-09-13T10:30:38Z,71850,,31,14223,15211,43.4594,-5.0546904,False,527031
2026-09-13T10:30:38Z,18101,,24,14107,14223,42.414196,-4.3572206,False,470156
2026-09-13T10:30:38Z,12482,,3,23008,31400,42.816864,-8.617569,False,599017
2026-09-13T10:30:38Z,18061,,6,10000,11505,41.91732,-4.4962087,False,449051
2026-09-13T10:30:38Z,18183,,4,60911,37200,39.19927,-2.1629605,False,449043
2026-09-13T10:30:38Z,18063,,0,10000,11505,40.42249,-3.7197938,False,449001
2026-09-13T10:30:38Z,03982,,9,03216,51003,38.20181,-4.517431,False,112008
2026-09-13T10:30:38Z,00631,,5,30100,04040,42.520737,-1.6717364,True,121023
2026-09-13T10:30:38Z,02093,,6,54413,60000,40.365913,-3.677103,True,"102005,102007"
2026-09-13T10:30:38Z,08111,,6,37700,60000,38.99691,-3.920235,False,104015
2026-09-13T10:30:38Z,18902,,0,30100,10000,40.974705,-5.638629,False,599037
2026-09-13T10:30:38Z,15634,,1,78400,78600,41.673748,1.2746897,False,447096
2026-09-13T10:30:38Z,18903,,5,10000,30110,40.610477,-4.546833,False,599019
2026-09-13T10:30:38Z,13211,,3,50502,50413,37.876408,-4.819144,False,446060
2026-09-13T10:30:38Z,15910,,2,71801,79315,42.037086,2.9157572,False,447124
2026-09-13T10:30:38Z,18033,,26,50202,17000,40.34205,-3.6838226,False,449002
2026-09-13T10:30:38Z,01112,,6,60911,71801,40.125576,0.15176855,True,130044
2026-09-13T10:30:38Z,04505,,9,17000,08223,42.34844,-7.863292,False,106065
2026-09-13T10:30:38Z,03930,,34,71801,51003,40.312984,-3.6519642,True,"102009,102011"
2026-09-13T10:30:38Z,05312,,12,15100,60911,40.328587,-3.649824,False,112001
2026-09-13T10:30:38Z,12614,,-1,22200,20200,42.465958,-7.3018703,False,440144
2026-09-13T10:30:38Z,17902,,-3,18000,40100,39.97674,-4.713188,False,599043
2026-09-13T10:30:38Z,13940,,1,05000,56310,37.167747,-2.760827,False,599010
2026-09-13T10:30:38Z,03093,,18,60000,04307,41.413082,1.0064237,True,103012
2026-09-13T10:30:38Z,17501,,-2,71300,04040,41.229565,0.54008985,False,470123
2026-09-13T10:30:38Z,15053,,1,79400,73100,41.23764,1.8243415,False,470114
2026-09-13T10:30:38Z,16023,,0,11200,11300,42.841305,-2.6726778,False,470041
2026-09-13T10:30:38Z,01101,,9,04307,60911,39.98709,-0.052880418,True,"130031,130033"
2026-09-13T10:30:38Z,00533,,7,11500,71801,41.36922,1.185645,True,120012
2026-09-13T10:30:38Z,02270,,-1,60000,51003,38.08805,-4.496019,False,103010
2026-09-13T10:30:38Z,12101,,2,15004,15410,43.508995,-5.764328,False,470014
2026-09-13T10:30:38Z,15858,,0,79315,71801,41.63647,2.3540635,False,"447112,447133"
2026-09-13T10:45:24Z,00605,,2,60000,80100,41.872803,-1.3426368,True,120055
2026-09-13T10:45:24Z,71801,,1,21010,05193,43.686348,-7.84965,False,527021
2026-09-13T10:45:24Z,18775,,54,35400,51003,37.662163,-5.712218,False,599047
2026-09-13T10:45:24Z,02109,,7,54413,60000,38.89409,-3.9672627,False,112020
2026-09-13T10:45:24Z,18770,,0,37200,37606,38.668945,-4.3166637,False,599031
2026-09-13T10:45:24Z,02104,,101,60000,51405,38.925343,-3.9549284,True,"130032,130041"
2026-09-13T10:45:24Z,02101,,9,51003,60000,39.206383,-3.8638365,True,103005
2026-09-13T10:45:24Z,02108,,9,60000,54413,37.888145,-4.790148,False,"112025,112027"
2026-09-13T10:45:24Z,18093,,-5,65400,65000,40.753696,0.6141503,False,"470095,470116"
2026-09-13T10:45:24Z,04121,,19,17000,15410,41.643642,-4.7219605,False,106052
2026-09-13T10:45:24Z,08322,,16,60000,92102,40.231983,-3.7450306,False,114003
2026-09-13T10:45:24Z,04086,,-4,11500,17000,41.642113,-4.7267013,False,130005
2026-09-13T10:45:24Z,00283,,-1,13200,11200,43.035828,-3.0039563,False,470124
2026-09-13T10:45:24Z,04080,,-4,15410,17000,40.48689,-3.6754286,True,130004
2026-09-13T10:45:24Z,71811,,21,21010,15211,43.536007,-7.055802,False,"527015,529004"
2026-09-13T10:45:24Z,15032,,32,71300,79400,41.393375,2.1664572,False,449022
2026-09-13T10:45:24Z,00438,,-5,71801,81100,42.459263,-2.3937392,True,120053
2026-09-13T10:45:24Z,18302,,2,30100,10600,41.074993,-5.4195848,False,599003
2026-09-13T10:45:24Z,15036,,7,71300,79400,41.219936,1.7309104,False,447026
2026-09-13T10:45:24Z,03304,,-1,71801,60000,40.933025,-2.6312082,False,103026
2026-09-13T10:45:24Z,03943,,-3,51003,71801,41.658234,-0.9103006,False,"102013,112013"
2026-09-13T10:45:24Z,17050,,6,04040,71300,41.221813,-0.22460552,False,448017
2026-09-13T10:45:24Z,00672,,11,80100,60000,41.772778,-1.1530317,True,"120007,120008"
2026-09-13T10:45:24Z,05721,,0,03216,17000,39.44937,-0.5219947,False,112024
2026-09-13T10:45:24Z,03303,,1,60000,71801,41.628883,0.48243207,False,103009
2026-09-13T10:45:24Z,04110,,-4,15410,17000,42.596363,-5.5828633,True,106061
2026-09-13T10:45:24Z,09123,,0,31412,08223,42.7836,-8.654879,False,121002
2026-09-13T10:45:24Z,12601,,2,15100,20200,42.550068,-5.638,False,470102
2026-09-13T10:45:24Z,05912,,1,60000,61200,38.913387,-1.7556629,False,112003
2026-09-13T10:45:24Z,00463,,1,71801,65000,40.579853,0.43240976,True,130045
2026-09-13T10:45:24Z,02124,,24,60000,51405,40.14176,-3.7680333,True,130034
2026-09-13T10:45:24Z,02123,,8,54413,60000,37.76399,-5.015555,True,"102006,102014"
2026-09-13T10:45:24Z,00622,,8,71801,08223,42.479042,-1.6437634,True,130037
2026-09-13T10:45:24Z,00621,,8,08223,71801,42.608406,-6.130285,True,130010
2026-09-13T10:45:24Z,04143,,-13,60911,14223,40.166843,-3.7293067,True,130042
2026-09-13T10:45:24Z,13904,,3,51003,54413,37.045586,-4.7217736,False,"598001,598008"
2026-09-13T10:45:24Z,02122,,0,60000,54413,40.37812,-3.6823568,True,112014
2026-09-13T10:45:24Z,02121,,2,51003,60000,37.587963,-5.7314143,False,100005
2026-09-13T10:45:24Z,02120,,26,60000,51003,40.05251,-3.8121226,False,"100001,100004"
2026-09-13T10:45:24Z,02087,,4,56310,60000,37.887974,-4.790529,True,730018
2026-09-13T10:45:24Z,15808,,2,71801,79315,41.769375,2.6725416,False,"449014,449038"
2026-09-13T10:45:24Z,18124,,2,65400,79400,41.142723,1.4057415,False,"448006,448016"
2026-09-13T10:45:24Z,15010,,0,71400,79400,41.112797,1.150908,False,"447034,447167"
2026-09-13T10:45:24Z,18125,,4,79400,65400,41.142723,1.4057415,False,"448004,448014"
2026-09-13T10:45:24Z,71830,,16,15211,21010,43.536007,-7.055802,False,"527015,529004"
2026-09-13T10:45:24Z,38112,,8,11505,10000,42.894695,-2.1813557,False,449057
2026-09-13T10:45:24Z,18122,,52,65400,79400,41.388542,2.194405,False,449034
2026-09-13T10:45:24Z,18002,,63,11000,10000,40.468052,-3.8189175,False,449039
2026-09-13T10:45:24Z,00299,,2,37606,17000,40.208168,-3.8563316,False,730021
2026-09-13T10:45:24Z,00694,,1,50202,71801,38.637794,-3.4546535,True,130036
2026-09-13T10:45:24Z,02112,,2,60000,54413,38.66627,-4.243734,True,102002
2026-09-13T10:45:24Z,18081,,12,37200,60911,38.92067,-1.6148734,False,449025
2026-09-13T10:45:24Z,00697,,3,71801,50202,38.942764,-0.64120936,True,130030
2026-09-13T10:45:24Z,08335,,-1,51003,05000,37.787834,-5.203836,False,104017
2026-09-13T10:45:24Z,02111,,2,51003,60000,38.48744,-4.4575453,False,103010
2026-09-13T10:45:24Z,02110,,5,60000,51003,37.925514,-4.6902504,False,102010
2026-09-13T10:45:24Z,04494,,0,08223,17000,41.762333,-5.8609896,False,106055
2026-09-13T10:45:24Z,04091,,3,17000,16403,43.34982,-5.856801,True,130007
2026-09-13T10:45:24Z,13079,,16,51003,51405,36.531235,-6.185831,False,449010
2026-09-13T10:45:24Z,15065,,6,79400,65411,41.379074,2.139723,False,470103
2026-09-13T10:45:24Z,05817,,4,61200,10600,39.299873,-2.0196393,False,106012
2026-09-13T10:45:24Z,15860,,8,79315,71801,41.815166,2.7606325,False,449042
2026-09-13T10:45:24Z,18211,,1,10600,11000,41.766315,-4.62331,False,599042
2026-09-13T10:45:24Z,03113,,-1,60000,71801,41.35024,-1.6313714,False,"103014,103020"
2026-09-13T10:45:24Z,15060,,11,65411,79400,41.363136,2.1162655,False,"470119,470187"
2026-09-13T10:45:24Z,08525,,2,05000,51003,37.19082,-3.6345081,False,104012
2026-09-13T10:45:24Z,08129,,0,17000,10600,41.143448,-4.446129,False,"114001,114008"
2026-09-13T10:45:24Z,03112,,1,71801,60000,41.639744,-1.3057407,True,"103022,103024"
2026-09-13T10:45:24Z,08123,,1,92102,60000,40.305782,-3.6588192,False,104002
2026-09-13T10:45:24Z,09730,,4,87089,60000,41.379074,2.139723,False,100020
2026-09-13T10:45:24Z,05890,,-1,60000,65300,39.963196,-0.06945107,False,100007
2026-09-13T10:45:24Z,15862,,0,79315,71801,42.3668,3.1488557,False,447062
2026-09-13T10:45:24Z,15506,,22,04040,78400,41.707195,0.459005,False,448007
2026-09-13T10:45:24Z,18101,,25,14107,14223,42.598667,-4.316397,False,470156
2026-09-13T10:45:24Z,71850,,31,14223,15211,43.38749,-5.188415,False,527031
2026-09-13T10:45:24Z,18061,,0,10000,11505,42.010456,-4.3105884,False,449051
2026-09-13T10:45:24Z,18183,,4,60911,37200,39.27853,-2.7754042,False,449043
2026-09-13T10:45:24Z,18063,,3,10000,11505,40.46552,-3.8077927,False,449001
2026-09-13T10:45:24Z,03982,,10,03216,51003,37.89446,-4.776895,False,112008
2026-09-13T10:45:24Z,04314,,12,31412,17000,42.326427,-7.8538413,False,106063
2026-09-13T10:45:24Z,00631,,3,30100,04040,42.48402,-1.6486244,True,121023
2026-09-13T10:45:24Z,12528,,1,22308,31412,42.286266,-8.618968,False,599009
2026-09-13T10:45:24Z,05124,,3,17000,03216,40.39912,-3.6772242,False,106011
2026-09-13T10:45:24Z,02494,,1,51003,43019,37.410675,-5.9571586,False,121027
2026-09-13T10:45:24Z,08111,,7,37700,60000,39.42655,-3.8185604,False,104015
2026-09-13T10:45:24Z,15634,,0,78400,78600,41.73,1.5149237,False,447096
2026-09-13T10:45:24Z,18902,,1,30100,10000,40.929794,-5.2553086,False,599037
2026-09-13T10:45:24Z,18903,,5,10000,30110,40.657207,-4.6831155,False,599019
2026-09-13T10:45:24Z,13211,,6,50502,50413,37.912785,-4.7238326,False,446060
2026-09-13T10:45:24Z,18033,,27,50202,17000,40.406128,-3.689053,False,449002
2026-09-13T10:45:24Z,01112,,5,60911,71801,40.360683,0.2981371,True,130044
2026-09-13T10:45:24Z,04505,,11,17000,08223,42.36089,-7.9198284,False,106065
2026-09-13T10:45:24Z,03930,,37,71801,51003,39.90657,-3.882581,True,"102009,102011"
2026-09-13T10:45:24Z,05312,,13,15100,60911,39.945236,-3.5133147,False,112001
2026-09-13T10:45:24Z,12614,,0,22200,20200,42.406895,-7.217433,False,440144
2026-09-13T10:45:24Z,13940,,1,05000,56310,37.095165,-2.5857348,False,599010
2026-09-13T10:45:24Z,17902,,0,18000,40100,39.92153,-4.9246817,False,599043
2026-09-13T10:45:24Z,03093,,23,60000,04307,41.19403,1.2603761,True,103012
2026-09-13T10:45:24Z,17501,,0,71300,04040,41.248653,0.4809413,False,470123
2026-09-13T10:45:24Z,15053,,2,79400,73100,41.204132,1.6760368,False,470114
2026-09-13T10:45:24Z,16023,,0,11200,11300,42.84904,-2.5145676,False,470041
2026-09-13T10:45:24Z,91182,,6,17000,98305,40.48565,-3.6664345,False,"465017,465094"
2026-09-13T10:45:24Z,01101,,12,04307,60911,39.88288,-0.11933266,True,"130031,130033"
2026-09-13T10:45:24Z,00533,,8,11500,71801,41.18829,1.2960767,True,120012
2026-09-13T10:45:24Z,02270,,-1,60000,51003,38.48744,-4.4575453,False,103010
2026-09-13T10:45:24Z,03123,,-2,60000,71801,40.42498,-3.4398282,False,103008
2026-09-13T10:45:24Z,15858,,0,79315,71801,41.55146,2.2506855,False,"447112,447133"
2026-09-13T11:00:48Z,00605,,3,60000,80100,42.058926,-1.5970527,True,120055
2026-09-13T11:00:48Z,71801,,4,21010,05193,43.657055,-7.6001716,False,527021
2026-09-13T11:00:48Z,18775,,48,35400,51003,37.58297,-5.761473,False,599047
2026-09-13T11:00:48Z,02109,,7,54413,60000,39.223316,-3.873196,False,112020
2026-09-13T11:00:48Z,18770,,0,37200,37606,38.668945,-4.3166637,False,599031
2026-09-13T11:00:48Z,02104,,105,60000,51405,38.67178,-4.1613827,True,"130032,130041"
2026-09-13T11:00:48Z,02101,,5,51003,60000,39.840515,-3.8629513,True,103005
2026-09-13T11:00:48Z,02108,,9,60000,54413,37.601463,-4.900578,False,"112025,112027"
2026-09-13T11:00:48Z,18093,,-1,65400,65000,40.59584,0.44947535,False,"470095,470116"
2026-09-13T11:00:48Z,04121,,18,17000,15410,41.946526,-4.4697576,False,106052
2026-09-13T11:00:48Z,08322,,14,60000,92102,39.86298,-4.0012,False,114003
2026-09-13T11:00:48Z,04086,,0,11500,17000,41.32024,-4.729428,False,130005
2026-09-13T11:00:48Z,00283,,-2,13200,11200,42.991844,-2.9808354,False,470124
2026-09-13T11:00:48Z,13009,,7,51003,50500,37.458504,-5.9582024,False,449021
2026-09-13T11:00:48Z,71811,,21,21010,15211,43.536007,-7.055802,False,"527015,529004"
2026-09-13T11:00:48Z,18302,,2,30100,10600,41.22753,-5.09229,False,599003
2026-09-13T11:00:48Z,18021,,-1,71100,11200,41.632397,-0.8668278,False,470094
2026-09-13T11:00:48Z,15036,,7,71300,79400,41.319252,2.0563123,False,447026
2026-09-13T11:00:48Z,12682,,-2,31412,21010,43.28737,-8.33361,False,594105
2026-09-13T11:00:48Z,14461,,0,65312,65300,40.471718,0.45551574,False,447086
2026-09-13T11:00:48Z,13097,,8,51003,43019,37.424637,-5.9510736,False,449015
2026-09-13T11:00:48Z,03304,,1,71801,60000,40.683064,-3.06263,False,103026
2026-09-13T11:00:48Z,03943,,0,51003,71801,41.566185,-0.7833797,False,"102013,112013"
2026-09-13T11:00:48Z,17050,,2,04040,71300,41.240013,-0.042713903,False,448017
2026-09-13T11:00:48Z,00672,,14,80100,60000,41.69688,-1.2274952,True,"120007,120008"
2026-09-13T11:00:48Z,05721,,0,03216,17000,39.549812,-1.2045604,False,112024
2026-09-13T11:00:48Z,03303,,0,60000,71801,41.402073,1.1343312,False,103009
2026-09-13T11:00:48Z,04110,,1,15410,17000,42.493958,-5.5507936,True,106061
2026-09-13T11:00:48Z,09127,,-1,61200,60911,38.04727,-0.9947817,False,104013
2026-09-13T11:00:48Z,09125,,1,60911,61200,38.407085,-0.69411397,False,104014
2026-09-13T11:00:48Z,09123,,1,31412,08223,42.584602,-8.733298,False,121002
2026-09-13T11:00:48Z,09120,,4,22100,31412,42.527546,-8.103995,True,121018
2026-09-13T11:00:48Z,04072,,1,14223,60911,40.03262,-2.1418207,True,130038
2026-09-13T11:00:48Z,12601,,-6,15100,20200,42.433468,-5.887526,False,470102
2026-09-13T11:00:48Z,05912,,0,60000,61200,38.860134,-1.0185066,False,112003
2026-09-13T11:00:48Z,00463,,0,71801,65000,40.427376,0.4146849,True,130045
2026-09-13T11:00:48Z,02124,,23,60000,51405,39.631863,-3.8003566,True,130034
2026-09-13T11:00:48Z,02123,,9,54413,60000,37.8918,-4.783168,True,"102006,102014"
2026-09-13T11:00:48Z,00622,,14,71801,08223,42.588676,-1.6521169,True,130037
2026-09-13T11:00:48Z,00621,,6,08223,71801,42.459934,-6.0470676,True,130010
2026-09-13T11:00:48Z,04143,,-12,60911,14223,40.401672,-3.685649,True,130042
2026-09-13T11:00:48Z,13904,,5,51003,54413,36.974495,-4.7396727,False,"598001,598008"
2026-09-13T11:00:48Z,05113,,0,60911,17000,38.443462,-0.8220167,False,112018
2026-09-13T11:00:48Z,02122,,3,60000,54413,39.9477,-3.8549788,True,112014
2026-09-13T11:00:48Z,02121,,1,51003,60000,37.81026,-5.1095676,False,100005
2026-09-13T11:00:48Z,02120,,25,60000,51003,39.461422,-3.8245711,False,"100001,100004"
2026-09-13T11:00:48Z,02087,,4,56310,60000,37.88798,-4.7905107,True,730018
2026-09-13T11:00:48Z,15808,,1,71801,79315,41.89054,2.8111038,False,"449014,449038"
2026-09-13T11:00:48Z,15009,,6,79400,71210,41.40132,2.1788065,False,447181
2026-09-13T11:00:48Z,18124,,1,65400,79400,41.204132,1.6760368,False,"448006,448016"
2026-09-13T11:00:48Z,15010,,0,71400,79400,41.12089,1.2778791,False,"447034,447167"
2026-09-13T11:00:48Z,18125,,6,79400,65400,41.120148,1.1422153,False,"448004,448014"
2026-09-13T11:00:48Z,71830,,16,15211,21010,43.536007,-7.055802,False,"527015,529004"
2026-09-13T11:00:48Z,38112,,6,11505,10000,42.842945,-2.4547565,False,449057
2026-09-13T11:00:48Z,00299,,11,37606,17000,40.296734,-3.7924755,False,730021
2026-09-13T11:00:48Z,00694,,3,50202,71801,38.79002,-3.4050736,True,130036
2026-09-13T11:00:48Z,02112,,5,60000,54413,38.344673,-4.509536,True,102002
2026-09-13T11:00:48Z,18081,,12,37200,60911,38.921318,-1.2295256,False,449025
2026-09-13T11:00:48Z,00697,,2,71801,50202,38.77183,-0.91171426,True,130030
2026-09-13T11:00:48Z,08335,,-3,51003,05000,37.88822,-4.789969,False,104017
2026-09-13T11:00:48Z,02111,,6,51003,60000,38.683403,-4.121975,False,103010
2026-09-13T11:00:48Z,02110,,4,60000,51003,37.828495,-4.9675508,False,102010
2026-09-13T11:00:48Z,04494,,0,08223,17000,41.528236,-5.698599,False,106055
2026-09-13T11:00:48Z,04091,,6,17000,16403,43.44253,-5.815854,True,130007
2026-09-13T11:00:48Z,13079,,18,51003,51405,36.50329,-6.2722254,False,449010
2026-09-13T11:00:48Z,15065,,4,79400,65411,41.26706,1.9571081,False,470103
2026-09-13T11:00:48Z,05817,,4,61200,10600,39.84245,-2.012673,False,106012
2026-09-13T11:00:48Z,15860,,13,79315,71801,41.720848,2.5467052,False,449042
2026-09-13T11:00:48Z,18211,,4,10600,11000,41.871243,-4.540645,False,599042
2026-09-13T11:00:48Z,03113,,0,60000,71801,41.68228,-1.1346409,False,"103014,103020"
2026-09-13T11:00:48Z,15060,,14,65411,79400,41.39203,2.1646564,False,"470119,470187"
2026-09-13T11:00:48Z,08129,,-2,17000,10600,41.56602,-4.760059,False,"114001,114008"
2026-09-13T11:00:48Z,08525,,2,05000,51003,37.186825,-4.0815983,False,104012
2026-09-13T11:00:48Z,03112,,2,71801,60000,41.31551,-1.740011,True,"103022,103024"
2026-09-13T11:00:48Z,09730,,0,87089,60000,41.333683,2.0982459,False,100020
2026-09-13T11:00:48Z,15862,,0,79315,71801,42.26521,2.9689693,False,447062
2026-09-13T11:00:48Z,15506,,24,04040,78400,41.630714,0.49956968,False,448007
2026-09-13T11:00:48Z,18101,,24,14107,14223,42.656857,-4.3112574,False,470156
2026-09-13T11:00:48Z,71850,,31,14223,15211,43.38749,-5.188415,False,527031
2026-09-13T11:00:48Z,18061,,3,10000,11505,42.18212,-4.044974,False,449051
2026-09-13T11:00:48Z,18183,,5,60911,37200,39.39426,-3.1177819,False,449043
2026-09-13T11:00:48Z,18063,,4,10000,11505,40.60037,-3.9821768,False,449001
2026-09-13T11:00:48Z,03982,,8,03216,51003,37.81126,-5.059473,False,112008
2026-09-13T11:00:48Z,04314,,10,31412,17000,42.25535,-7.797866,False,106063
2026-09-13T11:00:48Z,09725,,2,60000,87089,40.36472,-3.6764922,False,100023
2026-09-13T11:00:48Z,00631,,9,30100,04040,42.292233,-1.7407643,True,121023
2026-09-13T11:00:48Z,12528,,2,22308,31412,42.400597,-8.635873,False,599009
2026-09-13T11:00:48Z,05124,,4,17000,03216,40.120544,-3.679942,False,106011
2026-09-13T11:00:48Z,15914,,5,71801,79315,41.411213,2.1903107,False,447178
2026-09-13T11:00:48Z,02494,,1,51003,43019,37.426792,-6.057503,False,121027
2026-09-13T11:00:48Z,08111,,5,37700,60000,39.817352,-3.8544245,False,104015
2026-09-13T11:00:48Z,18902,,1,30100,10000,40.865463,-5.0568757,False,599037
2026-09-13T11:00:48Z,15634,,10,78400,78600,41.721878,1.5328385,False,447096
2026-09-13T11:00:48Z,18903,,7,10000,30110,40.75159,-4.785972,False,599019
2026-09-13T11:00:48Z,15910,,0,71801,79315,42.281742,2.9995308,False,447124
2026-09-13T11:00:48Z,15635,,6,78600,78400,41.692795,1.4797977,False,447131
2026-09-13T11:00:48Z,01112,,6,60911,71801,40.639465,0.4961223,True,130044
2026-09-13T11:00:48Z,04505,,9,17000,08223,42.64165,-8.143042,False,106065
2026-09-13T11:00:48Z,03930,,36,71801,51003,39.35109,-3.8648033,True,"102009,102011"
2026-09-13T11:00:48Z,05312,,8,15100,60911,40.022808,-2.669458,False,112001
2026-09-13T11:00:48Z,12614,,0,22200,20200,42.3925,-7.1132607,False,440144
2026-09-13T11:00:48Z,13940,,0,05000,56310,36.972763,-2.5296102,False,599010
2026-09-13T11:00:48Z,17902,,-2,18000,40100,39.92044,-5.1946235,False,599043
2026-09-13T11:00:48Z,12694,,4,22100,20309,42.436375,-7.702682,False,594011
2026-09-13T11:00:48Z,03093,,25,60000,04307,41.320957,1.673654,True,103012
2026-09-13T11:00:48Z,12453,,1,31412,22308,43.254105,-8.452512,False,599034
2026-09-13T11:00:48Z,17501,,-1,71300,04040,41.21371,0.24228084,False,470123
2026-09-13T11:00:48Z,15053,,9,79400,73100,41.185974,1.524699,False,470114
2026-09-13T11:00:48Z,16023,,0,11200,11300,42.86924,-2.3067968,False,470041
2026-09-13T11:00:48Z,01101,,15,04307,60911,39.672745,-0.27345267,True,"130031,130033"
2026-09-13T11:00:48Z,00533,,10,11500,71801,41.456837,1.8516749,True,120012
2026-09-13T11:00:48Z,02270,,-1,60000,51003,38.683403,-4.121975,False,103010
2026-09-13T11:00:48Z,03123,,0,60000,71801,40.73088,-3.0162785,False,103008
2026-09-13T11:00:48Z,01460,,1,61307,65000,37.97463,-1.1315808,True,"334004,6B4"
2026-09-13T11:00:48Z,15858,,3,79315,71801,41.43322,2.1950214,False,"447112,447133"
2026-09-13T11:15:24Z,00605,,5,60000,80100,42.21306,-1.7107273,True,120055
2026-09-13T11:15:24Z,71801,,22,21010,05193,43.657055,-7.6001716,False,527021
2026-09-13T11:15:24Z,18775,,52,35400,51003,37.505333,-5.911867,False,599047
2026-09-13T11:15:24Z,02109,,4,54413,60000,39.778225,-3.8335762,False,112020
2026-09-13T11:15:24Z,18770,,0,37200,37606,38.740387,-4.7302876,False,599031
2026-09-13T11:15:24Z,02104,,107,60000,51405,38.44702,-4.438568,True,"130032,130041"
2026-09-13T11:15:24Z,02101,,3,51003,60000,40.26316,-3.7280145,True,103005
2026-09-13T11:15:24Z,02108,,10,60000,54413,37.266243,-4.781298,False,"112025,112027"
2026-09-13T11:15:24Z,18093,,0,65400,65000,40.427723,0.4150037,False,"470095,470116"
2026-09-13T11:15:24Z,04121,,16,17000,15410,42.06474,-4.6036754,False,106052
2026-09-13T11:15:24Z,04086,,0,11500,17000,40.9791,-4.2379417,False,130005
2026-09-13T11:15:24Z,00283,,0,13200,11200,43.01011,-2.949428,False,470124
2026-09-13T11:15:24Z,13009,,5,51003,50500,37.574764,-5.8031526,False,449021
2026-09-13T11:15:24Z,71811,,15,21010,15211,43.537888,-6.5364127,False,529004
2026-09-13T11:15:24Z,18302,,4,30100,10600,41.33037,-4.8944473,False,599003
2026-09-13T11:15:24Z,18021,,2,71100,11200,41.704613,-0.9881054,False,470094
2026-09-13T11:15:24Z,15036,,2,71300,79400,41.38843,2.1598527,False,447026
2026-09-13T11:15:24Z,12682,,-1,31412,21010,43.28535,-8.230727,False,594105
2026-09-13T11:15:24Z,14461,,3,65312,65300,40.331432,0.24922164,False,447086
2026-09-13T11:15:24Z,13097,,5,51003,43019,37.42923,-6.06334,False,449015
2026-09-13T11:15:24Z,03304,,-2,71801,60000,40.43388,-3.3572664,False,103026
2026-09-13T11:15:24Z,03943,,1,51003,71801,41.528324,-0.20002243,False,"102013,112013"
2026-09-13T11:15:24Z,17050,,1,04040,71300,41.22487,0.18997401,False,448017
2026-09-13T11:15:24Z,00672,,19,80100,60000,41.61504,-1.3118978,True,"120007,120008"
2026-09-13T11:15:24Z,05721,,0,03216,17000,39.553978,-1.9411863,False,112024
2026-09-13T11:15:24Z,03303,,1,60000,71801,41.268898,1.5944028,False,103009
2026-09-13T11:15:24Z,04110,,1,15410,17000,42.25417,-4.9218764,True,106061
2026-09-13T11:15:24Z,09127,,0,61200,60911,38.14041,-0.8709897,False,104013
2026-09-13T11:15:24Z,09125,,2,60911,61200,38.23637,-0.78015,False,104014
2026-09-13T11:15:24Z,09123,,2,31412,08223,42.42083,-8.635681,False,121002
2026-09-13T11:15:24Z,09120,,-3,22100,31412,42.799774,-8.424255,True,121018
2026-09-13T11:15:24Z,04072,,0,14223,60911,39.540573,-1.9696059,True,130038
2026-09-13T11:15:24Z,12601,,5,15100,20200,42.414436,-5.9639616,False,470102
2026-09-13T11:15:24Z,17218,,-2,10600,10400,41.52407,-4.754683,False,440237
2026-09-13T11:15:24Z,17026,,0,37500,18000,38.93554,-6.397025,False,599050
2026-09-13T11:15:24Z,91793,,14,98305,17000,40.48346,-3.676902,False,"465017,465094"
2026-09-13T11:15:24Z,05912,,0,60000,61200,38.542492,-0.8496167,False,112003
2026-09-13T11:15:24Z,00463,,2,71801,65000,40.22986,0.21751559,True,130045
2026-09-13T11:15:24Z,02124,,21,60000,51405,39.165653,-3.860864,True,130034
2026-09-13T11:15:24Z,02123,,8,54413,60000,38.20101,-4.516877,True,"102006,102014"
2026-09-13T11:15:24Z,00622,,16,71801,08223,42.753002,-1.6341834,True,130037
2026-09-13T11:15:24Z,00621,,8,08223,71801,42.496918,-5.7862043,True,130010
2026-09-13T11:15:24Z,04143,,-14,60911,14223,40.474033,-3.6806037,True,130042
2026-09-13T11:15:24Z,13904,,5,51003,54413,36.888878,-4.7345634,False,"598001,598008"
2026-09-13T11:15:24Z,05113,,-3,60911,17000,38.907417,-1.3882979,False,112018
2026-09-13T11:15:24Z,02122,,1,60000,54413,39.426212,-3.8187068,True,112014
2026-09-13T11:15:24Z,02121,,0,51003,60000,37.887783,-4.790954,False,100005
2026-09-13T11:15:24Z,02120,,23,60000,51003,39.10146,-3.8868535,False,"100001,100004"
2026-09-13T11:15:24Z,02087,,4,56310,60000,37.887978,-4.79052,True,730018
2026-09-13T11:15:24Z,15808,,0,71801,79315,42.027122,2.873889,False,"449014,449038"
2026-09-13T11:15:24Z,15009,,5,79400,71210,41.33672,2.10694,False,447181
2026-09-13T11:15:24Z,18124,,-1,65400,79400,41.255737,1.9090843,False,"448006,448016"
2026-09-13T11:15:24Z,15010,,3,71400,79400,41.149178,1.422236,False,"447034,447167"
2026-09-13T11:15:24Z,18125,,7,79400,65400,41.08109,1.0452087,False,"448004,448014"
2026-09-13T11:15:24Z,18126,,2,65400,79400,40.80719,0.522854,False,470070
2026-09-13T11:15:24Z,71830,,23,15211,21010,43.657055,-7.6001716,False,527015
2026-09-13T11:15:24Z,38112,,6,11505,10000,42.85407,-2.7181332,False,449057
2026-09-13T11:15:24Z,00299,,11,37606,17000,40.368324,-3.6780815,False,730021
2026-09-13T11:15:24Z,00694,,3,50202,71801,39.00356,-3.3746696,True,130036
2026-09-13T11:15:24Z,02112,,4,60000,54413,37.973484,-4.5991855,True,102002
2026-09-13T11:15:24Z,18081,,13,37200,60911,38.79317,-0.96923125,False,449025
2026-09-13T11:15:24Z,00697,,4,71801,50202,38.875572,-1.1616517,True,130030
2026-09-13T11:15:24Z,08336,,0,04307,71801,42.204983,2.9398441,False,103002
2026-09-13T11:15:24Z,08335,,-4,51003,05000,37.86122,-4.8695693,False,104017
2026-09-13T11:15:24Z,02111,,7,51003,60000,39.021576,-3.9236715,False,103010
2026-09-13T11:15:24Z,02110,,6,60000,51003,37.744675,-5.285627,False,102010
2026-09-13T11:15:24Z,04494,,1,08223,17000,41.34931,-5.070164,False,106055
2026-09-13T11:15:24Z,04091,,6,17000,16403,43.536827,-5.88512,True,130007
2026-09-13T11:15:24Z,15065,,9,79400,65411,41.219936,1.7309104,False,470103
2026-09-13T11:15:24Z,15062,,1,65411,79400,41.104095,1.1710058,False,470071
2026-09-13T11:15:24Z,05817,,6,61200,10600,40.04529,-2.2707677,False,106012
2026-09-13T11:15:24Z,15860,,9,79315,71801,41.61895,2.2947924,False,449042
2026-09-13T11:15:24Z,03113,,-2,60000,71801,41.657555,-0.907831,False,"103014,103020"
2026-09-13T11:15:24Z,08525,,2,05000,51003,37.145187,-4.205822,False,104012
2026-09-13T11:15:24Z,18170,,4,17000,37200,40.406128,-3.689053,False,449002
2026-09-13T11:15:24Z,08125,,5,51003,54413,37.402153,-5.9621854,False,104009
2026-09-13T11:15:24Z,03112,,-4,71801,60000,41.0816,-2.4103494,True,"103022,103024"
2026-09-13T11:15:24Z,09730,,1,87089,60000,41.27311,1.5993971,False,100020
2026-09-13T11:15:24Z,15862,,3,79315,71801,42.127758,2.9702125,False,447062
2026-09-13T11:15:24Z,18101,,29,14107,14223,42.785267,-4.233622,False,470156
2026-09-13T11:15:24Z,71850,,33,14223,15211,43.35193,-5.3690815,False,527031
2026-09-13T11:15:24Z,18061,,5,10000,11505,42.33958,-3.795717,False,449051
2026-09-13T11:15:24Z,18183,,7,60911,37200,39.395874,-3.2055266,False,449043
2026-09-13T11:15:24Z,18063,,4,10000,11505,40.585213,-4.1321983,False,449001
2026-09-13T11:15:24Z,02135,,4,51405,60000,36.522804,-6.281275,False,120059
2026-09-13T11:15:24Z,03982,,9,03216,51003,37.67522,-5.497179,False,112008
2026-09-13T11:15:24Z,04314,,10,31412,17000,42.047874,-7.0539517,False,106063
2026-09-13T11:15:24Z,09725,,2,60000,87089,40.43166,-3.3628798,False,100023
2026-09-13T11:15:24Z,00631,,9,30100,04040,42.121033,-1.6141499,True,121023
2026-09-13T11:15:24Z,12528,,1,22308,31412,42.54654,-8.649709,False,599009
2026-09-13T11:15:24Z,05124,,1,17000,03216,39.973034,-3.0117207,False,106011
2026-09-13T11:15:24Z,15914,,8,71801,79315,41.51069,2.2000556,False,447178
2026-09-13T11:15:24Z,02494,,10,51003,43019,37.40592,-6.1275706,False,121027
2026-09-13T11:15:24Z,02130,,4,60000,51003,40.30942,-3.654165,False,100002
2026-09-13T11:15:24Z,08111,,3,37700,60000,40.329865,-3.6501164,False,104015
2026-09-13T11:15:24Z,18902,,4,30100,10000,40.80153,-4.8388715,False,599037
2026-09-13T11:15:24Z,15634,,10,78400,78600,41.738804,1.6274701,False,447096
2026-09-13T11:15:24Z,18903,,3,10000,30110,40.830994,-4.925964,False,599019
2026-09-13T11:15:24Z,13218,,3,50413,50502,37.892735,-4.7810764,False,446060
2026-09-13T11:15:24Z,15635,,6,78600,78400,41.68057,1.3044459,False,447131
2026-09-13T11:15:24Z,15910,,0,71801,79315,42.38502,3.1516395,False,447124
2026-09-13T11:15:24Z,15042,,0,78400,73003,41.569088,0.7070215,False,447110
2026-09-13T11:15:24Z,14474,,0,60902,60913,38.514786,-0.8073901,False,447005
2026-09-13T11:15:24Z,01112,,2,60911,71801,40.954483,0.86892176,True,130044
2026-09-13T11:15:24Z,04505,,9,17000,08223,42.870426,-8.544997,False,106065
2026-09-13T11:15:24Z,03930,,38,71801,51003,38.984367,-3.9125638,True,"102009,102011"
2026-09-13T11:15:24Z,05312,,7,15100,60911,40.03385,-2.143566,False,112001
2026-09-13T11:15:24Z,12614,,0,22200,20200,42.418304,-6.9850497,False,440144
2026-09-13T11:15:24Z,17902,,0,18000,40100,39.89516,-5.5444098,False,599043
2026-09-13T11:15:24Z,12694,,1,22100,20309,42.511528,-7.5217166,False,594011
2026-09-13T11:15:24Z,03093,,22,60000,04307,41.33791,2.0567286,True,103012
2026-09-13T11:15:24Z,12453,,4,31412,22308,43.091473,-8.475505,False,599034
2026-09-13T11:15:24Z,17501,,-1,71300,04040,41.231873,0.10781819,False,470123
2026-09-13T11:15:24Z,15053,,9,79400,73100,41.142723,1.4057415,False,470114
2026-09-13T11:15:24Z,01101,,22,04307,60911,39.484467,-0.33178982,True,"130031,130033"
2026-09-13T11:15:24Z,00533,,9,11500,71801,41.34738,2.1149518,True,120012
2026-09-13T11:15:24Z,02270,,-1,60000,51003,39.021576,-3.9236715,False,103010
2026-09-13T11:15:24Z,03123,,0,60000,71801,41.008728,-2.4961326,False,103008
2026-09-13T11:15:24Z,01460,,-2,61307,65000,37.976032,-1.0885359,True,"334004,6B4"
2026-09-13T11:29:05Z,00605,,4,60000,80100,42.4418,-1.6308885,True,120055
2026-09-13T11:29:05Z,71801,,22,21010,05193,43.657055,-7.6001716,False,527021
2026-09-13T11:29:05Z,18775,,56,35400,51003,37.401947,-5.9625864,False,599047
2026-09-13T11:29:05Z,02109,,1,54413,60000,40.159824,-3.758014,False,112020
2026-09-13T11:29:05Z,18770,,0,37200,37606,38.699295,-4.929508,False,599031
2026-09-13T11:29:05Z,02104,,109,60000,51405,38.094673,-4.494224,True,"130032,130041"
2026-09-13T11:29:05Z,02108,,8,60000,54413,37.044765,-4.714715,False,"112025,112027"
2026-09-13T11:29:05Z,18093,,-7,65400,65000,40.304623,0.22888201,False,"470095,470116"
2026-09-13T11:29:05Z,04121,,11,17000,15410,42.321968,-5.030694,False,106052
2026-09-13T11:29:05Z,04086,,1,11500,17000,40.903496,-4.075348,False,130005
2026-09-13T11:29:05Z,00283,,-3,13200,11200,42.917614,-2.898249,False,470124
2026-09-13T11:29:05Z,13009,,7,51003,50500,37.66125,-5.531011,False,449021
2026-09-13T11:29:05Z,71811,,15,21010,15211,43.537888,-6.5364127,False,529004
2026-09-13T11:29:05Z,18302,,5,30100,10600,41.440605,-4.792678,False,599003
2026-09-13T11:29:05Z,18021,,-1,71100,11200,41.771507,-1.1123801,False,470094
2026-09-13T11:29:05Z,12682,,0,31412,21010,43.349556,-8.207455,False,594105
2026-09-13T11:29:05Z,14461,,3,65312,65300,40.212067,0.19918443,False,447086
2026-09-13T11:29:05Z,13097,,12,51003,43019,37.40092,-6.170162,False,449015
2026-09-13T11:29:05Z,03304,,-2,71801,60000,40.355194,-3.6720147,False,103026
2026-09-13T11:29:05Z,03943,,0,51003,71801,41.62798,0.47100705,False,"102013,112013"
2026-09-13T11:29:05Z,17050,,2,04040,71300,41.21371,0.24228084,False,448017
2026-09-13T11:29:05Z,05721,,0,03216,17000,40.027893,-2.1351345,False,112024
2026-09-13T11:29:05Z,03303,,-1,60000,71801,41.370396,2.0332687,False,103009
2026-09-13T11:29:05Z,04110,,1,15410,17000,42.082058,-4.622845,True,106061
2026-09-13T11:29:05Z,09127,,0,61200,60911,38.36297,-0.70712346,False,104013
2026-09-13T11:29:05Z,09125,,3,60911,61200,38.081287,-0.9391421,False,104014
2026-09-13T11:29:05Z,09120,,5,22100,31412,42.871517,-8.54218,True,121018
2026-09-13T11:29:05Z,12601,,0,15100,20200,42.45945,-6.0470614,False,470102
2026-09-13T11:29:05Z,17218,,0,10600,10400,41.48882,-4.7730064,False,440237
2026-09-13T11:29:05Z,17026,,-3,37500,18000,39.158813,-6.357178,False,599050
2026-09-13T11:29:05Z,05912,,-3,60000,61200,38.349895,-0.51424223,False,112003
2026-09-13T11:29:05Z,00463,,5,71801,65000,40.058765,0.058705337,True,130045
2026-09-13T11:29:05Z,02124,,21,60000,51405,39.165573,-3.860886,True,130034
2026-09-13T11:29:05Z,02123,,9,54413,60000,38.536774,-4.42935,True,"102006,102014"
2026-09-13T11:29:05Z,00622,,17,71801,08223,42.82521,-1.6612065,True,130037
2026-09-13T11:29:05Z,00621,,7,08223,71801,42.572933,-5.5800524,True,130010
2026-09-13T11:29:05Z,04143,,-14,60911,14223,40.474033,-3.6806037,True,130042
2026-09-13T11:29:05Z,13904,,5,51003,54413,36.818485,-4.7022457,False,"598001,598008"
2026-09-13T11:29:05Z,05113,,-4,60911,17000,38.95349,-1.7845494,False,112018
2026-09-13T11:29:05Z,02122,,1,60000,54413,39.182026,-3.857037,True,112014
2026-09-13T11:29:05Z,02121,,2,51003,60000,38.072376,-4.5035725,False,100005
2026-09-13T11:29:05Z,02087,,48,56310,60000,37.89771,-4.7691746,True,730018
2026-09-13T11:29:05Z,02120,,23,60000,51003,39.10145,-3.8868566,False,"100001,100004"
2026-09-13T11:29:05Z,15808,,0,71801,79315,42.159164,2.9880838,False,"449014,449038"
2026-09-13T11:29:05Z,15009,,3,79400,71210,41.26694,1.9560841,False,447181
2026-09-13T11:29:05Z,18124,,4,65400,79400,41.30931,2.0274866,False,"448006,448016"
2026-09-13T11:29:05Z,15010,,2,71400,79400,41.19467,1.6306201,False,"447034,447167"
2026-09-13T11:29:05Z,18125,,5,79400,65400,40.999844,0.9126038,False,"448004,448014"
2026-09-13T11:29:05Z,18126,,1,65400,79400,40.753696,0.6141503,False,470070
2026-09-13T11:29:05Z,18127,,3,79400,65400,41.38422,2.1855106,False,"448001,448025"
2026-09-13T11:29:05Z,38112,,9,11505,10000,42.73701,-2.874411,False,449057
2026-09-13T11:29:05Z,71830,,23,15211,21010,43.657055,-7.6001716,False,527015
2026-09-13T11:29:05Z,00299,,7,37606,17000,40.406128,-3.689053,False,730021
2026-09-13T11:29:05Z,00694,,3,50202,71801,39.1554,-3.235829,True,130036
2026-09-13T11:29:05Z,02112,,3,60000,54413,37.857277,-4.88277,True,102002
2026-09-13T11:29:05Z,18081,,15,37200,60911,38.634888,-0.8697013,False,449025
2026-09-13T11:29:05Z,00697,,4,71801,50202,38.90617,-1.4913104,True,130030
2026-09-13T11:29:05Z,08336,,0,04307,71801,41.979424,2.8167083,False,103002
2026-09-13T11:29:05Z,08335,,-3,51003,05000,37.384987,-4.836989,False,104017
2026-09-13T11:29:05Z,02111,,4,51003,60000,39.529808,-3.8239741,False,103010
2026-09-13T11:29:05Z,02110,,2,60000,51003,37.548347,-5.864057,False,102010
2026-09-13T11:29:05Z,04494,,0,08223,17000,41.285515,-4.700361,False,106055
2026-09-13T11:29:05Z,15065,,10,79400,65411,41.192413,1.6064769,False,470103
2026-09-13T11:29:05Z,15062,,0,65411,79400,41.111366,1.2533424,False,470071
2026-09-13T11:29:05Z,05817,,5,61200,10600,39.99394,-2.9533505,False,106012
2026-09-13T11:29:05Z,15860,,11,79315,71801,41.504475,2.1952264,False,449042
2026-09-13T11:29:05Z,03113,,-1,60000,71801,41.513496,-0.5826807,False,"103014,103020"
2026-09-13T11:29:05Z,04325,,1,17000,20309,40.553917,-3.7125268,True,730025
2026-09-13T11:29:05Z,08525,,1,05000,51003,37.036182,-4.53681,False,104012
2026-09-13T11:29:05Z,18170,,4,17000,37200,40.27591,-3.7046993,False,449002
2026-09-13T11:29:05Z,08125,,4,51003,54413,37.619324,-5.5961375,False,104009
2026-09-13T11:29:05Z,03112,,0,71801,60000,40.90399,-2.6863985,True,"103022,103024"
2026-09-13T11:29:05Z,09730,,2,87089,60000,41.191803,1.2728324,False,100020
2026-09-13T11:29:05Z,15864,,0,79315,71801,42.405037,3.153258,False,"449026,449030"
2026-09-13T11:29:05Z,15862,,2,79315,71801,42.036682,2.9140577,False,447062
2026-09-13T11:29:05Z,71850,,35,14223,15211,43.355488,-5.43438,False,527031
2026-09-13T11:29:05Z,18101,,28,14107,14223,42.95099,-4.1356554,False,470156
2026-09-13T11:29:05Z,18061,,6,10000,11505,42.374508,-3.6160426,False,449051
2026-09-13T11:29:05Z,02137,,2,51003,60000,37.570126,-5.8259397,False,112019
2026-09-13T11:29:05Z,18183,,7,60911,37200,39.12769,-3.2415254,False,449043
2026-09-13T11:29:05Z,18063,,6,10000,11505,40.520798,-4.2466307,False,449001
2026-09-13T11:29:05Z,02135,,1,51405,60000,36.468014,-6.2068243,False,120059
2026-09-13T11:29:05Z,03982,,1,03216,51003,37.442905,-5.9595656,False,112008
2026-09-13T11:29:05Z,09725,,0,60000,87089,40.586636,-3.1258204,False,100023
2026-09-13T11:29:05Z,00631,,11,30100,04040,41.970978,-1.4866483,True,121023
2026-09-13T11:29:05Z,12528,,1,22308,31412,42.630516,-8.763419,False,599009
2026-09-13T11:29:05Z,05124,,0,17000,03216,40.03587,-2.3001423,False,106011
2026-09-13T11:29:05Z,15914,,5,71801,79315,41.63313,2.3668392,False,447178
2026-09-13T11:29:05Z,02494,,13,51003,43019,37.32223,-6.243934,False,121027
2026-09-13T11:29:05Z,02130,,2,60000,51003,39.82421,-3.8584168,False,100002
2026-09-13T11:29:05Z,18902,,4,30100,10000,40.734123,-4.744723,False,599037
2026-09-13T11:29:05Z,15634,,10,78400,78600,41.730118,1.7460885,False,447096
2026-09-13T11:29:05Z,18903,,3,10000,30110,40.86992,-4.9680905,False,599019
2026-09-13T11:29:05Z,14545,,0,61307,61200,37.605175,-0.97484106,False,592017
2026-09-13T11:29:05Z,14542,,-2,61200,61307,37.994877,-0.9830681,False,599006
2026-09-13T11:29:05Z,13218,,7,50413,50502,37.861057,-4.8705587,False,446060
2026-09-13T11:29:05Z,15635,,5,78600,78400,41.654686,1.1442978,False,447131
2026-09-13T11:29:05Z,15042,,2,78400,73003,41.52808,0.8658122,False,447110
2026-09-13T11:29:05Z,17102,,2,10400,10203,40.608196,-4.5279646,False,465045
2026-09-13T11:29:05Z,14474,,0,60902,60913,38.407116,-0.77724546,False,447005
2026-09-13T11:29:05Z,01112,,-12,60911,71801,41.13695,1.1536294,True,130044
2026-09-13T11:29:05Z,04505,,9,17000,08223,42.840927,-8.605155,False,106065
2026-09-13T11:29:05Z,03930,,40,71801,51003,38.881443,-3.9810698,True,"102009,102011"
2026-09-13T11:29:05Z,05312,,7,15100,60911,39.63965,-1.9506757,False,112001
2026-09-13T11:29:05Z,12614,,0,22200,20200,42.420643,-6.8294034,False,440144
2026-09-13T11:29:05Z,17902,,0,18000,40100,39.897743,-5.6413507,False,599043
2026-09-13T11:29:05Z,12694,,1,22100,20309,42.63722,-7.4837384,False,594011
2026-09-13T11:29:05Z,03093,,17,60000,04307,41.379074,2.139723,True,103012
2026-09-13T11:29:05Z,12453,,6,31412,22308,42.88839,-8.507453,False,599034
2026-09-13T11:29:05Z,17501,,0,71300,04040,41.240013,-0.04271401,False,470123
2026-09-13T11:29:05Z,15053,,8,79400,73100,41.111366,1.2533424,False,470114
2026-09-13T11:29:05Z,01101,,13,04307,60911,39.465313,-0.37756127,True,"130031,130033"
2026-09-13T11:29:05Z,08935,,1,05000,54413,37.185837,-3.6190438,False,104010
2026-09-13T11:29:05Z,02270,,-1,60000,51003,39.529808,-3.8239741,False,103010
2026-09-13T11:29:05Z,03123,,0,60000,71801,41.24066,-1.9961671,False,103008
2026-09-13T11:29:05Z,01460,,-3,61307,65000,38.077766,-0.9444082,True,"334004,6B4"
2026-09-13T11:29:05Z,08130,,3,60000,37700,40.3396,-3.6578465,False,100011
2026-09-13T11:29:05Z,13955,,1,56310,05000,36.883743,-2.4364133,False,599010
2026-09-13T11:30:35Z,00605,,4,60000,80100,42.445633,-1.6312252,True,120055
2026-09-13T11:30:35Z,71801,,22,21010,05193,43.657055,-7.6001716,False,527021
2026-09-13T11:30:35Z,18775,,56,35400,51003,37.395554,-5.9712462,False,599047
2026-09-13T11:30:35Z,02109,,1,54413,60000,40.27001,-3.7179048,False,112020
2026-09-13T11:30:35Z,18770,,0,37200,37606,38.699295,-4.929508,False,599031
2026-09-13T11:30:35Z,02104,,109,60000,51405,38.050037,-4.51996,True,"130032,130041"
2026-09-13T11:30:35Z,02108,,9,60000,54413,36.969845,-4.735296,False,"112025,112027"
2026-09-13T11:30:35Z,18093,,-7,65400,65000,40.304623,0.22888201,False,"470095,470116"
2026-09-13T11:30:35Z,04121,,11,17000,15410,42.359497,-5.068329,False,106052
2026-09-13T11:30:35Z,04086,,1,11500,17000,40.910343,-4.094772,False,130005
2026-09-13T11:30:35Z,00283,,-3,13200,11200,42.9029,-2.8980792,False,470124
2026-09-13T11:30:35Z,13009,,7,51003,50500,37.66125,-5.531011,False,449021
2026-09-13T11:30:35Z,71811,,15,21010,15211,43.537888,-6.5364127,False,529004
2026-09-13T11:30:35Z,18302,,5,30100,10600,41.467667,-4.7836504,False,599003
2026-09-13T11:30:35Z,18021,,-1,71100,11200,41.771507,-1.1123801,False,470094
2026-09-13T11:30:35Z,12682,,0,31412,21010,43.35932,-8.202657,False,594105
2026-09-13T11:30:35Z,14461,,4,65312,65300,40.212067,0.19918443,False,447086
2026-09-13T11:30:35Z,13097,,12,51003,43019,37.3867,-6.1943383,False,449015
2026-09-13T11:30:35Z,03304,,-2,71801,60000,40.394203,-3.673439,False,103026
2026-09-13T11:30:35Z,03943,,0,51003,71801,41.62535,0.5482926,False,"102013,112013"
2026-09-13T11:30:35Z,17050,,2,04040,71300,41.22487,0.35099548,False,448017
2026-09-13T11:30:35Z,00672,,18,80100,60000,41.34681,-1.6376005,True,"120007,120008"
2026-09-13T11:30:35Z,05721,,0,03216,17000,40.033894,-2.143624,False,112024
2026-09-13T11:30:35Z,03303,,-1,60000,71801,41.343586,2.0562596,False,103009
2026-09-13T11:30:35Z,04110,,1,15410,17000,42.04375,-4.5763288,True,106061
2026-09-13T11:30:35Z,09127,,0,61200,60911,38.390488,-0.7091245,False,104013
2026-09-13T11:30:35Z,09125,,4,60911,61200,38.0788,-0.9428143,False,104014
2026-09-13T11:30:35Z,09120,,6,22100,31412,42.877983,-8.532795,True,121018
2026-09-13T11:30:35Z,12601,,0,15100,20200,42.45945,-6.0470614,False,470102
2026-09-13T11:30:35Z,17218,,-1,10600,10400,41.367634,-4.8355727,False,440237
2026-09-13T11:30:35Z,17026,,-3,37500,18000,39.16662,-6.3568516,False,599050
2026-09-13T11:30:35Z,05912,,-2,60000,61200,38.34576,-0.4975194,False,112003
2026-09-13T11:30:35Z,00463,,4,71801,65000,40.048172,0.04337856,True,130045
2026-09-13T11:30:35Z,02124,,21,60000,51405,39.165573,-3.860886,True,130034
2026-09-13T11:30:35Z,02123,,10,54413,60000,38.583267,-4.426986,True,"102006,102014"
2026-09-13T11:30:35Z,00622,,17,71801,08223,42.825207,-1.6612239,True,130037
2026-09-13T11:30:35Z,00621,,7,08223,71801,42.580044,-5.579623,True,130010
2026-09-13T11:30:35Z,04143,,-14,60911,14223,40.474033,-3.6806037,True,130042
2026-09-13T11:30:35Z,13904,,5,51003,54413,36.80125,-4.7122765,False,"598001,598008"
2026-09-13T11:30:35Z,05113,,-4,60911,17000,38.980618,-1.827284,False,112018
2026-09-13T11:30:35Z,02122,,1,60000,54413,39.18203,-3.857037,True,112014
2026-09-13T11:30:35Z,02121,,2,51003,60000,38.080048,-4.499711,False,100005
2026-09-13T11:30:35Z,02087,,48,56310,60000,37.911953,-4.7188435,True,730018
2026-09-13T11:30:35Z,02120,,23,60000,51003,39.10145,-3.8868566,False,"100001,100004"
2026-09-13T11:30:35Z,15808,,0,71801,79315,42.186954,2.98558,False,"449014,449038"
2026-09-13T11:30:35Z,15009,,3,79400,71210,41.261044,1.9238647,False,447181
2026-09-13T11:30:35Z,18124,,4,65400,79400,41.30931,2.0274866,False,"448006,448016"
2026-09-13T11:30:35Z,15010,,2,71400,79400,41.2028,1.6699505,False,"447034,447167"
2026-09-13T11:30:35Z,18125,,11,79400,65400,40.999844,0.9126038,False,"448004,448014"
2026-09-13T11:30:35Z,18126,,1,65400,79400,40.753696,0.6141503,False,470070
2026-09-13T11:30:35Z,18127,,3,79400,65400,41.39203,2.1646564,False,"448001,448025"
2026-09-13T11:30:35Z,71830,,23,15211,21010,43.657055,-7.6001716,False,527015
2026-09-13T11:30:35Z,38112,,7,11505,10000,42.705715,-2.8857436,False,449057
2026-09-13T11:30:35Z,00299,,7,37606,17000,40.406128,-3.689053,False,730021
2026-09-13T11:30:35Z,00694,,5,50202,71801,39.195324,-3.2270129,True,130036
2026-09-13T11:30:35Z,02112,,1,60000,54413,37.835308,-4.955603,True,102002
2026-09-13T11:30:35Z,18081,,15,37200,60911,38.631207,-0.86753577,False,449025
2026-09-13T11:30:35Z,00697,,5,71801,50202,38.90907,-1.5124499,True,130030
2026-09-13T11:30:35Z,08336,,2,04307,71801,41.979424,2.8167083,False,103002
2026-09-13T11:30:35Z,08335,,-3,51003,05000,37.364204,-4.8251333,False,104017
2026-09-13T11:30:35Z,02111,,4,51003,60000,39.612835,-3.7952495,False,103010
2026-09-13T11:30:35Z,02110,,2,60000,51003,37.50048,-5.9169693,False,102010
2026-09-13T11:30:35Z,04494,,0,08223,17000,41.285515,-4.700361,False,106055
2026-09-13T11:30:35Z,15065,,11,79400,65411,41.185974,1.524699,False,470103
2026-09-13T11:30:35Z,15062,,0,65411,79400,41.111366,1.2533424,False,470071
2026-09-13T11:30:35Z,05817,,5,61200,10600,39.979874,-3.0890422,False,106012
2026-09-13T11:30:35Z,15860,,11,79315,71801,41.48716,2.1887665,False,449042
2026-09-13T11:30:35Z,03113,,-1,60000,71801,41.53626,-0.4416083,False,"103014,103020"
2026-09-13T11:30:35Z,04325,,1,17000,20309,40.60251,-3.722462,True,730025
2026-09-13T11:30:35Z,08525,,0,05000,51003,37.029396,-4.560417,False,104012
2026-09-13T11:30:35Z,18170,,4,17000,37200,40.2428,-3.7038352,False,449002
2026-09-13T11:30:35Z,08125,,4,51003,54413,37.663128,-5.5415196,False,104009
2026-09-13T11:30:35Z,03112,,0,71801,60000,40.90399,-2.6863985,True,"103022,103024"
2026-09-13T11:30:35Z,09730,,2,87089,60000,41.195568,1.2525598,False,100020
2026-09-13T11:30:35Z,15864,,0,79315,71801,42.38226,3.1520405,False,"449026,449030"
2026-09-13T11:30:35Z,15862,,1,79315,71801,42.030514,2.8882308,False,447062
2026-09-13T11:30:35Z,18101,,29,14107,14223,42.962185,-4.1454144,False,470156
2026-09-13T11:30:35Z,71850,,35,14223,15211,43.355488,-5.43438,False,527031
2026-09-13T11:30:35Z,02137,,2,51003,60000,37.58569,-5.684192,False,112019
2026-09-13T11:30:35Z,18061,,6,10000,11505,42.378963,-3.595134,False,449051
2026-09-13T11:30:35Z,18183,,7,60911,37200,39.09439,-3.2483556,False,449043
2026-09-13T11:30:35Z,18063,,6,10000,11505,40.520798,-4.2466307,False,449001
2026-09-13T11:30:35Z,02135,,1,51405,60000,36.497227,-6.1465044,False,120059
2026-09-13T11:30:35Z,03982,,1,03216,51003,37.412014,-5.9563923,False,112008
2026-09-13T11:30:35Z,09725,,0,60000,87089,40.59911,-3.11089,False,100023
2026-09-13T11:30:35Z,00631,,11,30100,04040,41.934048,-1.445938,True,121023
2026-09-13T11:30:35Z,12528,,1,22308,31412,42.644234,-8.745917,False,599009
2026-09-13T11:30:35Z,05124,,0,17000,03216,40.05847,-2.1919725,False,106011
2026-09-13T11:30:35Z,15914,,5,71801,79315,41.638,2.4047942,False,447178
2026-09-13T11:30:35Z,02494,,13,51003,43019,37.31103,-6.25673,False,121027
2026-09-13T11:30:35Z,02130,,2,60000,51003,39.74995,-3.8168676,False,100002
2026-09-13T11:30:35Z,18902,,4,30100,10000,40.71236,-4.728301,False,599037
2026-09-13T11:30:35Z,15634,,10,78400,78600,41.72279,1.7651207,False,447096
2026-09-13T11:30:35Z,18903,,3,10000,30110,40.86992,-4.9680905,False,599019
2026-09-13T11:30:35Z,14545,,0,61307,61200,37.605175,-0.97484106,False,592017
2026-09-13T11:30:35Z,14542,,-2,61200,61307,37.98932,-0.9756625,False,599006
2026-09-13T11:30:35Z,13218,,7,50413,50502,37.85453,-4.891529,False,446060
2026-09-13T11:30:35Z,15635,,6,78600,78400,41.650295,1.138842,False,447131
2026-09-13T11:30:35Z,17102,,2,10400,10203,40.609146,-4.5212026,False,465045
2026-09-13T11:30:35Z,14474,,0,60902,60913,38.403473,-0.75241125,False,447005
2026-09-13T11:30:35Z,01112,,-12,60911,71801,41.139046,1.1615224,True,130044
2026-09-13T11:30:35Z,04505,,9,17000,08223,42.80564,-8.624592,False,106065
2026-09-13T11:30:35Z,03930,,40,71801,51003,38.826637,-4.059438,True,"102009,102011"
2026-09-13T11:30:35Z,05312,,8,15100,60911,39.582783,-1.961192,False,112001
2026-09-13T11:30:35Z,12614,,0,22200,20200,42.420643,-6.8294034,False,440144
2026-09-13T11:30:35Z,17902,,0,18000,40100,39.902645,-5.824249,False,599043
2026-09-13T11:30:35Z,12694,,-1,22100,20309,42.655125,-7.479535,False,594011
2026-09-13T11:30:35Z,03093,,17,60000,04307,41.379074,2.139723,True,103012
2026-09-13T11:30:35Z,12453,,6,31412,22308,42.878696,-8.52819,False,599034
2026-09-13T11:30:35Z,17501,,0,71300,04040,41.240013,-0.042713903,False,470123
2026-09-13T11:30:35Z,15053,,8,79400,73100,41.111366,1.2533424,False,470114
2026-09-13T11:30:35Z,01101,,13,04307,60911,39.465378,-0.37753952,True,"130031,130033"
2026-09-13T11:30:35Z,08935,,1,05000,54413,37.19927,-3.654796,False,104010
2026-09-13T11:30:35Z,02270,,-1,60000,51003,39.612835,-3.7952495,False,103010
2026-09-13T11:30:35Z,03123,,0,60000,71801,41.256996,-1.948441,False,103008
2026-09-13T11:30:35Z,01460,,-1,61307,65000,38.077766,-0.9444082,True,"334004,6B4"
2026-09-13T11:30:35Z,08130,,3,60000,37700,40.30967,-3.6539152,False,100011
2026-09-13T11:30:35Z,13955,,1,56310,05000,36.933064,-2.4598336,False,599010
2026-09-13T11:45:24Z,00605,,7,60000,80100,42.596775,-1.6496093,True,120055
2026-09-13T11:45:24Z,71801,,22,21010,05193,43.657055,-7.6001716,False,527021
2026-09-13T11:45:24Z,18770,,0,37200,37606,38.699295,-4.929508,False,599031
2026-09-13T11:45:24Z,02104,,109,60000,51405,37.880882,-4.806582,True,"130032,130041"
2026-09-13T11:45:24Z,02108,,3,60000,54413,36.69606,-4.472201,False,"112025,112027"
2026-09-13T11:45:24Z,18093,,0,65400,65000,40.212067,0.19918443,False,"470095,470116"
2026-09-13T11:45:24Z,04121,,12,17000,15410,42.523575,-5.562931,False,106052
2026-09-13T11:45:24Z,04086,,-2,11500,17000,40.503178,-3.6804376,False,130005
2026-09-13T11:45:24Z,00283,,0,13200,11200,42.79673,-2.9096482,False,470124
2026-09-13T11:45:24Z,13009,,7,51003,50500,37.70739,-5.3416224,False,449021
2026-09-13T11:45:24Z,71811,,15,21010,15211,43.537888,-6.5364127,False,529004
2026-09-13T11:45:24Z,18302,,3,30100,10600,41.638126,-4.733732,False,599003
2026-09-13T11:45:24Z,18021,,0,71100,11200,41.82614,-1.2439785,False,470094
2026-09-13T11:45:24Z,12682,,5,31412,21010,43.42181,-8.175826,False,594105
2026-09-13T11:45:24Z,14461,,5,65312,65300,40.058235,0.05771575,False,447086
2026-09-13T11:45:24Z,13097,,10,51003,43019,37.359627,-6.309702,False,449015
2026-09-13T11:45:24Z,17050,,5,04040,71300,41.248653,0.4809413,False,448017
2026-09-13T11:45:24Z,03943,,-1,51003,71801,41.61582,0.6402612,False,"102013,112013"
2026-09-13T11:45:24Z,00672,,10,80100,60000,41.245255,-1.976457,True,"120007,120008"
2026-09-13T11:45:24Z,05721,,0,03216,17000,40.02883,-2.7255561,False,112024
2026-09-13T11:45:24Z,04110,,2,15410,17000,41.93074,-4.478808,True,106061
2026-09-13T11:45:24Z,09125,,5,60911,61200,37.971992,-1.1060531,False,104014
2026-09-13T11:45:24Z,18308,,-1,11000,30110,41.871243,-4.540645,False,599042
2026-09-13T11:45:24Z,09120,,5,22100,31412,43.21794,-8.448907,True,121018
2026-09-13T11:45:24Z,12601,,2,15100,20200,42.59879,-6.108556,False,470102
2026-09-13T11:45:24Z,17218,,-1,10600,10400,41.317352,-4.910074,False,440237
2026-09-13T11:45:24Z,17026,,-4,37500,18000,39.46138,-6.3858666,False,599050
2026-09-13T11:45:24Z,91797,,11,98305,17000,40.48191,-3.6153278,False,"465087,465091"
2026-09-13T11:45:24Z,05912,,-3,60000,61200,38.36405,-0.5366325,False,112003
2026-09-13T11:45:24Z,00463,,-2,71801,65000,39.917274,-0.10274872,True,130045
2026-09-13T11:45:24Z,02124,,46,60000,51405,39.081078,-3.8955853,True,130034
2026-09-13T11:45:24Z,02123,,12,54413,60000,38.733013,-4.0862193,True,"102006,102014"
2026-09-13T11:45:24Z,00622,,21,71801,08223,42.910633,-1.8338292,True,130037
2026-09-13T11:45:24Z,00621,,5,08223,71801,42.577454,-5.579709,True,130010
2026-09-13T11:45:24Z,04143,,1,60911,14223,40.48673,-3.6754274,True,130042
2026-09-13T11:45:24Z,13904,,6,51003,54413,36.732136,-4.6144614,False,"598001,598008"
2026-09-13T11:45:24Z,05113,,0,60911,17000,39.241146,-1.9986032,False,112018
2026-09-13T11:45:24Z,02122,,24,60000,54413,39.16829,-3.8601358,True,112014
2026-09-13T11:45:24Z,02121,,5,51003,60000,38.45959,-4.442634,False,100005
2026-09-13T11:45:24Z,02120,,23,60000,51003,39.024345,-3.9235992,False,"100001,100004"
2026-09-13T11:45:24Z,02087,,47,56310,60000,38.2363,-4.5622025,True,730018
2026-09-13T11:45:24Z,15808,,0,71801,79315,42.32486,3.0857406,False,"449014,449038"
2026-09-13T11:45:24Z,15009,,7,79400,71210,41.212032,1.7136008,False,447181
2026-09-13T11:45:24Z,18124,,3,65400,79400,41.379074,2.139723,False,"448006,448016"
2026-09-13T11:45:24Z,15010,,6,71400,79400,41.237675,1.8248875,False,"447034,447167"
2026-09-13T11:45:24Z,18125,,10,79400,65400,40.8861,0.8006144,False,"448004,448014"
2026-09-13T11:45:24Z,18126,,1,65400,79400,40.8861,0.8006144,False,470070
2026-09-13T11:45:24Z,18127,,3,79400,65400,41.33098,2.0892723,False,"448001,448025"
2026-09-13T11:45:24Z,38112,,10,11505,10000,42.647415,-2.9883175,False,449057
2026-09-13T11:45:24Z,71830,,23,15211,21010,43.657055,-7.6001716,False,527015
2026-09-13T11:45:24Z,15012,,-1,71400,79400,41.11279,1.1509221,False,447040
2026-09-13T11:45:24Z,00694,,3,50202,71801,39.39622,-3.205614,True,130036
2026-09-13T11:45:24Z,02112,,0,60000,54413,37.309772,-4.797987,True,102002
2026-09-13T11:45:24Z,18081,,13,37200,60911,38.43959,-0.81688404,False,449025
2026-09-13T11:45:24Z,00697,,5,71801,50202,38.99013,-1.8387977,True,130030
2026-09-13T11:45:24Z,08336,,1,04307,71801,41.69517,2.4833703,False,103002
2026-09-13T11:45:24Z,04254,,0,08223,17000,42.334953,-8.613269,False,106060
2026-09-13T11:45:24Z,08335,,0,51003,05000,37.106476,-4.7234893,False,104017
2026-09-13T11:45:24Z,02111,,2,51003,60000,39.981197,-3.8387332,False,103010
2026-09-13T11:45:24Z,13235,,1,50502,50500,37.860176,-4.8735037,False,446060
2026-09-13T11:45:24Z,15065,,10,79400,65411,41.142723,1.4057415,False,470103
2026-09-13T11:45:24Z,15062,,1,65411,79400,41.142723,1.4057415,False,470071
2026-09-13T11:45:24Z,05817,,2,61200,10600,40.14567,-3.7029543,False,106012
2026-09-13T11:45:24Z,15860,,12,79315,71801,41.40973,2.188312,False,449042
2026-09-13T11:45:24Z,03113,,1,60000,71801,41.611145,0.2266489,False,"103014,103020"
2026-09-13T11:45:24Z,08525,,0,05000,51003,37.10289,-4.72394,False,104012
2026-09-13T11:45:24Z,18170,,3,17000,37200,40.06812,-3.6363668,False,449002
2026-09-13T11:45:24Z,08125,,-1,51003,54413,37.842068,-4.934389,False,104009
2026-09-13T11:45:24Z,03112,,0,71801,60000,40.54437,-3.1796443,True,"103022,103024"
2026-09-13T11:45:24Z,09730,,7,87089,60000,41.413082,1.0064365,False,100020
2026-09-13T11:45:24Z,05131,,-1,03216,17000,39.46576,-0.6919028,False,112015
2026-09-13T11:45:24Z,15864,,0,79315,71801,42.292336,3.0224943,False,"449026,449030"
2026-09-13T11:45:24Z,15862,,2,79315,71801,41.93872,2.808538,False,447062
2026-09-13T11:45:24Z,14022,,2,65400,65000,40.753387,0.5946846,False,470115
2026-09-13T11:45:24Z,71850,,34,14223,15211,43.37909,-5.568606,False,527031
2026-09-13T11:45:24Z,18101,,29,14107,14223,43.063755,-4.0796456,False,470156
2026-09-13T11:45:24Z,18061,,7,10000,11505,42.462814,-3.4478848,False,449051
2026-09-13T11:45:24Z,02137,,0,51003,60000,37.812996,-5.072833,False,112019
2026-09-13T11:45:24Z,18183,,8,60911,37200,39.005886,-3.3706145,False,449043
2026-09-13T11:45:24Z,02136,,-1,60000,05000,40.31822,-3.6488042,False,102005
2026-09-13T11:45:24Z,02135,,5,51405,60000,36.60473,-6.216064,False,120059
2026-09-13T11:45:24Z,18063,,5,10000,11505,40.589165,-4.3616233,False,449001
2026-09-13T11:45:24Z,09725,,4,60000,87089,40.918537,-2.6592407,False,100023
2026-09-13T11:45:24Z,00631,,10,30100,04040,41.75711,-1.0850502,True,121023
2026-09-13T11:45:24Z,12528,,3,22308,31412,42.723106,-8.651824,False,599009
2026-09-13T11:45:24Z,15914,,2,71801,79315,41.72958,2.5807252,False,447178
2026-09-13T11:45:24Z,05124,,0,17000,03216,39.771534,-1.9675195,False,106011
2026-09-13T11:45:24Z,02494,,13,51003,43019,37.392014,-6.5421424,False,121027
2026-09-13T11:45:24Z,02130,,0,60000,51003,39.20505,-3.8633132,False,100002
2026-09-13T11:45:24Z,18902,,3,30100,10000,40.647556,-4.630213,False,599037
2026-09-13T11:45:24Z,15634,,10,78400,78600,41.730137,1.5152185,False,447096
2026-09-13T11:45:24Z,18903,,4,10000,30110,40.984512,-5.4868207,False,599019
2026-09-13T11:45:24Z,14545,,-1,61307,61200,37.747013,-0.9672061,False,592017
2026-09-13T11:45:24Z,14542,,0,61200,61307,37.886703,-0.9840811,False,599006
2026-09-13T11:45:24Z,15635,,6,78600,78400,41.637447,0.9418352,False,447131
2026-09-13T11:45:24Z,17102,,3,10400,10203,40.589165,-4.3616233,False,465045
2026-09-13T11:45:24Z,01112,,-13,60911,71801,41.191933,1.2717417,True,130044
2026-09-13T11:45:24Z,04505,,6,17000,08223,42.59708,-8.752092,False,106065
2026-09-13T11:45:24Z,03930,,46,71801,51003,38.668213,-4.2564993,True,"102009,102011"
2026-09-13T11:45:24Z,05312,,7,15100,60911,39.0108,-1.8582114,False,112001
2026-09-13T11:45:24Z,12614,,2,22200,20200,42.4929,-6.8327165,False,440144
2026-09-13T11:45:24Z,17902,,-1,18000,40100,39.937626,-6.1011662,False,599043
2026-09-13T11:45:24Z,12694,,-1,22100,20309,42.780476,-7.423534,False,594011
2026-09-13T11:45:24Z,03093,,16,60000,04307,41.42238,2.1949131,True,103012
2026-09-13T11:45:24Z,12453,,5,31412,22308,42.813873,-8.6184845,False,599034
2026-09-13T11:45:24Z,17501,,-1,71300,04040,41.213398,-0.28587085,False,470123
2026-09-13T11:45:24Z,15053,,7,79400,73100,41.160595,1.0999595,False,470114
2026-09-13T11:45:24Z,13393,,0,51405,51003,36.49964,-6.2705297,False,449010
2026-09-13T11:45:24Z,91188,,7,17000,98305,40.481873,-3.620833,False,"465017,465094"
2026-09-13T11:45:24Z,71872,,6,05451,05663,43.25948,-2.9525669,False,524028
2026-09-13T11:45:24Z,01101,,10,04307,60911,39.42136,-0.3929229,True,130033
2026-09-13T11:45:24Z,08935,,1,05000,54413,37.203342,-4.0608735,False,104010
2026-09-13T11:45:24Z,02270,,-1,60000,51003,39.981197,-3.8387332,False,103010
2026-09-13T11:45:24Z,03123,,-3,60000,71801,41.640854,-1.305136,False,103008
2026-09-13T11:45:24Z,01460,,4,61307,65000,38.19604,-0.8201895,True,"334004,6B4"
2026-09-13T11:45:24Z,08133,,7,92102,60000,40.151913,-3.7612326,False,114003
2026-09-13T11:45:24Z,08130,,7,60000,37700,39.846405,-3.862804,False,100011
2026-09-13T11:45:24Z,13955,,1,56310,05000,37.029392,-2.5309775,False,599010
2026-09-13T12:00:51Z,00605,,8,60000,80100,42.75137,-1.63227,True,120055
2026-09-13T12:00:51Z,71801,,22,21010,05193,43.657055,-7.6001716,False,527021
2026-09-13T12:00:51Z,18770,,0,37200,37606,38.724117,-5.22668,False,599031
2026-09-13T12:00:51Z,02104,,106,60000,51405,37.778385,-5.2210445,True,"130032,130041"
2026-09-13T12:00:51Z,18093,,0,65400,65000,40.092266,0.13998784,False,"470095,470116"
2026-09-13T12:00:51Z,04121,,16,17000,15410,42.586296,-5.579277,False,106052
2026-09-13T12:00:51Z,00283,,0,13200,11200,42.69097,-2.9412239,False,470124
2026-09-13T12:00:51Z,09132,,2,08223,31412,42.341293,-8.610839,False,121007
2026-09-13T12:00:51Z,13009,,5,51003,50500,37.804092,-5.1063423,False,449021
2026-09-13T12:00:51Z,71811,,9,21010,15211,43.55949,-6.234568,False,529004
2026-09-13T12:00:51Z,18021,,-1,71100,11200,41.996986,-1.5153829,False,470094
2026-09-13T12:00:51Z,12682,,4,31412,21010,43.49202,-8.226658,False,594105
2026-09-13T12:00:51Z,13097,,9,51003,43019,37.395554,-6.5177364,False,449015
2026-09-13T12:00:51Z,15033,,-1,79400,71400,41.382164,2.1474361,False,"447055,447170"
2026-09-13T12:00:51Z,03943,,0,51003,71801,41.40511,1.0884808,False,"102013,112013"
2026-09-13T12:00:51Z,17050,,1,04040,71300,41.182396,0.5692338,False,448017
2026-09-13T12:00:51Z,00672,,7,80100,60000,41.065933,-2.4244874,True,"120007,120008"
2026-09-13T12:00:51Z,05721,,0,03216,17000,39.957767,-3.533104,False,112024
2026-09-13T12:00:51Z,05843,,0,61200,17000,38.00784,-1.0265357,False,106010
2026-09-13T12:00:51Z,04110,,0,15410,17000,41.642067,-4.7268085,True,106061
2026-09-13T12:00:51Z,18308,,1,11000,30110,41.676025,-4.6933093,False,599042
2026-09-13T12:00:51Z,12601,,2,15100,20200,42.60778,-6.2887654,False,470102
2026-09-13T12:00:51Z,17218,,2,10600,10400,41.047115,-4.70175,False,440237
2026-09-13T12:00:51Z,17026,,0,37500,18000,39.606297,-6.484579,False,599050
2026-09-13T12:00:51Z,91799,,4,98305,17000,40.4924,-3.593483,False,"465017,465094"
2026-09-13T12:00:51Z,05912,,-5,60000,61200,38.252426,-0.75866026,False,112003
2026-09-13T12:00:51Z,00463,,1,71801,65000,39.69949,-0.25405136,True,130045
2026-09-13T12:00:51Z,02124,,50,60000,51405,38.906696,-3.960886,True,130034
2026-09-13T12:00:51Z,02123,,12,54413,60000,39.204453,-3.8630793,True,"102006,102014"
2026-09-13T12:00:51Z,00622,,21,71801,08223,42.89195,-2.1713498,True,130037
2026-09-13T12:00:51Z,00621,,6,08223,71801,42.39466,-5.142808,True,130010
2026-09-13T12:00:51Z,04149,,2,17000,15100,40.51832,-3.684348,True,112021
2026-09-13T12:00:51Z,04143,,1,60911,14223,40.773285,-3.7702568,True,130042
2026-09-13T12:00:51Z,13904,,-5,51003,54413,36.69556,-4.47049,False,"598001,598008"
2026-09-13T12:00:51Z,05113,,0,60911,17000,39.859596,-2.019359,False,112018
2026-09-13T12:00:51Z,02122,,32,60000,54413,38.9565,-3.919006,True,112014
2026-09-13T12:00:51Z,02121,,10,51003,60000,38.661533,-4.2026863,False,100005
2026-09-13T12:00:51Z,02120,,61,60000,51003,38.785007,-4.076839,False,"100001,100004"
2026-09-13T12:00:51Z,02087,,49,56310,60000,38.596558,-4.417158,True,730018
2026-09-13T12:00:51Z,04142,,2,14223,17000,43.45923,-3.8117962,True,130003
2026-09-13T12:00:51Z,15808,,0,71801,79315,42.26509,2.9689703,False,"449014,449038"
2026-09-13T12:00:51Z,15009,,9,79400,71210,41.185974,1.524699,False,447181
2026-09-13T12:00:51Z,18124,,12,65400,79400,41.39203,2.1646564,False,"448006,448016"
2026-09-13T12:00:51Z,15010,,7,71400,79400,41.31114,2.0327764,False,"447034,447167"
2026-09-13T12:00:51Z,18125,,6,79400,65400,40.753696,0.6141503,False,"448004,448014"
2026-09-13T12:00:51Z,18126,,-2,65400,79400,41.07264,1.0189598,False,470070
2026-09-13T12:00:51Z,18127,,8,79400,65400,41.26706,1.9571081,False,"448001,448025"
2026-09-13T12:00:51Z,71830,,23,15211,21010,43.657055,-7.6001716,False,527015
2026-09-13T12:00:51Z,38112,,11,11505,10000,42.622158,-3.2487984,False,449057
2026-09-13T12:00:51Z,15012,,0,71400,79400,41.12172,1.2800251,False,447040
2026-09-13T12:00:51Z,00694,,-3,50202,71801,39.278988,-2.825823,True,130036
2026-09-13T12:00:51Z,02112,,-6,60000,54413,36.757668,-4.61964,True,102002
2026-09-13T12:00:51Z,18081,,5,37200,60911,38.402782,-0.5497548,False,449025
2026-09-13T12:00:51Z,00697,,2,71801,50202,39.13388,-2.0486772,True,130030
2026-09-13T12:00:51Z,08336,,-1,04307,71801,41.43781,2.1940663,False,103002
2026-09-13T12:00:51Z,04254,,0,08223,17000,42.421593,-8.635553,False,106060
2026-09-13T12:00:51Z,08335,,-1,51003,05000,37.02945,-4.5635004,False,104017
2026-09-13T12:00:51Z,02111,,5,51003,60000,40.291214,-3.6797333,False,103010
2026-09-13T12:00:51Z,04494,,0,08223,17000,40.545635,-3.7079854,False,106055
2026-09-13T12:00:51Z,15810,,2,71801,79315,41.4097,2.1882713,False,449029
2026-09-13T12:00:51Z,15065,,11,79400,65411,41.111366,1.2533424,False,470103
2026-09-13T12:00:51Z,15062,,-1,65411,79400,41.204132,1.6760368,False,470071
2026-09-13T12:00:51Z,05817,,3,61200,10600,40.398186,-3.6761343,False,106012
2026-09-13T12:00:51Z,18171,,0,60400,17000,39.395874,-3.2055266,False,449049
2026-09-13T12:00:51Z,03113,,-3,60000,71801,41.62215,0.6312462,False,"103014,103020"
2026-09-13T12:00:51Z,04325,,-3,17000,20309,41.238834,-4.6299515,True,730025
2026-09-13T12:00:51Z,08525,,1,05000,51003,37.37491,-4.8312173,False,104012
2026-09-13T12:00:51Z,18170,,3,17000,37200,39.87957,-3.7284303,False,449002
2026-09-13T12:00:51Z,08125,,-1,51003,54413,37.885403,-4.796849,False,104009
2026-09-13T12:00:51Z,03112,,-2,71801,60000,40.35655,-3.572992,True,"103022,103024"
2026-09-13T12:00:51Z,09730,,8,87089,60000,41.616325,0.35385936,False,100020
2026-09-13T12:00:51Z,05131,,-3,03216,17000,39.522217,-1.1351215,False,112015
2026-09-13T12:00:51Z,15864,,2,79315,71801,42.13154,2.9735951,False,"449026,449030"
2026-09-13T12:00:51Z,15862,,1,79315,71801,41.808113,2.746304,False,447062
2026-09-13T12:00:51Z,18101,,25,14107,14223,43.131767,-4.067194,False,470156
2026-09-13T12:00:51Z,71850,,33,14223,15211,43.38804,-5.6649175,False,527031
2026-09-13T12:00:51Z,14022,,2,65400,65000,40.753696,0.6141503,False,470115
2026-09-13T12:00:51Z,02137,,-3,51003,60000,37.889717,-4.786977,False,112019
2026-09-13T12:00:51Z,18061,,8,10000,11505,42.610504,-3.2697146,False,449051
2026-09-13T12:00:51Z,02136,,-1,60000,05000,39.8036,-3.8445022,False,102005
2026-09-13T12:00:51Z,18183,,4,60911,37200,38.91875,-3.6843894,False,449043
2026-09-13T12:00:51Z,18063,,5,10000,11505,40.621887,-4.5570636,False,449001
2026-09-13T12:00:51Z,02135,,4,51405,60000,36.680573,-6.1265864,False,120059
2026-09-13T12:00:51Z,09725,,4,60000,87089,41.197803,-2.1588244,False,100023
2026-09-13T12:00:51Z,04314,,10,31412,17000,41.528164,-5.6998734,False,106063
2026-09-13T12:00:51Z,12528,,7,22308,31412,42.79889,-8.6327305,False,599009
2026-09-13T12:00:51Z,05124,,0,17000,03216,39.545166,-1.455435,False,106011
2026-09-13T12:00:51Z,15914,,4,71801,79315,41.797146,2.717031,False,447178
2026-09-13T12:00:51Z,02494,,14,51003,43019,37.322315,-6.783165,False,121027
2026-09-13T12:00:51Z,02130,,9,60000,51003,38.982765,-3.9116697,False,100002
2026-09-13T12:00:51Z,18902,,3,30100,10000,40.600918,-4.4306407,False,599037
2026-09-13T12:00:51Z,14545,,-1,61307,61200,37.818768,-0.95074505,False,592017
2026-09-13T12:00:51Z,14542,,1,61200,61307,37.75129,-0.96623075,False,599006
2026-09-13T12:00:51Z,15635,,3,78600,78400,41.625137,0.6970146,False,447131
2026-09-13T12:00:51Z,17102,,4,10400,10203,40.520798,-4.2466307,False,465045
2026-09-13T12:00:51Z,01112,,-13,60911,71801,41.191936,1.2717296,True,130044
2026-09-13T12:00:51Z,04505,,6,17000,08223,42.421947,-8.635453,False,106065
2026-09-13T12:00:51Z,03930,,49,71801,51003,38.34689,-4.503616,True,"102009,102011"
2026-09-13T12:00:51Z,05312,,7,15100,60911,38.920208,-1.5559922,False,112001
2026-09-13T12:00:51Z,17902,,-5,18000,40100,40.02223,-6.0996203,False,599043
2026-09-13T12:00:51Z,12694,,0,22100,20309,42.95562,-7.481491,False,594011
2026-09-13T12:00:51Z,03093,,17,60000,04307,41.718517,2.5389724,True,103012
2026-09-13T12:00:51Z,12453,,5,31412,22308,42.711136,-8.665224,False,599034
2026-09-13T12:00:51Z,17501,,-2,71300,04040,41.224564,-0.43822885,False,470123
2026-09-13T12:00:51Z,13393,,2,51405,51003,36.51234,-6.1525135,False,449010
2026-09-13T12:00:51Z,15053,,5,79400,73100,41.261547,1.1742945,False,470114
2026-09-13T12:00:51Z,71872,,12,05451,05663,43.248447,-2.9899786,False,524028
2026-09-13T12:00:51Z,01101,,10,04307,60911,39.21516,-0.44008023,True,130033
2026-09-13T12:00:51Z,08935,,3,05000,54413,37.140213,-4.210825,False,104010
2026-09-13T12:00:51Z,02270,,-1,60000,51003,40.291214,-3.6797333,False,103010
2026-09-13T12:00:51Z,03123,,-5,60000,71801,41.65858,-0.911546,False,103008
2026-09-13T12:00:51Z,01460,,6,61307,65000,38.269238,-0.70653594,True,"334004,6B4"
2026-09-13T12:00:51Z,08132,,4,60000,92102,40.268642,-3.719657,False,104008
2026-09-13T12:00:51Z,08130,,3,60000,37700,39.28985,-3.8804827,False,100011
2026-09-13T12:00:51Z,14405,,1,65000,60600,39.439266,-0.38622636,False,599014
2026-09-13T12:00:51Z,13955,,2,56310,05000,37.125645,-2.6104383,False,599010
2026-09-13T12:15:25Z,71801,,22,21010,05193,43.657055,-7.6001716,False,527021
2026-09-13T12:15:25Z,18770,,0,37200,37606,38.724117,-5.22668,False,599031
2026-09-13T12:15:25Z,02104,,104,60000,51405,37.580257,-5.7744827,True,"130032,130041"
2026-09-13T12:15:25Z,18093,,0,65400,65000,39.9882,-0.052046716,False,"470095,470116"
2026-09-13T12:15:25Z,04121,,27,17000,15410,42.59737,-5.5983715,False,106052
2026-09-13T12:15:25Z,09132,,1,08223,31412,42.49142,-8.648351,False,121007
2026-09-13T12:15:25Z,13009,,6,51003,50500,37.821327,-4.9852386,False,449021
2026-09-13T12:15:25Z,71811,,5,21010,15211,43.550995,-6.152206,False,529004
2026-09-13T12:15:25Z,03308,,-1,71801,60000,41.483707,1.9022384,False,103021
2026-09-13T12:15:25Z,18021,,1,71100,11200,42.059517,-1.5976725,False,470094
2026-09-13T12:15:25Z,13097,,8,51003,43019,37.32997,-6.751577,False,449015
2026-09-13T12:15:25Z,15033,,0,79400,71400,41.316715,2.0489345,False,"447055,447170"
2026-09-13T12:15:25Z,03943,,1,51003,71801,41.19178,1.2729682,False,"102013,112013"
2026-09-13T12:15:25Z,00672,,11,80100,60000,40.855755,-2.8173559,True,"120007,120008"
2026-09-13T12:15:25Z,05721,,-3,03216,17000,40.303913,-3.662003,False,112024
2026-09-13T12:15:25Z,05843,,0,61200,17000,38.15507,-0.847856,False,106010
2026-09-13T12:15:25Z,04110,,1,15410,17000,41.377743,-4.783777,True,106061
2026-09-13T12:15:25Z,18308,,1,11000,30110,41.64204,-4.7268705,False,599042
2026-09-13T12:15:25Z,12601,,5,15100,20200,42.59562,-6.328864,False,470102
2026-09-13T12:15:25Z,18306,,-3,30100,11000,41.04193,-5.541714,False,599026
2026-09-13T12:15:25Z,17218,,1,10600,10400,40.803474,-4.609007,False,440235
2026-09-13T12:15:25Z,17026,,-1,37500,18000,39.81461,-6.358997,False,599050
2026-09-13T12:15:25Z,05912,,-1,60000,61200,38.133583,-0.87955284,False,112003
2026-09-13T12:15:25Z,00463,,2,71801,65000,39.55515,-0.3182206,True,130045
2026-09-13T12:15:25Z,02124,,54,60000,51405,38.69134,-4.1119103,True,130034
2026-09-13T12:15:25Z,02123,,9,54413,60000,39.75678,-3.819317,True,"102006,102014"
2026-09-13T12:15:25Z,00622,,24,71801,08223,42.84381,-2.3947797,True,130037
2026-09-13T12:15:25Z,00621,,3,08223,71801,42.07603,-4.616172,True,130010
2026-09-13T12:15:25Z,04143,,2,60911,14223,40.917915,-4.1229043,True,130042
2026-09-13T12:15:25Z,08744,,0,54413,51003,36.69752,-4.475827,False,104011
2026-09-13T12:15:25Z,05113,,-1,60911,17000,40.022976,-2.6712973,False,112018
2026-09-13T12:15:25Z,02122,,39,60000,54413,38.744434,-4.0823803,True,112014
2026-09-13T12:15:25Z,02121,,13,51003,60000,38.886368,-3.975311,False,100005
2026-09-13T12:15:25Z,02087,,50,56310,60000,38.718613,-4.0910482,True,730018
2026-09-13T12:15:25Z,02120,,63,60000,51003,38.668045,-4.320688,False,"100001,100004"
2026-09-13T12:15:25Z,04142,,4,14223,17000,43.36067,-3.9647703,True,130003
2026-09-13T12:15:25Z,15009,,9,79400,71210,41.134678,1.3345668,False,447181
2026-09-13T12:15:25Z,15010,,8,71400,79400,41.373043,2.1332424,False,"447034,447167"
2026-09-13T12:15:25Z,18126,,0,65400,79400,41.11299,1.1505345,False,470070
2026-09-13T12:15:25Z,18127,,15,79400,65400,41.238907,1.8113996,False,"448001,448025"
2026-09-13T12:15:25Z,71830,,32,15211,21010,43.665974,-7.902474,False,527015
2026-09-13T12:15:25Z,38112,,11,11505,10000,42.465847,-3.4467683,False,449057
2026-09-13T12:15:25Z,15012,,1,71400,79400,41.15927,1.44412,False,447040
2026-09-13T12:15:25Z,00694,,0,50202,71801,39.277943,-2.6498575,True,130036
2026-09-13T12:15:25Z,18081,,8,37200,60911,38.34516,-0.49824136,False,449025
2026-09-13T12:15:25Z,00697,,3,71801,50202,39.2406,-2.3485193,True,130030
2026-09-13T12:15:25Z,04254,,-1,08223,17000,42.702404,-8.735171,False,106060
2026-09-13T12:15:25Z,08335,,1,51003,05000,37.142075,-4.285454,False,104017
2026-09-13T12:15:25Z,09143,,1,31412,08223,43.285736,-8.4354,True,121003
2026-09-13T12:15:25Z,15810,,7,71801,79315,41.526165,2.2122338,False,449029
2026-09-13T12:15:25Z,15062,,1,65411,79400,41.247578,1.8835002,False,470071
2026-09-13T12:15:25Z,05817,,3,61200,10600,40.47402,-3.6806107,False,106012
2026-09-13T12:15:25Z,18171,,0,60400,17000,39.62202,-3.3301535,False,449049
2026-09-13T12:15:25Z,03113,,-1,60000,71801,41.413883,0.9955754,False,"103014,103020"
2026-09-13T12:15:25Z,04325,,-2,17000,20309,41.291225,-4.9235754,True,730025
2026-09-13T12:15:25Z,08525,,-2,05000,51003,37.79268,-4.998026,False,104012
2026-09-13T12:15:25Z,18170,,8,17000,37200,39.741627,-3.5105424,False,449002
2026-09-13T12:15:25Z,02140,,3,60000,51003,40.262413,-3.7290325,True,103018
2026-09-13T12:15:25Z,08125,,-2,51003,54413,37.596302,-4.8970013,False,104009
2026-09-13T12:15:25Z,09730,,9,87089,60000,41.529526,-0.29460686,False,100020
2026-09-13T12:15:25Z,05131,,0,03216,17000,39.513294,-1.7243806,False,112015
2026-09-13T12:15:25Z,15864,,2,79315,71801,42.02508,2.8367562,False,"449026,449030"
2026-09-13T12:15:25Z,15862,,2,79315,71801,41.732975,2.5939755,False,447062
2026-09-13T12:15:25Z,18217,,0,10600,11000,41.64204,-4.7268705,False,440237
2026-09-13T12:15:25Z,71850,,32,14223,15211,43.375168,-5.7730784,False,433019
2026-09-13T12:15:25Z,14022,,3,65400,65000,40.59584,0.44947535,False,470115
2026-09-13T12:15:25Z,18101,,23,14107,14223,43.25128,-4.0623717,False,470156
2026-09-13T12:15:25Z,02137,,0,51003,60000,38.16831,-4.505236,False,112019
2026-09-13T12:15:25Z,18061,,9,10000,11505,42.649677,-3.0100873,False,449051
2026-09-13T12:15:25Z,02136,,-3,60000,05000,39.223667,-3.8734062,False,102005
2026-09-13T12:15:25Z,18183,,0,60911,37200,38.97144,-3.895311,False,449043
2026-09-13T12:15:25Z,18063,,6,10000,11505,40.657207,-4.6831155,False,449001
2026-09-13T12:15:25Z,02135,,4,51405,60000,36.939262,-6.0880814,False,120059
2026-09-13T12:15:25Z,09725,,1,60000,87089,41.47336,-1.5335563,False,100023
2026-09-13T12:15:25Z,04314,,12,31412,17000,41.303246,-4.979408,False,106063
2026-09-13T12:15:25Z,12528,,6,22308,31412,42.870953,-8.543538,False,599009
2026-09-13T12:15:25Z,05124,,2,17000,03216,39.489372,-1.0287412,False,106011
2026-09-13T12:15:25Z,15914,,0,71801,79315,41.958466,2.8087306,False,447178
2026-09-13T12:15:25Z,02130,,9,60000,51003,38.854496,-4.015003,False,100002
2026-09-13T12:15:25Z,18902,,5,30100,10000,40.568592,-4.2657695,False,599037
2026-09-13T12:15:25Z,14302,,1,65000,65400,39.44792,-0.3836343,False,"447007,447018"
2026-09-13T12:15:25Z,01112,,-8,60911,71801,41.332764,1.6928718,True,130044
2026-09-13T12:15:25Z,05951,,1,65300,60000,39.98663,-0.053156838,False,100007
2026-09-13T12:15:25Z,03930,,48,71801,51003,37.98157,-4.586371,True,"102009,102011"
2026-09-13T12:15:25Z,05312,,5,15100,60911,38.692,-0.9307981,False,112001
2026-09-13T12:15:25Z,17902,,1,18000,40100,39.94346,-6.195869,False,599043
2026-09-13T12:15:25Z,03093,,15,60000,04307,41.956585,2.807577,True,103012
2026-09-13T12:15:25Z,12453,,9,31412,22308,42.62116,-8.769189,False,599034
2026-09-13T12:15:25Z,17501,,-1,71300,04040,41.224564,-0.43822885,False,470123
2026-09-13T12:15:25Z,16022,,1,11300,11200,42.89488,-2.181059,False,470041
2026-09-13T12:15:25Z,13393,,5,51405,51003,36.66459,-6.125107,False,449010
2026-09-13T12:15:25Z,71872,,14,05451,05663,43.201992,-3.050406,False,524028
2026-09-13T12:15:25Z,13032,,2,50500,51003,37.848206,-4.9130425,False,449013
2026-09-13T12:15:25Z,01101,,9,04307,60911,39.001507,-0.5088433,True,130033
2026-09-13T12:15:25Z,08935,,-1,05000,54413,37.029392,-4.5602326,False,104010
2026-09-13T12:15:25Z,02270,,-1,60000,51003,40.403286,-3.6877763,False,103010
2026-09-13T12:15:25Z,03123,,0,60000,71801,41.585354,-0.81953275,False,103008
2026-09-13T12:15:25Z,01460,,10,61307,65000,38.2978,-0.54629403,True,"334004,6B4"
2026-09-13T12:15:25Z,08132,,1,60000,92102,39.864418,-3.979441,False,104008
2026-09-13T12:15:25Z,08130,,4,60000,37700,38.984474,-3.912626,False,100011
2026-09-13T12:15:25Z,14405,,3,65000,60600,39.330196,-0.425631,False,599014
2026-09-13T12:15:25Z,13955,,-2,56310,05000,37.17095,-2.8067892,False,599010
2026-09-13T12:30:35Z,18014,,1,11505,10000,43.18917,-2.0554664,False,449046
2026-09-13T12:30:35Z,18770,,0,37200,37606,38.735096,-5.541721,False,599031
2026-09-13T12:30:35Z,02104,,97,60000,51405,37.458935,-5.957822,True,"130032,130041"
2026-09-13T12:30:35Z,18093,,2,65400,65000,39.853043,-0.1524669,False,"470095,470116"
2026-09-13T12:30:35Z,04121,,28,17000,15410,42.729958,-5.6401916,False,106052
2026-09-13T12:30:35Z,09132,,2,08223,31412,42.62747,-8.752503,False,121007
2026-09-13T12:30:35Z,18777,,1,37606,37200,38.920254,-6.926159,False,599021
2026-09-13T12:30:35Z,71811,,6,21010,15211,43.543125,-6.1108856,False,529004
2026-09-13T12:30:35Z,03308,,1,71801,60000,41.187527,1.3042209,False,103021
2026-09-13T12:30:35Z,18021,,0,71100,11200,42.17272,-1.6925172,False,470094
2026-09-13T12:30:35Z,13097,,8,51003,43019,37.252045,-6.9398975,False,449015
2026-09-13T12:30:35Z,15033,,0,79400,71400,41.239418,1.8069693,False,"447055,447170"
2026-09-13T12:30:35Z,03943,,0,51003,71801,41.296143,1.6283563,False,"102013,112013"
2026-09-13T12:30:35Z,00672,,11,80100,60000,40.58632,-3.1262271,True,"120007,120008"
2026-09-13T12:30:35Z,05843,,0,61200,17000,38.40255,-0.736793,False,106010
2026-09-13T12:30:35Z,04110,,1,15410,17000,40.95984,-4.1967435,True,106061
2026-09-13T12:30:35Z,03143,,0,60000,04307,40.400124,-3.6785178,False,100017
2026-09-13T12:30:35Z,18308,,4,11000,30110,41.423702,-4.8007193,False,599042
2026-09-13T12:30:35Z,12683,,1,21010,31412,43.45885,-8.194325,False,594105
2026-09-13T12:30:35Z,04072,,3,14223,60911,38.586143,-0.8744058,True,130038
2026-09-13T12:30:35Z,12601,,7,15100,20200,42.58653,-6.5240073,False,470102
2026-09-13T12:30:35Z,18306,,-2,30100,11000,41.124825,-5.2165027,False,599026
2026-09-13T12:30:35Z,17026,,-3,37500,18000,40.022255,-6.099611,False,599050
2026-09-13T12:30:35Z,05912,,-3,60000,61200,37.983826,-1.078724,False,112003
2026-09-13T12:30:35Z,00463,,4,71801,65000,39.44042,-0.3635086,True,130045
2026-09-13T12:30:35Z,02124,,58,60000,51405,38.529552,-4.430917,True,130034
2026-09-13T12:30:35Z,02123,,9,54413,60000,39.88148,-3.8694868,True,"102006,102014"
2026-09-13T12:30:35Z,00622,,24,71801,08223,42.84199,-2.6788032,True,130037
2026-09-13T12:30:35Z,00621,,2,08223,71801,41.94767,-4.4638615,True,130010
2026-09-13T12:30:35Z,04149,,0,17000,15100,41.01991,-4.33557,True,112021
2026-09-13T12:30:35Z,04143,,1,60911,14223,41.264606,-4.667806,True,130042
2026-09-13T12:30:35Z,08744,,1,54413,51003,36.933765,-4.731842,False,104011
2026-09-13T12:30:35Z,05113,,-2,60911,17000,39.95577,-3.366658,False,112018
2026-09-13T12:30:35Z,02122,,46,60000,54413,38.670673,-4.2813396,True,112014
2026-09-13T12:30:35Z,02121,,13,51003,60000,39.394863,-3.8331718,False,100005
2026-09-13T12:30:35Z,02120,,68,60000,51003,38.285114,-4.5737267,False,"100001,100004"
2026-09-13T12:30:35Z,02087,,50,56310,60000,39.177773,-3.857595,True,730018
2026-09-13T12:30:35Z,04142,,6,14223,17000,43.327454,-4.0425653,True,130003
2026-09-13T12:30:35Z,15009,,9,79400,71210,41.112244,1.1522019,False,447181
2026-09-13T12:30:35Z,18004,,1,10600,10000,41.59543,-4.7512712,False,449009
2026-09-13T12:30:35Z,18126,,0,65400,79400,41.111366,1.2533424,False,470070
2026-09-13T12:30:35Z,71832,,1,15211,21010,43.35527,-5.9177074,False,527013
2026-09-13T12:30:35Z,18127,,17,79400,65400,41.193523,1.6183655,False,"448001,448025"
2026-09-13T12:30:35Z,71830,,29,15211,21010,43.587063,-7.9344945,False,527015
2026-09-13T12:30:35Z,38112,,13,11505,10000,42.390213,-3.5727167,False,449057
2026-09-13T12:30:35Z,15012,,1,71400,79400,41.206306,1.6859418,False,447040
2026-09-13T12:30:35Z,00694,,0,50202,71801,39.23777,-2.3322325,True,130036
2026-09-13T12:30:35Z,00697,,2,71801,50202,39.260685,-2.598502,True,130030
2026-09-13T12:30:35Z,08335,,1,51003,05000,37.175236,-4.1359706,False,104017
2026-09-13T12:30:35Z,09143,,0,31412,08223,42.887085,-8.507876,True,121003
2026-09-13T12:30:35Z,15810,,-2,71801,79315,41.684036,2.4891665,False,449029
2026-09-13T12:30:35Z,09140,,0,22100,31412,42.36106,-7.921163,True,121004
2026-09-13T12:30:35Z,15062,,5,65411,79400,41.30931,2.0274866,False,470071
2026-09-13T12:30:35Z,05817,,2,61200,10600,40.512566,-3.682986,False,106012
2026-09-13T12:30:35Z,18171,,3,60400,17000,39.76351,-3.5662706,False,449049
2026-09-13T12:30:35Z,03113,,0,60000,71801,41.1922,1.2702821,False,"103014,103020"
2026-09-13T12:30:35Z,04325,,0,17000,20309,41.49319,-5.4489646,True,730025
2026-09-13T12:30:35Z,08525,,-4,05000,51003,37.888447,-4.789464,False,104012
2026-09-13T12:30:35Z,18170,,11,17000,37200,39.62202,-3.3301535,False,449002
2026-09-13T12:30:35Z,02140,,0,60000,51003,39.73975,-3.8142831,True,103018
2026-09-13T12:30:35Z,08125,,0,51003,54413,37.320244,-4.8031383,False,104009
2026-09-13T12:30:35Z,09730,,8,87089,60000,41.63506,-0.87224853,False,100020
2026-09-13T12:30:35Z,05131,,0,03216,17000,40.011124,-2.1038587,False,112015
2026-09-13T12:30:35Z,15864,,2,79315,71801,41.86349,2.8079793,False,"449026,449030"
2026-09-13T12:30:35Z,15862,,4,79315,71801,41.663956,2.437156,False,447062
2026-09-13T12:30:35Z,18217,,-2,10600,11000,41.766315,-4.62331,False,440237
2026-09-13T12:30:35Z,14022,,2,65400,65000,40.427723,0.4150037,False,470115
2026-09-13T12:30:35Z,18101,,25,14107,14223,43.327454,-4.0425653,False,470156
2026-09-13T12:30:35Z,02137,,-1,51003,60000,38.42189,-4.4457026,False,112019
2026-09-13T12:30:35Z,18061,,11,10000,11505,42.696465,-2.9233959,False,449051
2026-09-13T12:30:35Z,02136,,-3,60000,05000,38.89356,-3.9676988,False,102005
2026-09-13T12:30:35Z,18063,,6,10000,11505,40.936253,-4.6159997,False,449001
2026-09-13T12:30:35Z,02135,,3,51405,60000,37.198982,-5.805117,False,120059
2026-09-13T12:30:35Z,09725,,-2,60000,87089,41.637547,-0.9811966,False,100023
2026-09-13T12:30:35Z,04314,,11,31412,17000,41.12003,-4.4368863,False,106063
2026-09-13T12:30:35Z,12528,,6,22308,31412,43.041492,-8.446158,False,599009
2026-09-13T12:30:35Z,15914,,1,71801,79315,42.03872,2.9225962,False,447178
2026-09-13T12:30:35Z,05124,,0,17000,03216,39.441956,-0.3936502,False,106011
2026-09-13T12:30:35Z,02130,,22,60000,51003,38.690853,-4.1120768,False,100002
2026-09-13T12:30:35Z,18902,,4,30100,10000,40.58669,-4.1318765,False,599037
2026-09-13T12:30:35Z,14302,,-1,65000,65400,39.557945,-0.31768784,False,"447007,447018"
2026-09-13T12:30:35Z,14545,,3,61307,61200,37.976032,-1.0885359,False,592017
2026-09-13T12:30:35Z,15043,,0,73003,78400,41.5524,0.7523469,False,447110
2026-09-13T12:30:35Z,01112,,-11,60911,71801,41.343716,2.0562558,True,130044
2026-09-13T12:30:35Z,05951,,4,65300,60000,39.76455,-0.20556974,False,100007
2026-09-13T12:30:35Z,03930,,35,71801,51003,37.855904,-4.8878236,True,"102009,102011"
2026-09-13T12:30:35Z,05312,,5,15100,60911,38.35047,-0.5161573,False,112001
2026-09-13T12:30:35Z,17907,,0,40100,18000,38.44961,-6.3613896,False,599044
2026-09-13T12:30:35Z,17902,,0,18000,40100,39.667015,-6.472027,False,599043
2026-09-13T12:30:35Z,03093,,17,60000,04307,42.259678,2.9448278,True,103012
2026-09-13T12:30:35Z,12453,,10,31412,22308,42.482944,-8.649923,False,599034
2026-09-13T12:30:35Z,17501,,2,71300,04040,41.419506,-0.49051872,False,470123
2026-09-13T12:30:35Z,16022,,4,11300,11200,42.84904,-2.5145676,False,470041
2026-09-13T12:30:35Z,13393,,6,51405,51003,36.854393,-6.086095,False,449010
2026-09-13T12:30:35Z,15052,,1,73100,79400,41.261547,1.1742945,False,470114
2026-09-13T12:30:35Z,71872,,17,05451,05663,43.21044,-3.1094778,False,524028
2026-09-13T12:30:35Z,13032,,6,50500,51003,37.803947,-5.110169,False,449013
2026-09-13T12:30:35Z,18040,,1,17000,60600,40.443344,-3.6926162,False,"449036,449044"
2026-09-13T12:30:35Z,01101,,5,04307,60911,38.867447,-0.77245766,True,130033
2026-09-13T12:30:35Z,08935,,0,05000,54413,36.88437,-4.709217,False,104010
2026-09-13T12:30:35Z,02270,,-1,60000,51003,40.403328,-3.687824,False,103010
2026-09-13T12:30:35Z,03123,,1,60000,71801,41.527958,-0.19298191,False,103008
2026-09-13T12:30:35Z,01460,,11,61307,65000,38.329006,-0.5086391,True,"334004,334019,6B4"
2026-09-13T12:30:35Z,08130,,4,60000,37700,38.820778,-4.0641365,False,100011
2026-09-13T12:30:35Z,14405,,-2,65000,60600,39.12039,-0.45466408,False,599014
2026-09-13T12:30:35Z,13955,,-1,56310,05000,37.25616,-3.0349395,False,599010
2026-09-13T12:45:23Z,18014,,1,11505,10000,43.068398,-2.1625137,False,449046
2026-09-13T12:45:23Z,18770,,3,37200,37606,38.968666,-5.7965097,False,599031
2026-09-13T12:45:23Z,02104,,103,60000,51405,37.413673,-5.9553943,True,"130032,130041"
2026-09-13T12:45:23Z,17041,,1,37200,17000,38.954758,-3.8017516,False,449043
2026-09-13T12:45:23Z,18093,,4,65400,65000,39.719227,-0.23966883,False,"470095,470116"
2026-09-13T12:45:23Z,04121,,44,17000,15410,42.79082,-5.6404843,False,106052
2026-09-13T12:45:23Z,09132,,3,08223,31412,42.861378,-8.588143,False,121007
2026-09-13T12:45:23Z,18777,,2,37606,37200,38.921745,-6.6893616,False,599021
2026-09-13T12:45:23Z,71811,,7,21010,15211,43.490887,-6.11026,False,529004
2026-09-13T12:45:23Z,03308,,2,71801,60000,41.37552,1.1811053,False,103021
2026-09-13T12:45:23Z,18021,,0,71100,11200,42.485126,-1.6497085,False,470094
2026-09-13T12:45:23Z,15033,,1,79400,71400,41.219936,1.7309104,False,"447055,447170"
2026-09-13T12:45:23Z,03943,,-4,51003,71801,41.342686,2.1144097,False,"102013,112013"
2026-09-13T12:45:23Z,17050,,-2,71300,79400,41.09586,0.74829674,False,447175
2026-09-13T12:45:23Z,00672,,11,80100,60000,40.411297,-3.479133,True,"120007,120008"
2026-09-13T12:45:23Z,05843,,0,61200,17000,38.858406,-1.0143298,False,106010
2026-09-13T12:45:23Z,04110,,7,15410,17000,40.903446,-4.0752077,True,106061
2026-09-13T12:45:23Z,03143,,-1,60000,04307,40.403526,-3.497592,False,100017
2026-09-13T12:45:23Z,18308,,3,11000,30110,41.317352,-4.910074,False,599042
2026-09-13T12:45:23Z,12683,,3,21010,31412,43.385494,-8.200198,False,594105
2026-09-13T12:45:23Z,18306,,0,30100,11000,41.215565,-5.114594,False,599026
2026-09-13T12:45:23Z,12962,,10,22100,31304,42.36142,-7.9120946,False,594012
2026-09-13T12:45:23Z,17026,,2,37500,18000,39.94394,-6.1376796,False,599050
2026-09-13T12:45:23Z,18073,,2,71100,81100,41.652718,-0.89602864,False,464231
2026-09-13T12:45:23Z,02124,,58,60000,51405,38.127285,-4.5188003,True,130034
2026-09-13T12:45:23Z,02123,,14,54413,60000,40.317326,-3.6490717,True,"102006,102014"
2026-09-13T12:45:23Z,00622,,27,71801,08223,42.75016,-2.8491623,True,130037
2026-09-13T12:45:23Z,00621,,1,08223,71801,42.25851,-3.9514842,True,130010
2026-09-13T12:45:23Z,04149,,-1,17000,15100,41.534092,-4.763221,True,112021
2026-09-13T12:45:23Z,04143,,0,60911,14223,41.638226,-4.7336826,True,130042
2026-09-13T12:45:23Z,08744,,5,54413,51003,37.20256,-4.7156324,False,104011
2026-09-13T12:45:23Z,05113,,-2,60911,17000,39.95557,-3.3675532,False,112018
2026-09-13T12:45:23Z,02122,,49,60000,54413,38.336323,-4.535898,True,112014
2026-09-13T12:45:23Z,02121,,11,51003,60000,39.950623,-3.8517973,False,100005
2026-09-13T12:45:23Z,02120,,67,60000,51003,37.94547,-4.648931,False,"100001,100004"
2026-09-13T12:45:23Z,02087,,48,56310,60000,39.66956,-3.7993526,True,730018
2026-09-13T12:45:23Z,04142,,12,14223,17000,43.193222,-4.054007,True,130003
2026-09-13T12:45:23Z,15009,,6,79400,71210,41.169434,1.0552359,False,447181
2026-09-13T12:45:23Z,18004,,0,10600,10000,41.421814,-4.8016186,False,449009
2026-09-13T12:45:23Z,18126,,0,65400,79400,41.142723,1.4057415,False,470070
2026-09-13T12:45:23Z,71832,,1,15211,21010,43.348606,-5.967645,False,527013
2026-09-13T12:45:23Z,18127,,16,79400,65400,41.142723,1.4057415,False,"448001,448025"
2026-09-13T12:45:23Z,38112,,13,11505,10000,42.358337,-3.7574291,False,449057
2026-09-13T12:45:23Z,71830,,26,15211,21010,43.546093,-8.078065,False,527015
2026-09-13T12:45:23Z,15012,,6,71400,79400,41.237682,1.8250287,False,447040
2026-09-13T12:45:23Z,00694,,-1,50202,71801,39.091366,-1.9764792,True,130036
2026-09-13T12:45:23Z,05742,,3,60000,61200,40.218204,-3.7483485,False,102003
2026-09-13T12:45:23Z,00697,,0,71801,50202,39.27853,-2.7754042,True,130030
2026-09-13T12:45:23Z,04254,,-1,08223,17000,42.87054,-8.54452,False,106060
2026-09-13T12:45:23Z,08335,,0,51003,05000,37.236576,-3.7379615,False,104017
2026-09-13T12:45:23Z,09143,,0,31412,08223,42.850506,-8.598693,True,121003
2026-09-13T12:45:23Z,15810,,0,71801,79315,41.78097,2.6792874,False,449029
2026-09-13T12:45:23Z,09140,,-1,22100,31412,42.65202,-8.15487,True,121004
2026-09-13T12:45:23Z,15062,,5,65411,79400,41.379074,2.139723,False,470071
2026-09-13T12:45:23Z,18171,,10,60400,17000,39.87957,-3.7284303,False,449049
2026-09-13T12:45:23Z,03113,,4,60000,71801,41.254898,1.5778657,False,"103014,103020"
2026-09-13T12:45:23Z,04325,,0,17000,20309,41.51156,-5.749828,True,730025
2026-09-13T12:45:23Z,08525,,-2,05000,51003,37.81236,-5.0803943,False,104012
2026-09-13T12:45:23Z,18170,,10,17000,37200,39.395874,-3.2055266,False,449002
2026-09-13T12:45:23Z,02140,,-1,60000,51003,39.132477,-3.8739476,True,103018
2026-09-13T12:45:23Z,08125,,-2,51003,54413,37.068314,-4.7192206,False,104009
2026-09-13T12:45:23Z,09730,,9,87089,60000,41.654037,-1.0748967,False,100020
2026-09-13T12:45:23Z,02142,,0,60000,54413,40.333363,-3.6524184,True,102007
2026-09-13T12:45:23Z,02141,,2,51003,60000,37.586704,-5.741679,True,"100012,100014"
2026-09-13T12:45:23Z,05131,,0,03216,17000,40.05225,-2.4826932,False,112015
2026-09-13T12:45:23Z,15864,,1,79315,71801,41.771248,2.6730332,False,"449026,449030"
2026-09-13T12:45:23Z,15862,,2,79315,71801,41.55363,2.2572722,False,447062
2026-09-13T12:45:23Z,18217,,-2,10600,11000,41.871243,-4.540645,False,440237
2026-09-13T12:45:23Z,15866,,0,79315,71801,42.424652,3.15777,False,447048
2026-09-13T12:45:23Z,15750,,0,04040,74200,41.630047,-0.863294,False,599005
2026-09-13T12:45:23Z,14022,,3,65400,65000,40.304623,0.22888201,False,470115
2026-09-13T12:45:23Z,18101,,9,14107,14223,43.353146,-3.9495175,False,470156
2026-09-13T12:45:23Z,18061,,12,10000,11505,42.848816,-2.7571666,False,449051
2026-09-13T12:45:23Z,02137,,3,51003,60000,38.665497,-4.180825,False,112019
2026-09-13T12:45:23Z,02136,,1,60000,05000,38.669632,-4.269459,False,102005
2026-09-13T12:45:23Z,18063,,4,10000,11505,41.047115,-4.70175,False,449001
2026-09-13T12:45:23Z,02135,,5,51405,60000,37.336563,-5.964944,False,120059
2026-09-13T12:45:23Z,09725,,1,60000,87089,41.609123,-0.83943206,False,100023
2026-09-13T12:45:23Z,04314,,10,31412,17000,40.74844,-3.7407682,False,106063
2026-09-13T12:45:23Z,12528,,9,22308,31412,43.216805,-8.448691,False,599009
2026-09-13T12:45:23Z,15914,,1,71801,79315,42.17076,2.9897177,False,447178
2026-09-13T12:45:23Z,02130,,32,60000,51003,38.659298,-4.3420014,False,100002
2026-09-13T12:45:23Z,18902,,2,30100,10000,40.570045,-3.9497862,False,599037
2026-09-13T12:45:23Z,14302,,-2,65000,65400,39.676086,-0.27111077,False,"447007,447018"
2026-09-13T12:45:23Z,14475,,-5,60913,60902,38.404366,-0.76328206,False,447005
2026-09-13T12:45:23Z,04345,,1,17000,31412,40.491585,-3.6767159,False,106056
2026-09-13T12:45:23Z,05951,,11,65300,60000,39.67167,-0.2741037,False,100007
2026-09-13T12:45:23Z,03930,,33,71801,51003,37.730072,-5.320996,True,102009
2026-09-13T12:45:23Z,17907,,0,40100,18000,38.623547,-6.370067,False,599044
2026-09-13T12:45:23Z,12696,,0,20309,22100,42.99809,-7.5224752,False,594011
2026-09-13T12:45:23Z,17902,,-1,18000,40100,39.46135,-6.385864,False,599043
2026-09-13T12:45:23Z,12453,,10,31412,22308,42.35247,-8.615985,False,599034
2026-09-13T12:45:23Z,17501,,5,71300,04040,41.56875,-0.74474716,False,470123
2026-09-13T12:45:23Z,16022,,4,11300,11200,42.82958,-2.7761981,False,470041
2026-09-13T12:45:23Z,13393,,7,51405,51003,36.971424,-6.038449,False,449010
2026-09-13T12:45:23Z,15052,,-1,73100,79400,41.11299,1.1505345,False,470114
2026-09-13T12:45:23Z,71872,,21,05451,05663,43.233353,-3.1982758,False,524028
2026-09-13T12:45:23Z,13032,,7,50500,51003,37.71837,-5.2925186,False,449013
2026-09-13T12:45:23Z,00530,,-1,71801,11500,41.47958,1.9527007,True,120012
2026-09-13T12:45:23Z,18040,,1,17000,60600,40.402138,-3.684402,False,"449036,449044"
2026-09-13T12:45:23Z,01101,,-3,04307,60911,38.731064,-0.95376766,True,130033
2026-09-13T12:45:23Z,08935,,-11,05000,54413,36.704453,-4.4477396,False,104010
2026-09-13T12:45:23Z,02270,,-1,60000,51003,40.40334,-3.6878362,False,103010
2026-09-13T12:45:23Z,03123,,6,60000,71801,41.615833,0.34923184,False,103008
2026-09-13T12:45:23Z,05140,,1,17000,03216,43.535175,-5.7018175,False,112010
2026-09-13T12:45:23Z,01460,,-7,61307,65000,38.34467,-0.49552664,True,"252052,334019,6B4"
2026-09-13T12:45:23Z,05143,,0,60911,17000,38.408844,-0.6727136,True,112016
2026-09-13T12:45:23Z,14401,,1,65000,60600,39.391567,-0.40261272,False,"470090,470118"
2026-09-13T12:45:23Z,15214,,5,65411,71500,41.107918,1.2113302,False,470103
2026-09-13T12:45:23Z,14405,,-2,65000,60600,38.992325,-0.5245347,False,599014
2026-09-13T12:45:23Z,13955,,-4,56310,05000,37.316746,-3.1269808,False,599010
2026-09-13T13:00:53Z,18014,,-2,11505,10000,43.080563,-2.3108666,False,449046
2026-09-13T13:00:53Z,00609,,-1,60000,80100,40.35609,-3.573655,False,120058
2026-09-13T13:00:53Z,18770,,4,37200,37606,38.967102,-5.862926,False,599031
2026-09-13T13:00:53Z,02104,,104,60000,51405,37.36277,-5.9757977,True,"130032,130041"
2026-09-13T13:00:53Z,17041,,1,37200,17000,39.024426,-3.6319928,False,449043
2026-09-13T13:00:53Z,18093,,9,65400,65000,39.588375,-0.3118693,False,"470095,470116"
2026-09-13T13:00:53Z,04121,,43,17000,15410,43.158283,-5.8311634,False,106052
2026-09-13T13:00:53Z,09132,,2,08223,31412,42.905117,-8.4892235,False,121007
2026-09-13T13:00:53Z,18777,,6,37606,37200,38.91366,-6.5985603,False,599021
2026-09-13T13:00:53Z,71811,,7,21010,15211,43.394592,-6.06357,False,529004
2026-09-13T13:00:53Z,03308,,4,71801,60000,41.60141,0.65225613,False,103021
2026-09-13T13:00:53Z,18021,,2,71100,11200,42.61833,-1.6460423,False,470094
2026-09-13T13:00:53Z,15033,,7,79400,71400,41.185974,1.524699,False,"447055,447170"
2026-09-13T13:00:53Z,17050,,-2,71300,79400,41.138367,0.7993777,False,447175
2026-09-13T13:00:53Z,00672,,6,80100,60000,40.402096,-3.6845126,True,"120007,120008"
2026-09-13T13:00:53Z,05843,,-2,61200,17000,38.901054,-1.7353334,False,106010
2026-09-13T13:00:53Z,04110,,4,15410,17000,40.498894,-3.6791136,True,106061
2026-09-13T13:00:53Z,03143,,-1,60000,04307,40.71901,-3.0344605,False,100017
2026-09-13T13:00:53Z,18308,,5,11000,30110,41.25967,-5.0179925,False,599042
2026-09-13T13:00:53Z,13258,,3,50500,50506,37.862682,-4.8651114,False,446060
2026-09-13T13:00:53Z,12683,,3,21010,31412,43.284214,-8.215613,False,594105
2026-09-13T13:00:53Z,18029,,3,11200,71100,42.690903,-2.9411867,False,470110
2026-09-13T13:00:53Z,12962,,10,22100,31304,42.428963,-8.062784,False,594012
2026-09-13T13:00:53Z,17026,,1,37500,18000,39.910896,-5.865607,False,599050
2026-09-13T13:00:53Z,18073,,8,71100,81100,41.71094,-0.99849737,False,464231
2026-09-13T13:00:53Z,02124,,56,60000,51405,37.888153,-4.7901316,True,130034
2026-09-13T13:00:53Z,00622,,30,71801,08223,42.689003,-2.948236,True,130037
2026-09-13T13:00:53Z,00621,,-1,08223,71801,42.372417,-3.6608124,True,130010
2026-09-13T13:00:53Z,04149,,2,17000,15100,41.642853,-4.7248144,True,112021
2026-09-13T13:00:53Z,04143,,0,60911,14223,41.830624,-4.534711,True,130042
2026-09-13T13:00:53Z,08744,,7,54413,51003,37.46073,-4.8729925,False,104011
2026-09-13T13:00:53Z,05113,,26,60911,17000,39.953064,-3.378621,False,112018
2026-09-13T13:00:53Z,02122,,48,60000,54413,37.945885,-4.6447353,True,112014
2026-09-13T13:00:53Z,02121,,6,51003,60000,40.326115,-3.6487162,False,100005
2026-09-13T13:00:53Z,02120,,70,60000,51003,37.859535,-4.8751993,False,"100001,100004"
2026-09-13T13:00:53Z,02087,,47,56310,60000,40.11144,-3.7881052,True,730018
2026-09-13T13:00:53Z,04142,,13,14223,17000,43.0993,-4.0923467,True,130003
2026-09-13T13:00:53Z,09155,,2,60911,61200,38.366825,-0.5661752,False,104013
2026-09-13T13:00:53Z,15009,,1,79400,71210,41.143112,0.91949666,False,447181
2026-09-13T13:00:53Z,71833,,-3,15211,14223,43.381767,-5.72973,False,433019
2026-09-13T13:00:53Z,18004,,-1,10600,10000,41.317352,-4.910074,False,449009
2026-09-13T13:00:53Z,18126,,-1,65400,79400,41.204132,1.6760368,False,470070
2026-09-13T13:00:53Z,71832,,-2,15211,21010,43.38929,-6.005661,False,527013
2026-09-13T13:00:53Z,18127,,16,79400,65400,41.111366,1.2533424,False,"448001,448025"
2026-09-13T13:00:53Z,71830,,27,15211,21010,43.517235,-8.161411,False,527015
2026-09-13T13:00:53Z,38112,,15,11505,10000,42.184807,-4.0402875,False,449057
2026-09-13T13:00:53Z,15012,,9,71400,79400,41.301487,2.0078502,False,447040
2026-09-13T13:00:53Z,00694,,-3,50202,71801,38.999233,-1.8469399,True,130036
2026-09-13T13:00:53Z,04257,,0,17000,11500,40.648357,-3.7201178,True,121019
2026-09-13T13:00:53Z,05742,,14,60000,61200,40.140606,-3.6966634,False,102003
2026-09-13T13:00:53Z,00697,,-3,71801,50202,39.395874,-3.2055266,True,130030
2026-09-13T13:00:53Z,09143,,0,31412,08223,42.65077,-8.727854,True,121003
2026-09-13T13:00:53Z,15810,,0,71801,79315,41.9164,2.8014674,False,449029
2026-09-13T13:00:53Z,09140,,-1,22100,31412,42.86886,-8.548565,True,121004
2026-09-13T13:00:53Z,15814,,3,71801,79315,41.410076,2.1887767,False,449042
2026-09-13T13:00:53Z,18129,,0,79400,65400,41.39203,2.1646564,False,"470119,470187"
2026-09-13T13:00:53Z,18214,,3,15100,14100,42.45978,-5.386712,False,470106
2026-09-13T13:00:53Z,15062,,7,65411,79400,41.39203,2.1646564,False,470071
2026-09-13T13:00:53Z,05817,,0,61200,10600,41.229057,-4.612231,False,106012
2026-09-13T13:00:53Z,18171,,11,60400,17000,40.034863,-3.6184845,False,449049
2026-09-13T13:00:53Z,03113,,-1,60000,71801,41.342434,2.0562947,False,"103014,103020"
2026-09-13T13:00:53Z,04325,,0,17000,20309,41.91127,-6.065065,True,730025
2026-09-13T13:00:53Z,08525,,1,05000,51003,37.655037,-5.5509024,False,104012
2026-09-13T13:00:53Z,02149,,22,54413,60000,36.894325,-4.7179885,False,112029
2026-09-13T13:00:53Z,18170,,14,17000,37200,39.199413,-3.2259734,False,449002
2026-09-13T13:00:53Z,02140,,0,60000,51003,38.845943,-4.0264063,True,103018
2026-09-13T13:00:53Z,04166,,6,11500,17000,43.048546,-2.1903677,True,121029
2026-09-13T13:00:53Z,09730,,9,87089,60000,41.426556,-1.5560448,False,100020
2026-09-13T13:00:53Z,02142,,-1,60000,54413,39.84749,-3.8627765,True,102007
2026-09-13T13:00:53Z,02141,,2,51003,60000,37.81033,-5.0900054,True,"100012,100014"
2026-09-13T13:00:53Z,05131,,0,03216,17000,39.953735,-3.2807033,False,112015
2026-09-13T13:00:53Z,15864,,1,79315,71801,41.63211,2.3811433,False,"449026,449030"
2026-09-13T13:00:53Z,15862,,4,79315,71801,41.43465,2.1942444,False,447062
2026-09-13T13:00:53Z,15866,,0,79315,71801,42.424652,3.15777,False,447048
2026-09-13T13:00:53Z,15750,,3,04040,74200,41.8366,-0.78504544,False,599005
2026-09-13T13:00:53Z,17012,,6,18000,37500,40.364147,-3.6785815,False,599049
2026-09-13T13:00:53Z,18101,,14,14107,14223,43.41741,-3.8421104,False,470156
2026-09-13T13:00:53Z,14022,,5,65400,65000,40.092266,0.13998784,False,470115
2026-09-13T13:00:53Z,02137,,4,51003,60000,38.90079,-3.9629967,False,112019
2026-09-13T13:00:53Z,18061,,14,10000,11505,42.84963,-2.5212152,False,449051
2026-09-13T13:00:53Z,02136,,4,60000,05000,38.315086,-4.564307,False,102005
2026-09-13T13:00:53Z,18063,,4,10000,11505,41.317352,-4.910074,False,449001
2026-09-13T13:00:53Z,02135,,1,51405,60000,37.404842,-5.9605627,False,120059
2026-09-13T13:00:53Z,09725,,3,60000,87089,41.529545,-0.30027336,False,100023
2026-09-13T13:00:53Z,12528,,10,22308,31412,43.34901,-8.414619,False,599009
2026-09-13T13:00:53Z,15914,,0,71801,79315,42.287357,3.0116947,False,447178
2026-09-13T13:00:53Z,02130,,36,60000,51003,38.240356,-4.5657535,False,100002
2026-09-13T13:00:53Z,14302,,3,65000,65400,39.73242,-0.23005907,False,"447007,447018"
2026-09-13T13:00:53Z,18902,,-3,30100,10000,40.44683,-3.7941103,False,599037
2026-09-13T13:00:53Z,15043,,-1,79400,73100,41.380306,2.142874,False,447026
2026-09-13T13:00:53Z,14475,,-3,60913,60902,38.484627,-0.8010842,False,447005
2026-09-13T13:00:53Z,05951,,16,65300,60000,39.48083,-0.3326096,False,100007
2026-09-13T13:00:53Z,03930,,29,71801,51003,37.49599,-5.9219294,True,102009
2026-09-13T13:00:53Z,17907,,1,40100,18000,38.84925,-6.3743596,False,599044
2026-09-13T13:00:53Z,12696,,0,20309,22100,42.788567,-7.412593,False,594011
2026-09-13T13:00:53Z,17902,,0,18000,40100,39.224957,-6.3665247,False,599043
2026-09-13T13:00:53Z,12453,,10,31412,22308,42.28865,-8.6432,False,599034
2026-09-13T13:00:53Z,17501,,4,71300,04040,41.652718,-0.89602864,False,470123
2026-09-13T13:00:53Z,16022,,3,11300,11200,42.742737,-2.867332,False,470041
2026-09-13T13:00:53Z,13393,,3,51405,51003,37.24854,-5.8684144,False,449010
2026-09-13T13:00:53Z,15052,,0,73100,79400,41.111366,1.2533424,False,470114
2026-09-13T13:00:53Z,71872,,21,05451,05663,43.233353,-3.1982758,False,524028
2026-09-13T13:00:53Z,13032,,7,50500,51003,37.677055,-5.470097,False,449013
2026-09-13T13:00:53Z,00530,,-2,71801,11500,41.177425,1.3659161,True,120012
2026-09-13T13:00:53Z,18040,,7,17000,60600,40.26558,-3.7045443,False,"449036,449044"
2026-09-13T13:00:53Z,01101,,-4,04307,60911,38.510067,-0.8050968,True,130033
2026-09-13T13:00:53Z,02270,,-1,60000,51003,40.40322,-3.6879864,False,103010
2026-09-13T13:00:53Z,03123,,4,60000,71801,41.621075,0.6331106,False,103008
2026-09-13T13:00:53Z,05140,,4,17000,03216,43.535175,-5.701819,False,112010
2026-09-13T13:00:53Z,01460,,-2,61307,65000,38.406307,-0.618041,True,"252052,6B4"
2026-09-13T13:00:53Z,05143,,0,60911,17000,38.58531,-0.8741363,True,112016
2026-09-13T13:00:53Z,14401,,-1,65000,60600,39.153164,-0.45084685,False,"470090,470118"
2026-09-13T13:00:53Z,14405,,-2,65000,60600,38.898987,-0.7204955,False,599014
2026-09-13T13:00:53Z,13955,,-1,56310,05000,37.409534,-3.2761128,False,599010
2026-09-13T13:15:26Z,18014,,0,11505,10000,43.007954,-2.3295681,False,449046
2026-09-13T13:15:26Z,18770,,2,37200,37606,38.89697,-6.1290045,False,599031
2026-09-13T13:15:26Z,00606,,2,80100,60000,42.750046,-1.630719,False,120055
2026-09-13T13:15:26Z,02104,,110,60000,51405,37.28439,-5.918994,True,"130032,130041"
2026-09-13T13:15:26Z,17041,,-3,37200,17000,39.006386,-3.4020188,False,449043
2026-09-13T13:15:26Z,18093,,12,65400,65000,39.47008,-0.3346956,False,"470095,470116"
2026-09-13T13:15:26Z,04121,,42,17000,15410,43.25073,-5.782335,False,106052
2026-09-13T13:15:26Z,09132,,1,08223,31412,43.26064,-8.44928,False,121007
2026-09-13T13:15:26Z,18777,,6,37606,37200,38.92514,-6.3526993,False,599021
2026-09-13T13:15:26Z,71811,,17,21010,15211,43.394592,-6.06357,False,529004
2026-09-13T13:15:26Z,03308,,3,71801,60000,41.62441,0.4202555,False,103021
2026-09-13T13:15:26Z,18021,,4,71100,11200,42.754704,-1.6361834,False,470094
2026-09-13T13:15:26Z,15033,,6,79400,71400,41.128365,1.2973496,False,"447055,447170"
2026-09-13T13:15:26Z,17050,,0,71300,79400,41.133007,0.8601785,False,447175
2026-09-13T13:15:26Z,05843,,-3,61200,17000,39.382935,-2.0066702,False,106010
2026-09-13T13:15:26Z,03143,,0,60000,04307,40.989815,-2.5303936,False,100017
2026-09-13T13:15:26Z,18308,,7,11000,30110,41.134163,-5.1836915,False,599042
2026-09-13T13:15:26Z,13258,,4,50500,50506,37.80261,-5.02798,False,446060
2026-09-13T13:15:26Z,12683,,9,21010,31412,43.28048,-8.24121,False,594105
2026-09-13T13:15:26Z,18029,,2,11200,71100,42.816025,-2.8048563,False,470110
2026-09-13T13:15:26Z,71802,,6,05193,21010,43.536007,-7.055802,False,527021
2026-09-13T13:15:26Z,18306,,4,30100,11000,41.367634,-4.8355727,False,599026
2026-09-13T13:15:26Z,12963,,4,31304,22100,42.400814,-7.977112,False,594012
2026-09-13T13:15:26Z,17026,,1,37500,18000,39.892117,-5.677609,False,599050
2026-09-13T13:15:26Z,18076,,-2,81100,71100,42.42098,-2.2249773,False,470085
2026-09-13T13:15:26Z,18073,,8,71100,81100,41.79797,-1.1876858,False,464231
2026-09-13T13:15:26Z,02124,,56,60000,51405,37.801037,-5.1425567,True,130034
2026-09-13T13:15:26Z,00622,,30,71801,08223,42.636143,-3.1096349,True,130037
2026-09-13T13:15:26Z,00621,,-1,08223,71801,42.410385,-3.4575884,True,130010
2026-09-13T13:15:26Z,04149,,0,17000,15100,41.943405,-4.470048,True,112021
2026-09-13T13:15:26Z,04143,,-1,60911,14223,41.993706,-4.5143523,True,130042
2026-09-13T13:15:26Z,08744,,1,54413,51003,37.84058,-4.939371,False,104011
2026-09-13T13:15:26Z,05113,,26,60911,17000,39.953056,-3.3786545,False,112018
2026-09-13T13:15:26Z,02122,,46,60000,54413,37.836845,-4.95172,True,112014
2026-09-13T13:15:26Z,09157,,0,61200,60911,38.075485,-0.9476748,False,104014
2026-09-13T13:15:26Z,02120,,69,60000,51003,37.79074,-5.18695,False,"100001,100004"
2026-09-13T13:15:26Z,01152,,3,65000,04307,39.45859,-0.34064385,False,130029
2026-09-13T13:15:26Z,02087,,44,56310,60000,40.395588,-3.6739626,True,730018
2026-09-13T13:15:26Z,09155,,0,60911,61200,38.25252,-0.7585735,False,104013
2026-09-13T13:15:26Z,04142,,14,14223,17000,43.007286,-4.1276793,True,130003
2026-09-13T13:15:26Z,09153,,0,31412,08223,43.169518,-8.453784,False,121018
2026-09-13T13:15:26Z,15009,,-1,79400,71210,41.13072,0.8158463,False,447181
2026-09-13T13:15:26Z,71833,,-1,15211,14223,43.38804,-5.6649175,False,527031
2026-09-13T13:15:26Z,18004,,1,10600,10000,41.106716,-4.74289,False,449009
2026-09-13T13:15:26Z,18126,,3,65400,79400,41.240875,1.8622112,False,470070
2026-09-13T13:15:26Z,71832,,0,15211,21010,43.394592,-6.06357,False,527013
2026-09-13T13:15:26Z,18127,,17,79400,65400,41.122093,1.1274807,False,"448001,448025"
2026-09-13T13:15:26Z,15014,,0,71400,79400,41.11289,1.1507267,False,449028
2026-09-13T13:15:26Z,38112,,14,11505,10000,42.014534,-4.3011155,False,449057
2026-09-13T13:15:26Z,15012,,11,71400,79400,41.369408,2.1294024,False,447040
2026-09-13T13:15:26Z,00694,,2,50202,71801,38.926212,-1.5833743,True,130036
2026-09-13T13:15:26Z,05742,,13,60000,61200,39.96079,-3.21365,False,102003
2026-09-13T13:15:26Z,00697,,-12,71801,50202,39.395874,-3.2055266,True,130030
2026-09-13T13:15:26Z,04254,,-3,08223,17000,42.350533,-7.872692,False,106060
2026-09-13T13:15:26Z,03162,,6,04307,60000,42.031254,2.8182397,False,103012
2026-09-13T13:15:26Z,09143,,-1,31412,08223,42.50536,-8.649369,True,121003
2026-09-13T13:15:26Z,15810,,-1,71801,79315,42.031178,2.89099,False,449029
2026-09-13T13:15:26Z,09140,,-2,22100,31412,42.93999,-8.484671,True,121004
2026-09-13T13:15:26Z,15814,,5,71801,79315,41.537895,2.2212276,False,449042
2026-09-13T13:15:26Z,18129,,2,79400,65400,41.32453,2.0716405,False,"470119,470187"
2026-09-13T13:15:26Z,18214,,2,15100,14100,42.42581,-5.208388,False,470106
2026-09-13T13:15:26Z,05817,,0,61200,10600,41.627476,-4.738022,False,106012
2026-09-13T13:15:26Z,13043,,0,43019,51003,37.318348,-6.8051944,False,449015
2026-09-13T13:15:26Z,18171,,11,60400,17000,40.220535,-3.6885026,False,449049
2026-09-13T13:15:26Z,04325,,-1,17000,20309,42.04455,-6.5621843,True,730025
2026-09-13T13:15:26Z,08525,,-4,05000,51003,37.446507,-5.9607735,False,104012
2026-09-13T13:15:26Z,02149,,23,54413,60000,37.23658,-4.7571044,False,112029
2026-09-13T13:15:26Z,18170,,12,17000,37200,39.005886,-3.3706145,False,449002
2026-09-13T13:15:26Z,02140,,5,60000,51003,38.671116,-4.28465,True,103018
2026-09-13T13:15:26Z,04166,,-2,11500,17000,43.086796,-2.320094,True,121029
2026-09-13T13:15:26Z,09730,,7,87089,60000,41.199932,-2.1540003,False,100020
2026-09-13T13:15:26Z,02142,,-1,60000,54413,39.335297,-3.874406,True,102007
2026-09-13T13:15:26Z,02141,,0,51003,60000,37.88696,-4.792803,True,"100012,100014"
2026-09-13T13:15:26Z,34023,,1,71801,04307,41.45968,2.188409,False,103002
2026-09-13T13:15:26Z,05131,,0,03216,17000,40.154957,-3.7145085,False,112015
2026-09-13T13:15:26Z,15864,,-2,79315,71801,41.520428,2.2076278,False,"449026,449030"
2026-09-13T13:15:26Z,15866,,3,79315,71801,42.126854,2.9694054,False,447048
2026-09-13T13:15:26Z,15750,,5,04040,74200,41.99629,-0.58487,False,599005
2026-09-13T13:15:26Z,14022,,10,65400,65000,40.004692,-0.042012565,False,470115
2026-09-13T13:15:26Z,17012,,9,18000,37500,40.31295,-3.7830791,False,599049
2026-09-13T13:15:26Z,02137,,2,51003,60000,39.201557,-3.8619428,False,112019
2026-09-13T13:15:26Z,18061,,13,10000,11505,42.868465,-2.2669406,False,449051
2026-09-13T13:15:26Z,02136,,3,60000,05000,37.94678,-4.6358695,False,102005
2026-09-13T13:15:26Z,18063,,5,10000,11505,41.580685,-4.7574167,False,449001
2026-09-13T13:15:26Z,02135,,-9,51405,60000,37.47097,-5.9492273,False,120059
2026-09-13T13:15:26Z,09725,,4,60000,87089,41.620903,0.38495547,False,100023
2026-09-13T13:15:26Z,12528,,10,22308,31412,43.349213,-8.4143505,False,599009
2026-09-13T13:15:26Z,15914,,0,71801,79315,42.39819,3.1516933,False,447178
2026-09-13T13:15:26Z,04151,,0,17000,15410,40.75643,-3.7502475,False,106062
2026-09-13T13:15:26Z,02130,,36,60000,51003,37.917515,-4.7109485,False,100002
2026-09-13T13:15:26Z,14302,,15,65000,65400,39.876614,-0.12639414,False,"447007,447018"
2026-09-13T13:15:26Z,15043,,11,79400,73100,41.35818,2.1157935,False,447026
2026-09-13T13:15:26Z,14475,,-7,60913,60902,38.544746,-0.8138981,False,447005
2026-09-13T13:15:26Z,02167,,0,05000,02003,37.231384,-3.9891486,True,102008
2026-09-13T13:15:26Z,04345,,-2,17000,31412,41.240784,-4.632994,False,106056
2026-09-13T13:15:26Z,05951,,15,65300,60000,39.459362,-0.38127664,False,100007
2026-09-13T13:15:26Z,03930,,44,50500,05000,37.04484,-4.6000867,True,102011
2026-09-13T13:15:26Z,05152,,0,17000,60911,40.35239,-3.6710093,True,112011
2026-09-13T13:15:26Z,17907,,-1,40100,18000,38.9216,-6.3433795,False,599044
2026-09-13T13:15:26Z,12696,,1,20309,22100,42.714725,-7.4532847,False,594011
2026-09-13T13:15:26Z,17902,,-1,18000,40100,38.93874,-6.416089,False,599043
2026-09-13T13:15:26Z,13942,,1,05000,56310,37.18384,-3.6091888,False,599020
2026-09-13T13:15:26Z,13393,,6,51405,51003,37.34971,-5.970543,False,449010
2026-09-13T13:15:26Z,15052,,3,73100,79400,41.142723,1.4057415,False,470114
2026-09-13T13:15:26Z,71872,,30,05451,05663,43.23888,-3.357626,False,524028
2026-09-13T13:15:26Z,13032,,8,50500,51003,37.600815,-5.621744,False,449013
2026-09-13T13:15:26Z,00530,,0,71801,11500,41.191975,1.2718735,True,120012
2026-09-13T13:15:26Z,18040,,3,17000,60600,40.044075,-3.621422,False,"449036,449044"
2026-09-13T13:15:26Z,01101,,-7,04307,60911,38.401905,-0.7264255,True,130033
2026-09-13T13:15:26Z,01463,,1,65000,61307,39.466072,-0.37742963,True,"252070,6B1"
2026-09-13T13:15:26Z,02156,,2,60000,51003,40.219215,-3.748144,False,112020
2026-09-13T13:15:26Z,03123,,0,60000,71801,41.43445,0.9342022,False,103008
2026-09-13T13:15:26Z,05140,,10,17000,03216,43.535538,-5.686389,False,112010
2026-09-13T13:15:26Z,01460,,-2,61307,65000,38.42596,-0.80238247,True,"252052,6B4"
2026-09-13T13:15:26Z,05143,,17,60911,17000,38.618416,-0.8912275,True,112016
2026-09-13T13:15:26Z,14401,,0,65000,60600,39.050217,-0.47729987,False,"470090,470118"
2026-09-13T13:15:26Z,14405,,-2,65000,60600,38.79409,-0.8921133,False,599014
2026-09-13T13:15:26Z,13955,,0,56310,05000,37.398403,-3.4408405,False,599010
2026-09-13T13:30:38Z,18014,,3,11505,10000,42.910454,-2.2058644,False,449046
2026-09-13T13:30:38Z,00609,,-1,60000,80100,40.61245,-3.100669,False,120058
2026-09-13T13:30:38Z,18770,,0,37200,37606,38.92154,-6.3430305,False,599031
2026-09-13T13:30:38Z,00606,,7,80100,60000,42.620888,-1.6436892,False,120055
2026-09-13T13:30:38Z,02104,,118,60000,51405,37.1733,-5.788143,True,"130032,130041"
2026-09-13T13:30:38Z,17041,,0,37200,17000,39.137337,-3.2395442,False,449043
2026-09-13T13:30:38Z,04121,,42,17000,15410,43.298935,-5.8357725,False,106052
2026-09-13T13:30:38Z,03152,,1,71801,60000,41.180428,1.3461875,True,103009
2026-09-13T13:30:38Z,18777,,6,37606,37200,38.92154,-6.3430305,False,599021
2026-09-13T13:30:38Z,71811,,13,21010,15211,43.348778,-5.9677367,False,529004
2026-09-13T13:30:38Z,03308,,4,71801,60000,41.530296,-0.3204166,False,103021
2026-09-13T13:30:38Z,13011,,50,51003,50500,37.450115,-5.962988,False,449019
2026-09-13T13:30:38Z,18021,,0,71100,11200,42.82511,-1.6615183,False,470094
2026-09-13T13:30:38Z,15033,,8,79400,71400,41.113327,1.1499596,False,"447055,447170"
2026-09-13T13:30:38Z,13010,,42,51003,51405,37.392544,-5.9750113,False,449048
2026-09-13T13:30:38Z,17050,,-1,71300,79400,41.160793,1.0897249,False,447175
2026-09-13T13:30:38Z,05843,,-4,61200,17000,39.958294,-2.0493767,False,106010
2026-09-13T13:30:38Z,03143,,0,60000,04307,41.279293,-1.9134667,False,100017
2026-09-13T13:30:38Z,08158,,0,10600,17000,41.604958,-4.747444,False,"114001,114008"
2026-09-13T13:30:38Z,08155,,4,51003,54413,37.45897,-5.9576926,False,104006
2026-09-13T13:30:38Z,18308,,7,11000,30110,41.08003,-5.4062266,False,599042
2026-09-13T13:30:38Z,13258,,3,50500,50506,37.789837,-5.176063,False,446060
2026-09-13T13:30:38Z,12683,,8,21010,31412,43.33711,-8.404467,False,594105
2026-09-13T13:30:38Z,12684,,7,31412,21010,43.31794,-8.368608,False,594102
2026-09-13T13:30:38Z,18029,,2,11200,71100,42.841305,-2.6726778,False,470110
2026-09-13T13:30:38Z,71802,,6,05193,21010,43.536007,-7.055802,False,527021
2026-09-13T13:30:38Z,18306,,5,30100,11000,41.48882,-4.7730064,False,599026
2026-09-13T13:30:38Z,17026,,2,37500,18000,39.90446,-5.299859,False,599050
2026-09-13T13:30:38Z,18076,,-2,81100,71100,42.355747,-2.0517366,False,470085
2026-09-13T13:30:38Z,18073,,8,71100,81100,41.89165,-1.3787934,False,464231
2026-09-13T13:30:38Z,02124,,58,60000,51405,37.615753,-5.5995374,True,130034
2026-09-13T13:30:38Z,00622,,32,71801,08223,42.52251,-3.333274,True,130037
2026-09-13T13:30:38Z,00621,,-2,08223,71801,42.556274,-3.3155818,True,130010
2026-09-13T13:30:38Z,04149,,1,17000,15100,42.0607,-4.5992064,True,112021
2026-09-13T13:30:38Z,04143,,2,60911,14223,42.114983,-4.497597,True,130042
2026-09-13T13:30:38Z,08744,,3,54413,51003,37.88001,-4.8084903,False,104011
2026-09-13T13:30:38Z,12538,,11,22308,31412,42.33461,-8.613692,False,599018
2026-09-13T13:30:38Z,05113,,54,60911,17000,39.973946,-3.574775,False,112018
2026-09-13T13:30:38Z,02122,,49,60000,54413,37.40805,-4.8526874,True,112014
2026-09-13T13:30:38Z,13907,,1,54413,51003,36.70664,-4.442962,False,598021
2026-09-13T13:30:38Z,09157,,2,61200,60911,38.22734,-0.7899011,False,104014
2026-09-13T13:30:38Z,02120,,70,60000,51003,37.587994,-5.729749,False,"100001,100004"
2026-09-13T13:30:38Z,01152,,1,65000,04307,39.697266,-0.25567326,False,130029
2026-09-13T13:30:38Z,09155,,2,60911,61200,38.08557,-0.93267035,False,104013
2026-09-13T13:30:38Z,04142,,14,14223,17000,42.872345,-4.1633954,True,130003
2026-09-13T13:30:38Z,09153,,-2,31412,08223,42.871067,-8.543258,False,121018
2026-09-13T13:30:38Z,15009,,-1,79400,71210,41.099888,0.7757829,False,447181
2026-09-13T13:30:38Z,71833,,0,15211,14223,43.38045,-5.582643,False,527031
2026-09-13T13:30:38Z,18004,,-1,10600,10000,40.887657,-4.6024528,False,449009
2026-09-13T13:30:38Z,18126,,3,65400,79400,41.30931,2.0274866,False,470070
2026-09-13T13:30:38Z,71832,,0,15211,21010,43.448746,-6.0771136,False,527013
2026-09-13T13:30:38Z,18127,,16,79400,65400,41.01762,0.92744803,False,"448001,448025"
2026-09-13T13:30:38Z,18006,,1,15100,15004,42.48092,-5.5375233,False,470111
2026-09-13T13:30:38Z,15014,,0,71400,79400,41.118507,1.271674,False,449028
2026-09-13T13:30:38Z,38112,,11,11505,10000,41.917492,-4.496002,False,449057
2026-09-13T13:30:38Z,15013,,4,79400,71400,41.38422,2.1855106,False,"448006,448016"
2026-09-13T13:30:38Z,15012,,8,71400,79400,41.388374,2.1943924,False,447040
2026-09-13T13:30:38Z,00694,,0,50202,71801,38.872288,-1.2250409,True,130036
2026-09-13T13:30:38Z,04257,,-2,17000,11500,41.31888,-4.7281547,True,121019
2026-09-13T13:30:38Z,05742,,12,60000,61200,40.053677,-2.4147909,False,102003
2026-09-13T13:30:38Z,00697,,-6,71801,50202,39.020798,-3.3447351,True,130030
2026-09-13T13:30:38Z,04254,,-2,08223,17000,42.26086,-7.829155,False,106060
2026-09-13T13:30:38Z,03162,,7,04307,60000,41.764565,2.6678276,False,103012
2026-09-13T13:30:38Z,09143,,0,31412,08223,42.33559,-8.609788,True,121003
2026-09-13T13:30:38Z,15810,,-1,71801,79315,42.206818,2.980486,False,449029
2026-09-13T13:30:38Z,09140,,0,22100,31412,43.326656,-8.445913,True,121004
2026-09-13T13:30:38Z,18128,,10,65400,79400,40.753696,0.6141503,False,"448004,448014"
2026-09-13T13:30:38Z,15814,,-4,71801,79315,41.685516,2.4907167,False,449042
2026-09-13T13:30:38Z,18129,,0,79400,65400,41.2392,1.8097444,False,"470119,470187"
2026-09-13T13:30:38Z,15657,,0,78400,04040,41.620914,0.6328743,False,470101
2026-09-13T13:30:38Z,18214,,3,15100,14100,42.24509,-4.9706855,False,470106
2026-09-13T13:30:38Z,13043,,0,43019,51003,37.38747,-6.580697,False,449015
2026-09-13T13:30:38Z,04325,,-1,17000,20309,42.049316,-7.062751,True,730025
2026-09-13T13:30:38Z,02149,,20,54413,60000,37.623142,-4.9175653,False,112029
2026-09-13T13:30:38Z,18170,,11,17000,37200,39.061356,-3.604076,False,449002
2026-09-13T13:30:38Z,02140,,8,60000,51003,38.312447,-4.566013,True,103018
2026-09-13T13:30:38Z,04166,,-3,11500,17000,42.95665,-2.304401,True,121029
2026-09-13T13:30:38Z,09730,,6,87089,60000,41.01915,-2.4772403,False,100020
2026-09-13T13:30:38Z,02142,,-2,60000,54413,38.918583,-3.9582224,True,102007
2026-09-13T13:30:38Z,34023,,1,71801,04307,41.753567,2.6514497,False,103002
2026-09-13T13:30:38Z,02141,,3,51003,60000,38.11502,-4.502832,True,"100012,100014"
2026-09-13T13:30:38Z,05131,,2,03216,17000,40.400627,-3.6818788,False,112015
2026-09-13T13:30:38Z,15864,,2,79315,71801,41.428688,2.1964068,False,"449026,449030"
2026-09-13T13:30:38Z,15866,,0,79315,71801,42.027363,2.8750553,False,447048
2026-09-13T13:30:38Z,04958,,1,30100,17000,41.019848,-5.57315,False,121021
2026-09-13T13:30:38Z,15750,,5,04040,74200,42.11313,-0.4151968,False,599005
2026-09-13T13:30:38Z,14022,,8,65400,65000,39.896538,-0.104014486,False,470115
2026-09-13T13:30:38Z,17012,,7,18000,37500,40.141785,-3.8468103,False,599049
2026-09-13T13:30:38Z,02137,,1,51003,60000,39.81212,-3.8513591,False,112019
2026-09-13T13:30:38Z,18061,,13,10000,11505,42.95095,-2.2990913,False,449051
2026-09-13T13:30:38Z,02136,,2,60000,05000,37.888287,-4.7905536,False,102005
2026-09-13T13:30:38Z,18063,,5,10000,11505,41.695713,-4.67978,False,449001
2026-09-13T13:30:38Z,02135,,-1,51405,60000,37.641617,-5.562164,False,120059
2026-09-13T13:30:38Z,09725,,3,60000,87089,41.407597,1.0407792,False,100023
2026-09-13T13:30:38Z,12528,,10,22308,31412,43.349216,-8.414346,False,599009
2026-09-13T13:30:38Z,15914,,0,71801,79315,42.26509,2.9689703,False,447178
2026-09-13T13:30:38Z,04151,,1,17000,15410,40.92769,-4.1510963,False,106062
2026-09-13T13:30:38Z,18907,,1,10000,30110,40.439926,-3.7484019,False,599041
2026-09-13T13:30:38Z,02130,,34,60000,51003,37.805172,-5.042386,False,100002
2026-09-13T13:30:38Z,15918,,5,71801,79315,41.411446,2.1905925,False,"447112,447133"
2026-09-13T13:30:38Z,14302,,13,65000,65400,39.988613,-0.051681932,False,"447007,447018"
2026-09-13T13:30:38Z,13215,,0,50500,50413,37.91249,-4.718996,False,446070
2026-09-13T13:30:38Z,15043,,9,79400,73100,41.26675,1.9545362,False,447026
2026-09-13T13:30:38Z,02167,,1,05000,02003,37.152157,-4.2015085,True,102008
2026-09-13T13:30:38Z,04345,,-3,17000,31412,41.43774,-5.340172,False,106056
2026-09-13T13:30:38Z,05951,,12,65300,60000,39.443752,-0.48935834,False,100007
2026-09-13T13:30:38Z,03930,,44,50500,05000,37.043705,-4.641685,True,102011
2026-09-13T13:30:38Z,05152,,1,17000,60911,40.009937,-3.6272085,True,112011
2026-09-13T13:30:38Z,17907,,0,40100,18000,38.932068,-6.376494,False,599044
2026-09-13T13:30:38Z,12696,,1,20309,22100,42.532913,-7.5021653,False,594011
2026-09-13T13:30:38Z,17902,,-4,18000,40100,38.92255,-6.348576,False,599043
2026-09-13T13:30:38Z,09351,,-2,31412,22100,42.908752,-8.481708,True,121005
2026-09-13T13:30:38Z,12455,,0,31400,22308,42.729267,-8.653321,False,599017
2026-09-13T13:30:38Z,04181,,1,60911,15410,38.34467,-0.49552664,True,130038
2026-09-13T13:30:38Z,13942,,1,05000,56310,37.332417,-3.5963993,False,599020
2026-09-13T13:30:38Z,15052,,4,73100,79400,41.185974,1.524699,False,470114
2026-09-13T13:30:38Z,71872,,30,05451,05663,43.281998,-3.438309,False,524028
2026-09-13T13:30:38Z,13032,,11,50500,51003,37.550217,-5.8622274,False,449013
2026-09-13T13:30:38Z,00530,,2,71801,11500,41.501385,0.85172325,True,120012
2026-09-13T13:30:38Z,18040,,4,17000,60600,39.887787,-3.740193,False,"449036,449044"
2026-09-13T13:30:38Z,01101,,0,04307,60911,38.397964,-0.5353851,True,130033
2026-09-13T13:30:38Z,01463,,7,65000,61307,39.254242,-0.43392035,True,"252070,6B1"
2026-09-13T13:30:38Z,02156,,-1,60000,51003,39.65919,-3.7999866,False,112020
2026-09-13T13:30:38Z,03123,,1,60000,71801,41.18781,1.3011931,False,103008
2026-09-13T13:30:38Z,05140,,10,17000,03216,43.537292,-5.6764855,False,112010
2026-09-13T13:30:38Z,01460,,0,61307,65000,38.554096,-0.823652,True,"252052,6B4"
2026-09-13T13:30:38Z,02153,,22,54413,60000,37.056213,-4.7164454,False,103019
2026-09-13T13:30:38Z,05143,,16,60911,17000,38.861824,-1.0230956,True,112016
2026-09-13T13:30:38Z,14401,,0,65000,60600,38.946144,-0.6284351,False,"470090,470118"
2026-09-13T13:30:38Z,14003,,0,65000,60911,39.446102,-0.38347086,False,"447009,447015"
2026-09-13T13:30:38Z,14405,,2,65000,60600,38.863617,-1.0989646,False,599014
2026-09-13T13:30:38Z,13955,,1,56310,05000,37.359486,-3.5562127,False,599010
2026-09-13T13:45:25Z,18014,,0,11505,10000,42.86924,-2.3067968,False,449046
2026-09-13T13:45:25Z,00609,,-1,60000,80100,40.90503,-2.6838357,False,120058
2026-09-13T13:45:25Z,18770,,0,37200,37606,38.915604,-6.4723916,False,599031
2026-09-13T13:45:25Z,00606,,5,80100,60000,42.467175,-1.633798,False,120055
2026-09-13T13:45:25Z,02104,,116,60000,51405,36.893303,-6.1003833,True,"130032,130041"
2026-09-13T13:45:25Z,17041,,0,37200,17000,39.380234,-3.196731,False,449043
2026-09-13T13:45:25Z,04121,,47,17000,15410,43.396442,-5.82269,False,106052
2026-09-13T13:45:25Z,03152,,3,71801,60000,41.426304,0.95235366,True,103009
2026-09-13T13:45:25Z,05170,,36,15100,03216,42.592533,-5.5793996,True,112002
2026-09-13T13:45:25Z,12431,,1,31412,22308,43.325546,-8.446898,False,599009
2026-09-13T13:45:25Z,18777,,1,37606,37200,38.9215,-6.343041,False,599021
2026-09-13T13:45:25Z,71811,,22,21010,15211,43.348606,-5.967645,False,529004
2026-09-13T13:45:25Z,03308,,3,71801,60000,41.62741,-0.8603387,False,103021
2026-09-13T13:45:25Z,18021,,-1,71100,11200,42.915977,-1.8636035,False,470094
2026-09-13T13:45:25Z,13011,,57,51003,50500,37.5035,-5.9138875,False,449019
2026-09-13T13:45:25Z,13010,,45,51003,51405,37.321503,-5.9642534,False,449048
2026-09-13T13:45:25Z,17050,,-1,71300,79400,41.1129,1.150706,False,447175
2026-09-13T13:45:25Z,03305,,4,60000,71801,40.3503,-3.5822392,False,"103022,103024"
2026-09-13T13:45:25Z,05843,,-4,61200,17000,40.028976,-2.7811422,False,106010
2026-09-13T13:45:25Z,03143,,0,60000,04307,41.372803,-1.5968044,False,100017
2026-09-13T13:45:25Z,08158,,0,10600,17000,41.199818,-4.541162,False,"114001,114008"
2026-09-13T13:45:25Z,08155,,3,51003,54413,37.704784,-5.4008613,False,104006
2026-09-13T13:45:25Z,18308,,6,11000,30110,41.04193,-5.541714,False,599042
2026-09-13T13:45:25Z,13015,,1,51405,51003,36.529274,-6.288518,False,449005
2026-09-13T13:45:25Z,08150,,2,60000,37700,40.40148,-3.6829288,False,104015
2026-09-13T13:45:25Z,12683,,8,21010,31412,43.31794,-8.368608,False,594105
2026-09-13T13:45:25Z,12684,,8,31412,21010,43.27072,-8.225962,False,594102
2026-09-13T13:45:25Z,18029,,1,11200,71100,42.84625,-2.3890216,False,470110
2026-09-13T13:45:25Z,71802,,6,05193,21010,43.536007,-7.055802,False,527021
2026-09-13T13:45:25Z,18306,,4,30100,11000,41.64204,-4.7268705,False,599026
2026-09-13T13:45:25Z,12600,,1,20200,15100,42.58653,-6.5240073,False,470102
2026-09-13T13:45:25Z,17026,,1,37500,18000,39.889477,-4.972964,False,599050
2026-09-13T13:45:25Z,18076,,1,81100,71100,42.310688,-1.9577888,False,470085
2026-09-13T13:45:25Z,18073,,8,71100,81100,42.033253,-1.5725591,False,464231
2026-09-13T13:45:25Z,02124,,39,60000,51405,37.45377,-5.960537,True,130034
2026-09-13T13:45:25Z,00622,,33,71801,08223,42.413017,-3.4496248,True,130037
2026-09-13T13:45:25Z,00621,,-2,08223,71801,42.64847,-3.0472505,True,130010
2026-09-13T13:45:25Z,04149,,-2,17000,15100,42.348354,-5.0533223,True,112021
2026-09-13T13:45:25Z,05750,,3,17000,03216,40.395966,-3.674436,False,112024
2026-09-13T13:45:25Z,04143,,0,60911,14223,42.38528,-4.3655615,True,130042
2026-09-13T13:45:25Z,08744,,1,54413,51003,37.788517,-5.2016754,False,104011
2026-09-13T13:45:25Z,05113,,53,60911,17000,40.341465,-3.6603346,False,112018
2026-09-13T13:45:25Z,12538,,9,22308,31412,42.438625,-8.630111,False,599018
2026-09-13T13:45:25Z,02122,,41,60000,54413,36.851868,-4.687548,True,112014
2026-09-13T13:45:25Z,13907,,-6,54413,51003,36.73247,-4.6616316,False,598021
2026-09-13T13:45:25Z,09157,,4,61200,60911,38.395607,-0.7164441,False,104014
2026-09-13T13:45:25Z,04140,,2,15410,60911,43.461372,-5.8264217,True,130008
2026-09-13T13:45:25Z,01152,,3,65000,04307,39.896416,-0.10413193,False,130029
2026-09-13T13:45:25Z,04142,,12,14223,17000,42.723377,-4.2757063,True,130003
2026-09-13T13:45:25Z,09155,,-4,60911,61200,37.972107,-1.1071758,False,104013
2026-09-13T13:45:25Z,09153,,0,31412,08223,42.77982,-8.657871,False,121018
2026-09-13T13:45:25Z,15009,,3,79400,71210,41.10742,0.6528035,False,447181
2026-09-13T13:45:25Z,71813,,0,21010,15211,43.488102,-8.230719,False,527015
2026-09-13T13:45:25Z,71833,,0,15211,14223,43.36128,-5.5090475,False,527031
2026-09-13T13:45:25Z,18004,,-2,10600,10000,40.656685,-4.682941,False,449009
2026-09-13T13:45:25Z,18126,,6,65400,79400,41.379074,2.139723,False,470070
2026-09-13T13:45:25Z,18006,,3,15100,15004,42.417694,-5.196488,False,470111
2026-09-13T13:45:25Z,71832,,0,15211,21010,43.490887,-6.11026,False,527013
2026-09-13T13:45:25Z,18127,,14,79400,65400,40.8861,0.8006144,False,"448001,448025"
2026-09-13T13:45:25Z,15014,,4,71400,79400,41.142723,1.4057415,False,449028
2026-09-13T13:45:25Z,38112,,-1,11505,10000,41.79794,-4.591778,False,449057
2026-09-13T13:45:25Z,15013,,5,79400,71400,41.33582,2.1041381,False,"448006,448016"
2026-09-13T13:45:25Z,00694,,2,50202,71801,38.76787,-0.9559395,True,130036
2026-09-13T13:45:25Z,04257,,-4,17000,11500,41.642063,-4.726069,True,121019
2026-09-13T13:45:25Z,05742,,14,60000,61200,39.970604,-2.057649,False,102003
2026-09-13T13:45:25Z,00697,,0,71801,50202,39.005886,-3.3706145,True,130030
2026-09-13T13:45:25Z,03162,,6,04307,60000,41.524406,2.2152293,False,103012
2026-09-13T13:45:25Z,15810,,-1,71801,79315,42.32346,3.0830917,False,449029
2026-09-13T13:45:25Z,09140,,0,22100,31412,43.348957,-8.414688,True,121004
2026-09-13T13:45:25Z,18128,,11,65400,79400,40.753696,0.6141503,False,"448004,448014"
2026-09-13T13:45:25Z,15814,,1,71801,79315,41.772064,2.6732483,False,449042
2026-09-13T13:45:25Z,18129,,-1,79400,65400,41.192413,1.6064769,False,"470119,470187"
2026-09-13T13:45:25Z,15657,,6,78400,04040,41.76616,0.39626336,False,470101
2026-09-13T13:45:25Z,18214,,2,15100,14100,42.15063,-4.6976976,False,470106
2026-09-13T13:45:25Z,18330,,0,60400,37606,39.27113,-3.2087,False,599004
2026-09-13T13:45:25Z,13043,,3,43019,51003,37.39733,-6.3913383,False,449015
2026-09-13T13:45:25Z,04325,,0,17000,20309,42.06393,-7.1341825,True,730025
2026-09-13T13:45:25Z,02149,,17,54413,60000,37.88809,-4.790272,False,112029
2026-09-13T13:45:25Z,18170,,10,17000,37200,38.895573,-3.7097235,False,449002
2026-09-13T13:45:25Z,02140,,10,60000,51003,38.009117,-4.5650454,True,103018
2026-09-13T13:45:25Z,04166,,-4,11500,17000,42.86756,-2.2582874,True,121029
2026-09-13T13:45:25Z,09730,,12,87089,60000,40.826065,-2.887669,False,100020
2026-09-13T13:45:25Z,02142,,2,60000,54413,38.667835,-4.1734986,True,102007
2026-09-13T13:45:25Z,34023,,-1,71801,04307,41.979424,2.8167083,False,103002
2026-09-13T13:45:25Z,02141,,5,51003,60000,38.459995,-4.4429064,True,"100012,100014"
2026-09-13T13:45:25Z,15868,,0,79315,71801,42.26394,2.9689815,False,"449014,449038"
2026-09-13T13:45:25Z,15866,,1,79315,71801,41.94603,2.8042119,False,447048
2026-09-13T13:45:25Z,04958,,5,30100,17000,41.11713,-5.307269,False,121021
2026-09-13T13:45:25Z,14022,,5,65400,65000,39.73267,-0.22987881,False,470115
2026-09-13T13:45:25Z,17012,,10,18000,37500,39.975872,-3.9983785,False,599049
2026-09-13T13:45:25Z,18061,,14,10000,11505,43.07985,-2.325331,False,449051
2026-09-13T13:45:25Z,02137,,-3,51003,60000,40.27913,-3.7081413,False,112019
2026-09-13T13:45:25Z,02136,,8,60000,05000,37.62476,-4.919242,False,102005
2026-09-13T13:45:25Z,18063,,2,10000,11505,41.91728,-4.496049,False,449001
2026-09-13T13:45:25Z,02135,,-2,51405,60000,37.836796,-4.9518633,False,120059
2026-09-13T13:45:25Z,09725,,6,60000,87089,41.192165,1.2704626,False,100023
2026-09-13T13:45:25Z,12528,,10,22308,31412,43.325546,-8.446898,False,599009
2026-09-13T13:45:25Z,08359,,2,17000,10600,40.47428,-3.6817195,False,114006
2026-09-13T13:45:25Z,18907,,2,10000,30110,40.525455,-3.883356,False,599041
2026-09-13T13:45:25Z,04151,,0,17000,15410,41.323547,-4.7325454,False,106062
2026-09-13T13:45:25Z,02130,,36,60000,51003,37.700325,-5.416558,False,100002
2026-09-13T13:45:25Z,15918,,7,71801,79315,41.519436,2.206857,False,"447112,447133"
2026-09-13T13:45:25Z,14302,,10,65000,65400,40.06482,0.09990615,False,"447007,447018"
2026-09-13T13:45:25Z,15043,,11,79400,73100,41.21372,1.7162045,False,447026
2026-09-13T13:45:25Z,15044,,0,78400,73003,41.615982,0.6399948,False,447110
2026-09-13T13:45:25Z,17221,,0,10400,10600,40.657207,-4.6831155,False,440235
2026-09-13T13:45:25Z,03931,,-1,05000,50500,37.249687,-3.803498,True,102015
2026-09-13T13:45:25Z,02167,,-6,05000,02003,37.029385,-4.5550575,True,102008
2026-09-13T13:45:25Z,04345,,-1,17000,31412,41.51622,-5.739942,False,106056
2026-09-13T13:45:25Z,05951,,11,65300,60000,39.51405,-1.1160103,False,100007
2026-09-13T13:45:25Z,03930,,60,50500,05000,37.134678,-4.3164887,True,102011
2026-09-13T13:45:25Z,05155,,0,03216,17000,39.472424,-0.6477419,False,106011
2026-09-13T13:45:25Z,05152,,-2,17000,60911,40.01925,-2.842044,True,112011
2026-09-13T13:45:25Z,17907,,-6,40100,18000,39.142414,-6.360273,False,599044
2026-09-13T13:45:25Z,02163,,1,54413,60000,36.704304,-4.526114,True,102002
2026-09-13T13:45:25Z,12696,,0,20309,22100,42.443882,-7.638252,False,594011
2026-09-13T13:45:25Z,17902,,4,18000,40100,38.830338,-6.3687205,False,599043
2026-09-13T13:45:25Z,09351,,-1,31412,22100,42.85868,-8.53141,True,121005
2026-09-13T13:45:25Z,12455,,1,31400,22308,42.666233,-8.728303,False,599017
2026-09-13T13:45:25Z,14476,,2,60902,60913,38.60486,-0.85934395,False,447005
2026-09-13T13:45:25Z,13942,,3,05000,56310,37.39583,-3.5277848,False,599020
2026-09-13T13:45:25Z,15052,,6,73100,79400,41.237576,1.823234,False,470114
2026-09-13T13:45:25Z,71872,,31,05451,05663,43.346546,-3.421043,False,524028
2026-09-13T13:45:25Z,13032,,17,50500,51003,37.43328,-5.954574,False,449013
2026-09-13T13:45:25Z,00530,,-1,71801,11500,41.62017,0.63386357,True,120012
2026-09-13T13:45:25Z,18040,,7,17000,60600,39.755386,-3.5354269,False,"449036,449044"
2026-09-13T13:45:25Z,01463,,5,65000,61307,39.050217,-0.47729987,True,"252070,6B1"
2026-09-13T13:45:25Z,02156,,-3,60000,51003,39.114086,-3.8816013,False,112020
2026-09-13T13:45:25Z,02151,,1,51003,60000,37.567963,-5.83542,True,102010
2026-09-13T13:45:25Z,03123,,-2,60000,71801,41.48109,1.945529,False,103008
2026-09-13T13:45:25Z,05140,,10,17000,03216,43.467037,-5.818945,False,112010
2026-09-13T13:45:25Z,02153,,22,54413,60000,37.558285,-4.872233,False,103019
2026-09-13T13:45:25Z,01460,,0,61307,65000,38.631767,-0.867864,True,"252052,6B4"
2026-09-13T13:45:25Z,05143,,23,60911,17000,38.89589,-1.6874671,True,112016
2026-09-13T13:45:25Z,02152,,3,60000,54413,40.384563,-3.6784809,False,102014
2026-09-13T13:45:25Z,14401,,-12,65000,60600,38.845314,-0.8401309,False,"470090,470118"
2026-09-13T13:45:25Z,14003,,0,65000,60911,39.27667,-0.43046215,False,"447009,447015"
2026-09-13T13:45:25Z,14405,,3,65000,60600,38.93289,-1.3322259,False,599014
2026-09-13T13:45:25Z,13955,,4,56310,05000,37.250767,-3.6640716,False,599010
2026-09-13T14:00:48Z,18014,,0,11505,10000,42.84904,-2.5145676,False,449046
2026-09-13T14:00:48Z,00609,,-3,60000,80100,41.203037,-2.148029,False,120058
2026-09-13T14:00:48Z,18770,,8,37200,37606,38.91366,-6.5985603,False,599031
2026-09-13T14:00:48Z,00606,,7,80100,60000,42.266705,-1.7432579,False,120055
2026-09-13T14:00:48Z,02104,,115,60000,51405,36.680794,-6.1267223,True,"130032,130041"
2026-09-13T14:00:48Z,17041,,0,37200,17000,39.504204,-3.266447,False,449043
2026-09-13T14:00:48Z,04121,,48,17000,15410,43.519768,-5.7476516,False,106052
2026-09-13T14:00:48Z,05178,,0,10600,60911,41.469498,-4.787812,False,106012
2026-09-13T14:00:48Z,03152,,4,71801,60000,41.613216,0.23597853,True,103009
2026-09-13T14:00:48Z,15700,,2,71801,79300,41.43975,2.1946197,False,"449022,449034"
2026-09-13T14:00:48Z,05170,,43,15100,03216,42.460983,-5.4979596,True,112002
2026-09-13T14:00:48Z,12431,,3,31412,22308,43.198025,-8.444954,False,599009
2026-09-13T14:00:48Z,18777,,-1,37606,37200,38.91324,-6.0693874,False,599021
2026-09-13T14:00:48Z,71811,,20,21010,15211,43.35527,-5.9177074,False,529004
2026-09-13T14:00:48Z,03308,,3,71801,60000,41.696087,-1.1917784,False,103021
2026-09-13T14:00:48Z,18021,,0,71100,11200,42.920383,-1.9748591,False,470094
2026-09-13T14:00:48Z,13011,,65,51003,50500,37.588284,-5.714379,False,449019
2026-09-13T14:00:48Z,13010,,48,51003,51405,37.120754,-5.8274565,False,449048
2026-09-13T14:00:48Z,03305,,5,60000,71801,40.579838,-3.1344843,False,"103022,103024"
2026-09-13T14:00:48Z,17050,,0,71300,79400,41.12106,1.2783142,False,447175
2026-09-13T14:00:48Z,05843,,-4,61200,17000,39.97806,-3.5841842,False,106010
2026-09-13T14:00:48Z,03143,,-3,60000,04307,41.6455,-1.0587621,False,100017
2026-09-13T14:00:48Z,08158,,0,10600,17000,40.909763,-4.0931277,False,"114001,114008"
2026-09-13T14:00:48Z,08155,,-1,51003,54413,37.856052,-4.887251,False,104006
2026-09-13T14:00:48Z,08152,,5,60000,92102,40.29227,-3.6780732,False,104002
2026-09-13T14:00:48Z,13015,,3,51405,51003,36.468014,-6.2068243,False,449005
2026-09-13T14:00:48Z,08150,,4,60000,37700,40.17205,-3.7526503,False,104015
2026-09-13T14:00:48Z,12683,,8,21010,31412,43.31794,-8.368608,False,594105
2026-09-13T14:00:48Z,12684,,9,31412,21010,43.284237,-8.215845,False,594102
2026-09-13T14:00:48Z,18029,,2,11200,71100,42.86924,-2.3067968,False,470110
2026-09-13T14:00:48Z,71802,,6,05193,21010,43.536007,-7.055802,False,527021
2026-09-13T14:00:48Z,18306,,4,30100,11000,41.78222,-4.6085978,False,599026
2026-09-13T14:00:48Z,12600,,0,20200,15100,42.59562,-6.328864,False,470102
2026-09-13T14:00:48Z,17026,,1,37500,18000,39.970726,-4.6881866,False,599050
2026-09-13T14:00:48Z,18076,,-2,81100,71100,42.18659,-1.7481643,False,470085
2026-09-13T14:00:48Z,18073,,9,71100,81100,42.172535,-1.6920238,False,464231
2026-09-13T14:00:48Z,02124,,42,60000,51405,37.393772,-5.973466,True,130034
2026-09-13T14:00:48Z,00622,,31,71801,08223,42.371944,-3.662943,True,130037
2026-09-13T14:00:48Z,00621,,0,08223,71801,42.690937,-2.9410665,True,130010
2026-09-13T14:00:48Z,04149,,-3,17000,15100,42.588654,-5.578904,True,112021
2026-09-13T14:00:48Z,04143,,8,60911,14223,42.513287,-4.365789,True,130042
2026-09-13T14:00:48Z,05750,,5,17000,03216,40.133938,-3.688993,False,112024
2026-09-13T14:00:48Z,08744,,1,54413,51003,37.587917,-5.7266135,False,104011
2026-09-13T14:00:48Z,12538,,10,22308,31412,42.600975,-8.76145,False,599018
2026-09-13T14:00:48Z,13907,,-6,54413,51003,36.819645,-4.6997914,False,598021
2026-09-13T14:00:48Z,04140,,2,15410,60911,43.36646,-5.8551083,True,130008
2026-09-13T14:00:48Z,01152,,7,65000,04307,39.988323,-0.051939975,False,130029
2026-09-13T14:00:48Z,04142,,5,14223,17000,42.478943,-4.3745594,True,130003
2026-09-13T14:00:48Z,09153,,0,31412,08223,42.584694,-8.733444,False,121018
2026-09-13T14:00:48Z,71813,,4,21010,15211,43.546093,-8.078065,False,527015
2026-09-13T14:00:48Z,15009,,0,79400,71210,41.21553,0.5489464,False,447181
2026-09-13T14:00:48Z,71833,,0,15211,14223,43.355488,-5.43438,False,527031
2026-09-13T14:00:48Z,18004,,0,10600,10000,40.61502,-4.5504785,False,449009
2026-09-13T14:00:48Z,71832,,5,15211,21010,43.543125,-6.1108856,False,527013
2026-09-13T14:00:48Z,18127,,9,79400,65400,40.753696,0.6141503,False,"448001,448025"
2026-09-13T14:00:48Z,18006,,2,15100,15004,42.369484,-5.0225286,False,470111
2026-09-13T14:00:48Z,15014,,3,71400,79400,41.200474,1.659344,False,449028
2026-09-13T14:00:48Z,38112,,3,11505,10000,41.677593,-4.6922297,False,449057
2026-09-13T14:00:48Z,15013,,3,79400,71400,41.24295,1.8675975,False,"448006,448016"
2026-09-13T14:00:48Z,00694,,6,50202,71801,38.85533,-0.8144882,True,130036
2026-09-13T14:00:48Z,04257,,0,17000,11500,41.74093,-4.606335,True,121019
2026-09-13T14:00:48Z,05863,,-2,61200,60000,38.078457,-0.94331664,False,112003
2026-09-13T14:00:48Z,05742,,15,60000,61200,39.458874,-1.9919426,False,102003
2026-09-13T14:00:48Z,00697,,3,71801,50202,38.763256,-3.396128,True,130030
2026-09-13T14:00:48Z,03162,,8,04307,60000,41.379074,2.139723,False,103012
2026-09-13T14:00:48Z,15810,,0,71801,79315,42.26509,2.9689703,False,449029
2026-09-13T14:00:48Z,18128,,9,65400,79400,40.8861,0.8006144,False,"448004,448014"
2026-09-13T14:00:48Z,15814,,2,71801,79315,41.86907,2.808626,False,449042
2026-09-13T14:00:48Z,18129,,-1,79400,65400,41.142723,1.4057415,False,"470119,470187"
2026-09-13T14:00:48Z,15657,,8,78400,04040,41.84968,0.29123613,False,470101
2026-09-13T14:00:48Z,18214,,1,15100,14100,42.02667,-4.549471,False,470106
2026-09-13T14:00:48Z,04969,,2,17000,30100,40.575096,-3.7102726,False,121022
2026-09-13T14:00:48Z,18330,,0,60400,37606,39.00598,-3.370446,False,599004
2026-09-13T14:00:48Z,13043,,4,43019,51003,37.330135,-6.2358356,False,449015
2026-09-13T14:00:48Z,04325,,-1,17000,20309,42.256577,-7.819522,True,730025
2026-09-13T14:00:48Z,02149,,17,54413,60000,38.135223,-4.5211644,False,112029
2026-09-13T14:00:48Z,02140,,10,60000,51003,37.859104,-4.876638,True,103018
2026-09-13T14:00:48Z,04166,,-5,11500,17000,42.849064,-2.6188595,True,121029
2026-09-13T14:00:48Z,09730,,14,87089,60000,40.469616,-3.2768793,False,100020
2026-09-13T14:00:48Z,02142,,4,60000,54413,38.398823,-4.4738846,True,102007
2026-09-13T14:00:48Z,02141,,10,51003,60000,38.661926,-4.2146115,True,"100012,100014"
2026-09-13T14:00:48Z,15868,,-1,79315,71801,42.10956,2.9585576,False,"449014,449038"
2026-09-13T14:00:48Z,18218,,1,11000,10500,41.871243,-4.540645,False,440237
2026-09-13T14:00:48Z,15866,,0,79315,71801,41.809715,2.7495623,False,447048
2026-09-13T14:00:48Z,04958,,4,30100,17000,41.282528,-4.969536,False,121021
2026-09-13T14:00:48Z,17012,,8,18000,37500,39.976803,-4.341535,False,599049
2026-09-13T14:00:48Z,14022,,9,65400,65000,39.611977,-0.30763206,False,470115
2026-09-13T14:00:48Z,18061,,10,10000,11505,43.04599,-2.1993432,False,449051
2026-09-13T14:00:48Z,02136,,7,60000,05000,37.05852,-4.717622,False,102005
2026-09-13T14:00:48Z,18063,,2,10000,11505,41.91728,-4.496049,False,449001
2026-09-13T14:00:48Z,02135,,-7,51405,60000,37.888447,-4.789464,False,120059
2026-09-13T14:00:48Z,09725,,8,60000,87089,41.30914,1.6507856,False,100023
2026-09-13T14:00:48Z,12528,,10,22308,31412,43.198025,-8.444954,False,599009
2026-09-13T14:00:48Z,04151,,-1,17000,15410,41.641785,-4.7268667,False,106062
2026-09-13T14:00:48Z,18907,,1,10000,30110,40.62616,-4.0077147,False,599041
2026-09-13T14:00:48Z,02130,,29,60000,51003,37.45665,-5.959155,False,100002
2026-09-13T14:00:48Z,15918,,4,71801,79315,41.643745,2.4149125,False,"447112,447133"
2026-09-13T14:00:48Z,14302,,9,65000,65400,40.215256,0.20246658,False,"447007,447018"
2026-09-13T14:00:48Z,15043,,13,79400,73100,41.185974,1.524699,False,447026
2026-09-13T14:00:48Z,17221,,1,10400,10600,40.997993,-4.6591473,False,440235
2026-09-13T14:00:48Z,15044,,2,78400,73003,41.544147,0.8248302,False,447110
2026-09-13T14:00:48Z,03931,,0,05000,50500,37.175182,-4.135263,True,102015
2026-09-13T14:00:48Z,02167,,0,05000,02003,37.04793,-4.7084484,True,102008
2026-09-13T14:00:48Z,04345,,-1,17000,31412,41.900143,-6.0433855,False,106056
2026-09-13T14:00:48Z,05951,,17,65300,60000,39.549644,-1.2848325,False,100007
2026-09-13T14:00:48Z,03930,,58,50500,05000,37.17156,-4.1166053,True,102011
2026-09-13T14:00:48Z,02161,,2,51003,60000,37.456707,-5.9591227,False,100013
2026-09-13T14:00:48Z,05155,,-1,03216,17000,39.52214,-1.1349514,False,106011
2026-09-13T14:00:48Z,05152,,-4,17000,60911,39.935345,-2.0390244,True,112011
2026-09-13T14:00:48Z,17907,,-7,40100,18000,39.45502,-6.385366,False,599044
2026-09-13T14:00:48Z,02163,,3,54413,60000,37.064777,-4.7183475,True,"102002,102008"
2026-09-13T14:00:48Z,17505,,1,79400,71300,41.384945,2.1536674,False,447167
2026-09-13T14:00:48Z,12696,,-2,20309,22100,42.413097,-7.78411,False,594011
2026-09-13T14:00:48Z,09351,,-1,31412,22100,42.58146,-8.111655,True,121005
2026-09-13T14:00:48Z,17902,,3,18000,40100,38.64199,-6.375584,False,599043
2026-09-13T14:00:48Z,12455,,6,31400,22308,42.6021,-8.762039,False,599017
2026-09-13T14:00:48Z,14476,,1,60902,60913,38.44519,-0.81505936,False,447005
2026-09-13T14:00:48Z,13942,,2,05000,56310,37.414387,-3.3448553,False,599020
2026-09-13T14:00:48Z,15052,,7,73100,79400,41.30931,2.0274866,False,470114
2026-09-13T14:00:48Z,71872,,28,05451,05663,43.394108,-3.4694107,False,524028
2026-09-13T14:00:48Z,00530,,4,71801,11500,41.62608,0.4488677,True,120012
2026-09-13T14:00:48Z,18040,,8,17000,60600,39.632835,-3.3317118,False,"449036,449044"
2026-09-13T14:00:48Z,01463,,2,65000,61307,38.91128,-0.68540925,True,"252070,6B1"
2026-09-13T14:00:48Z,02156,,-4,60000,51003,38.931835,-3.949841,False,112020
2026-09-13T14:00:48Z,02151,,1,51003,60000,37.789684,-5.196923,True,102010
2026-09-13T14:00:48Z,03123,,-7,60000,71801,41.342606,2.1144004,False,103008
2026-09-13T14:00:48Z,05140,,12,17000,03216,43.367256,-5.854093,False,112010
2026-09-13T14:00:48Z,01460,,3,61307,65000,38.807606,-0.8885552,True,"252052,6B4"
2026-09-13T14:00:48Z,02153,,17,54413,60000,37.886417,-4.7941003,False,103019
2026-09-13T14:00:48Z,05143,,24,60911,17000,39.096607,-1.9497029,True,112016
2026-09-13T14:00:48Z,02152,,4,60000,54413,39.97397,-3.840807,False,102014
2026-09-13T14:00:48Z,14401,,-12,65000,60600,38.805264,-0.8878468,False,"470090,470118"
2026-09-13T14:00:48Z,15215,,-4,71500,65411,41.101097,1.1553724,False,449018
2026-09-13T14:00:48Z,14003,,-3,65000,60911,39.05844,-0.47953907,False,"447009,447015"
2026-09-13T14:00:48Z,14405,,3,65000,60600,38.894997,-1.7196634,False,599014
2026-09-13T14:15:24Z,18014,,3,11505,10000,42.76522,-2.8302362,False,449046
2026-09-13T14:15:24Z,00609,,-7,60000,80100,41.346825,-1.6375719,False,120058
2026-09-13T14:15:24Z,18770,,6,37200,37606,38.894234,-6.9739504,False,599031
2026-09-13T14:15:24Z,00606,,6,80100,60000,42.059135,-1.5972719,False,120055
2026-09-13T14:15:24Z,02104,,112,60000,51405,36.5858,-6.216497,True,"130032,130041"
2026-09-13T14:15:24Z,00563,,3,80100,71801,42.71993,-1.6214746,True,"120005,120010"
2026-09-13T14:15:24Z,17041,,-1,37200,17000,39.72255,-3.4968615,False,449043
2026-09-13T14:15:24Z,05178,,0,10600,60911,41.082767,-4.408844,False,106012
2026-09-13T14:15:24Z,03152,,4,71801,60000,41.531548,-0.5193983,True,103009
2026-09-13T14:15:24Z,08166,,0,71801,78400,41.382328,2.024688,False,120006
2026-09-13T14:15:24Z,15700,,1,71801,79300,41.560715,2.2709887,False,"449022,449034"
2026-09-13T14:15:24Z,05170,,35,15100,03216,42.178596,-4.7650256,True,112002
2026-09-13T14:15:24Z,12431,,4,31412,22308,43.00174,-8.4484625,False,599009
2026-09-13T14:15:24Z,18777,,0,37606,37200,38.967102,-5.862926,False,599021
2026-09-13T14:15:24Z,18021,,0,71100,11200,42.88291,-2.1873813,False,470094
2026-09-13T14:15:24Z,03308,,4,71801,60000,41.37774,-1.5897267,False,103021
2026-09-13T14:15:24Z,13011,,69,51003,50500,37.66407,-5.516936,False,449019
2026-09-13T14:15:24Z,17056,,0,04040,71300,41.632397,-0.8668278,False,470123
2026-09-13T14:15:24Z,13010,,48,51003,51405,36.95573,-6.0694337,False,449048
2026-09-13T14:15:24Z,03305,,5,60000,71801,40.92321,-2.6517653,False,"103022,103024"
2026-09-13T14:15:24Z,17050,,1,71300,79400,41.160866,1.4475783,False,447175
2026-09-13T14:15:24Z,05843,,-6,61200,17000,40.343063,-3.6619244,False,106010
2026-09-13T14:15:24Z,03143,,-3,60000,04307,41.649204,-0.89413154,False,100017
2026-09-13T14:15:24Z,05162,,8,17000,60911,40.47428,-3.6817195,True,112015
2026-09-13T14:15:24Z,08155,,4,51003,54413,37.880352,-4.8077374,False,104006
2026-09-13T14:15:24Z,08152,,2,60000,92102,39.94704,-3.8562102,False,104002
2026-09-13T14:15:24Z,13015,,7,51405,51003,36.60378,-6.2177763,False,449005
2026-09-13T14:15:24Z,08150,,4,60000,37700,39.84274,-3.8628979,False,104015
2026-09-13T14:15:24Z,12684,,15,31412,21010,43.411873,-8.18034,False,594102
2026-09-13T14:15:24Z,18029,,-1,11200,71100,42.920383,-1.9748591,False,470110
2026-09-13T14:15:24Z,71802,,6,05193,21010,43.536007,-7.055802,False,527021
2026-09-13T14:15:24Z,12600,,1,20200,15100,42.606647,-6.294959,False,470102
2026-09-13T14:15:24Z,17026,,1,37500,18000,39.95897,-4.5153656,False,599050
2026-09-13T14:15:24Z,18076,,4,81100,71100,42.17272,-1.6925172,False,470085
2026-09-13T14:15:24Z,18073,,0,71100,81100,42.251133,-1.878064,False,464231
2026-09-13T14:15:24Z,02124,,47,60000,51405,37.32428,-5.96411,True,130034
2026-09-13T14:15:24Z,02365,,-1,43019,60000,37.309746,-6.846554,True,120064
2026-09-13T14:15:24Z,00622,,31,71801,08223,42.2769,-3.919126,True,130037
2026-09-13T14:15:24Z,00621,,0,08223,71801,42.84129,-2.7717054,True,130010
2026-09-13T14:15:24Z,05750,,2,17000,03216,39.977448,-3.0800505,False,112024
2026-09-13T14:15:24Z,04143,,8,60911,14223,42.717133,-4.2755237,True,130042
2026-09-13T14:15:24Z,08744,,-4,54413,51003,37.401196,-5.9633317,False,104011
2026-09-13T14:15:24Z,12538,,9,22308,31412,42.69982,-8.715221,False,599018
2026-09-13T14:15:24Z,13907,,2,54413,51003,36.87293,-4.7192345,False,598021
2026-09-13T14:15:24Z,04140,,5,15410,60911,43.267715,-5.8048043,True,130008
2026-09-13T14:15:24Z,01152,,9,65000,04307,40.195957,0.18259408,False,130029
2026-09-13T14:15:24Z,02361,,-22,51003,60000,37.392967,-5.973717,True,100002
2026-09-13T14:15:24Z,13906,,1,51003,54413,37.392544,-5.9750113,False,598018
2026-09-13T14:15:24Z,04142,,4,14223,17000,42.211674,-4.4345036,True,130003
2026-09-13T14:15:24Z,09153,,1,31412,08223,42.41859,-8.636017,False,121018
2026-09-13T14:15:24Z,71813,,4,21010,15211,43.562122,-8.002723,False,527015
2026-09-13T14:15:24Z,71833,,1,15211,14223,43.35193,-5.3690815,False,527031
2026-09-13T14:15:24Z,18004,,0,10600,10000,40.592316,-4.408803,False,449009
2026-09-13T14:15:24Z,71832,,6,15211,21010,43.550995,-6.152206,False,527013
2026-09-13T14:15:24Z,18006,,4,15100,15004,42.24509,-4.9706855,False,470111
2026-09-13T14:15:24Z,15014,,8,71400,79400,41.222668,1.772156,False,449028
2026-09-13T14:15:24Z,38112,,6,11505,10000,41.64204,-4.7268705,False,449057
2026-09-13T14:15:24Z,15013,,2,79400,71400,41.219936,1.7309104,False,"448006,448016"
2026-09-13T14:15:24Z,00694,,4,50202,71801,38.98798,-0.53468347,True,130036
2026-09-13T14:15:24Z,04257,,-2,17000,11500,42.1426,-4.118655,True,121019
2026-09-13T14:15:24Z,05863,,-1,61200,60000,38.247448,-0.7650257,False,112003
2026-09-13T14:15:24Z,05742,,14,60000,61200,38.999973,-1.847127,False,102003
2026-09-13T14:15:24Z,00697,,4,71801,50202,38.590355,-3.4830573,True,130030
2026-09-13T14:15:24Z,03162,,10,04307,60000,41.379074,2.139723,False,103012
2026-09-13T14:15:24Z,14202,,0,61307,65000,37.60953,-0.96980983,False,"599006,599015"
2026-09-13T14:15:24Z,18128,,6,65400,79400,41.08109,1.0452087,False,"448004,448014"
2026-09-13T14:15:24Z,15814,,1,71801,79315,42.027145,2.8740447,False,449042
2026-09-13T14:15:24Z,18129,,1,79400,65400,41.111366,1.2533424,False,"470119,470187"
2026-09-13T14:15:24Z,15657,,13,78400,04040,41.913868,0.19691658,False,470101
2026-09-13T14:15:24Z,18214,,1,15100,14100,42.015743,-4.533869,False,470106
2026-09-13T14:15:24Z,04969,,1,17000,30100,40.77852,-3.7764194,False,121022
2026-09-13T14:15:24Z,18330,,0,60400,37606,39.061348,-3.6036205,False,599004
2026-09-13T14:15:24Z,13043,,4,43019,51003,37.407536,-6.101276,False,449015
2026-09-13T14:15:24Z,04325,,-4,17000,20309,42.35065,-7.872895,True,730025
2026-09-13T14:15:24Z,02149,,16,54413,60000,38.432674,-4.440258,False,112029
2026-09-13T14:15:24Z,02140,,10,60000,51003,37.755455,-5.2648926,True,103018
2026-09-13T14:15:24Z,04166,,-1,11500,17000,42.851913,-2.7432828,True,121029
2026-09-13T14:15:24Z,09730,,12,87089,60000,40.361504,-3.67511,False,100020
2026-09-13T14:15:24Z,04162,,4,14223,17000,43.425747,-3.847324,True,121010
2026-09-13T14:15:24Z,02142,,6,60000,54413,38.02667,-4.5594487,True,102007
2026-09-13T14:15:24Z,02141,,12,51003,60000,38.920918,-3.9573078,True,"100012,100014"
2026-09-13T14:15:24Z,15868,,0,79315,71801,41.9985,2.824742,False,"449014,449038"
2026-09-13T14:15:24Z,18218,,0,11000,10500,41.766315,-4.62331,False,440237
2026-09-13T14:15:24Z,15866,,-1,79315,71801,41.726498,2.5686986,False,447048
2026-09-13T14:15:24Z,04958,,1,30100,17000,41.30308,-4.792029,False,121021
2026-09-13T14:15:24Z,15870,,0,79315,71801,42.424652,3.15777,False,447124
2026-09-13T14:15:24Z,17012,,10,18000,37500,39.96062,-4.6463027,False,599049
2026-09-13T14:15:24Z,14022,,8,65400,65000,39.47008,-0.3346956,False,470115
2026-09-13T14:15:24Z,18061,,10,10000,11505,43.125374,-2.0883265,False,449051
2026-09-13T14:15:24Z,02136,,3,60000,05000,37.10385,-4.4563413,False,102005
2026-09-13T14:15:24Z,18063,,1,10000,11505,42.03739,-4.26522,False,449001
2026-09-13T14:15:24Z,02135,,-1,51405,60000,38.172585,-4.5040092,False,120059
2026-09-13T14:15:24Z,00632,,3,04040,30100,41.72423,-1.0229473,True,121023
2026-09-13T14:15:24Z,09725,,5,60000,87089,41.338387,2.0566072,False,100023
2026-09-13T14:15:24Z,08359,,6,17000,10600,40.910343,-4.094772,False,114006
2026-09-13T14:15:24Z,04151,,0,17000,15410,41.89766,-4.5086203,False,106062
2026-09-13T14:15:24Z,18907,,3,10000,30110,40.56408,-4.1393013,False,599041
2026-09-13T14:15:24Z,15918,,1,71801,79315,41.73161,2.5886407,False,"447112,447133"
2026-09-13T14:15:24Z,14302,,10,65000,65400,40.35848,0.29346985,False,"447007,447018"
2026-09-13T14:15:24Z,15759,,0,74200,04040,41.97537,-0.5259741,False,599005
2026-09-13T14:15:24Z,15043,,16,79400,73100,41.194386,1.3815707,False,447026
2026-09-13T14:15:24Z,18314,,0,30100,10600,41.031086,-5.557105,False,599022
2026-09-13T14:15:24Z,17221,,1,10400,10600,41.191246,-4.79627,False,440235
2026-09-13T14:15:24Z,03931,,3,05000,50500,37.13848,-4.2996984,True,102015
2026-09-13T14:15:24Z,04345,,-2,17000,31412,42.02355,-6.7297177,False,106056
2026-09-13T14:15:24Z,05951,,18,65300,60000,39.578697,-1.9555796,False,100007
2026-09-13T14:15:24Z,03930,,52,50500,05000,37.206894,-3.6732252,True,102011
2026-09-13T14:15:24Z,02161,,2,51003,60000,37.703762,-5.4044585,False,100013
2026-09-13T14:15:24Z,05155,,0,03216,17000,39.512222,-1.7183582,False,106011
2026-09-13T14:15:24Z,02160,,2,60000,51003,40.2443,-3.7419713,True,103010
2026-09-13T14:15:24Z,05152,,-5,17000,60911,39.356823,-2.011783,True,112011
2026-09-13T14:15:24Z,17907,,1,40100,18000,39.47152,-6.408862,False,599044
2026-09-13T14:15:24Z,02164,,0,60000,51405,40.351604,-3.6695135,False,130001
2026-09-13T14:15:24Z,34123,,5,71801,04307,41.45446,2.194005,False,103020
2026-09-13T14:15:24Z,02163,,3,54413,60000,37.07634,-4.720916,True,"102002,102008"
2026-09-13T14:15:24Z,05153,,0,60911,17000,38.372574,-0.61570865,True,112001
2026-09-13T14:15:24Z,17505,,0,79400,71300,41.312668,2.0372036,False,447167
2026-09-13T14:15:24Z,12696,,-4,20309,22100,42.350533,-7.872692,False,594011
2026-09-13T14:15:24Z,17902,,5,18000,40100,38.449757,-6.3615475,False,599043
2026-09-13T14:15:24Z,09351,,-3,31412,22100,42.35618,-7.884083,True,121005
2026-09-13T14:15:24Z,12455,,1,31400,22308,42.44238,-8.631692,False,599017
2026-09-13T14:15:24Z,14476,,1,60902,60913,38.40652,-0.69485503,False,447005
2026-09-13T14:15:24Z,14477,,6,60913,60902,38.40584,-0.6456133,False,592015
2026-09-13T14:15:24Z,13942,,1,05000,56310,37.371304,-3.1900826,False,599020
2026-09-13T14:15:24Z,15052,,4,73100,79400,41.379074,2.139723,False,470114
2026-09-13T14:15:24Z,71872,,29,05451,05663,43.413734,-3.5768023,False,524028
2026-09-13T14:15:24Z,00530,,6,71801,11500,41.52696,-0.1635264,True,120012
2026-09-13T14:15:24Z,18040,,9,17000,60600,39.442024,-3.2459595,False,"449036,449044"
2026-09-13T14:15:24Z,01463,,1,65000,61307,38.887367,-0.74083996,True,"252070,6B1"
2026-09-13T14:15:24Z,02156,,1,60000,51003,38.691067,-4.112004,False,112020
2026-09-13T14:15:24Z,04334,,-3,31412,17000,42.95164,-8.480163,False,106051
2026-09-13T14:15:24Z,02151,,-3,51003,60000,37.92185,-4.7012105,True,102010
2026-09-13T14:15:24Z,05140,,12,17000,03216,43.267735,-5.806966,False,112010
2026-09-13T14:15:24Z,01460,,1,61307,65000,38.942764,-0.64120936,True,"252052,6B4"
2026-09-13T14:15:24Z,02153,,22,54413,60000,37.913876,-4.7149577,False,103019
2026-09-13T14:15:24Z,05143,,23,60911,17000,39.667717,-1.9446735,True,112016
2026-09-13T14:15:24Z,02152,,2,60000,54413,39.417805,-3.8223097,False,102014
2026-09-13T14:15:24Z,14401,,1,65000,60600,38.7976,-0.8905867,False,"470090,470118"
2026-09-13T14:15:24Z,14003,,-7,65000,60911,38.991318,-0.5268824,False,"447009,447015"
2026-09-13T14:30:37Z,18014,,6,11505,10000,42.690903,-2.9411867,False,449046
2026-09-13T14:30:37Z,18131,,-1,79400,65400,41.379074,2.139723,False,470071
2026-09-13T14:30:37Z,00609,,0,60000,80100,41.346554,-1.6384832,False,120058
2026-09-13T14:30:37Z,13240,,1,50413,50502,37.91254,-4.721003,False,446070
2026-09-13T14:30:37Z,00606,,7,80100,60000,41.900623,-1.3966261,False,120055
2026-09-13T14:30:37Z,02104,,114,60000,51405,36.468857,-6.2062683,True,"130032,130041"
2026-09-13T14:30:37Z,00563,,7,80100,71801,42.549644,-1.6586777,True,"120005,120010"
2026-09-13T14:30:37Z,17161,,1,10203,10400,40.599358,-4.4949493,False,465045
2026-09-13T14:30:37Z,17041,,1,37200,17000,39.87957,-3.7284303,False,449043
2026-09-13T14:30:37Z,00280,,0,11200,13200,42.690903,-2.9411867,False,470041
2026-09-13T14:30:37Z,05178,,-1,10600,60911,40.740086,-3.7310987,False,106012
2026-09-13T14:30:37Z,03152,,1,71801,60000,41.658405,-0.91091317,True,103009
2026-09-13T14:30:37Z,05170,,36,15100,03216,41.997437,-4.5156126,True,112002
2026-09-13T14:30:37Z,08163,,1,92102,60000,39.88579,-3.9333415,False,104008
2026-09-13T14:30:37Z,15700,,-3,71801,79300,41.686523,2.491773,False,"449022,449034"
2026-09-13T14:30:37Z,12431,,3,31412,22308,42.856808,-8.552781,False,599009
2026-09-13T14:30:37Z,18777,,1,37606,37200,38.968666,-5.7965097,False,599021
2026-09-13T14:30:37Z,18021,,0,71100,11200,42.84625,-2.3890216,False,470094
2026-09-13T14:30:37Z,03308,,1,71801,60000,41.241554,-1.9923286,False,103021
2026-09-13T14:30:37Z,13011,,68,51003,50500,37.713432,-5.3000855,False,449019
2026-09-13T14:30:37Z,13010,,48,51003,51405,36.75603,-6.062259,False,449048
2026-09-13T14:30:37Z,17056,,-1,04040,71300,41.486984,-0.56579304,False,470123
2026-09-13T14:30:37Z,03942,,35,71801,51003,41.452415,1.9839126,True,"102013,112013"
2026-09-13T14:30:37Z,17050,,-1,71300,79400,41.208263,1.6997799,False,447175
2026-09-13T14:30:37Z,03305,,4,60000,71801,41.211353,-2.1331995,False,"103022,103024"
2026-09-13T14:30:37Z,03143,,-1,60000,04307,41.535534,-0.4834593,False,100017
2026-09-13T14:30:37Z,05162,,8,17000,60911,40.24313,-3.7425382,True,112015
2026-09-13T14:30:37Z,12608,,10,22200,20200,42.350746,-7.8733387,False,594012
2026-09-13T14:30:37Z,08155,,2,51003,54413,37.55005,-4.869023,False,104006
2026-09-13T14:30:37Z,13015,,8,51405,51003,36.75603,-6.062259,False,449005
2026-09-13T14:30:37Z,08150,,1,60000,37700,39.179413,-3.8573067,False,104015
2026-09-13T14:30:37Z,12684,,16,31412,21010,43.495358,-8.161133,False,594102
2026-09-13T14:30:37Z,18029,,-6,11200,71100,42.837807,-1.6833662,False,470110
2026-09-13T14:30:37Z,71802,,6,05193,21010,43.536007,-7.055802,False,527021
2026-09-13T14:30:37Z,12600,,1,20200,15100,42.59879,-6.108556,False,470102
2026-09-13T14:30:37Z,17026,,9,37500,18000,39.976913,-4.3408003,False,599050
2026-09-13T14:30:37Z,18076,,5,81100,71100,41.996986,-1.5153829,False,470085
2026-09-13T14:30:37Z,18073,,1,71100,81100,42.38416,-2.0737562,False,464231
2026-09-13T14:30:37Z,02124,,50,60000,51405,37.16846,-5.7867713,True,130034
2026-09-13T14:30:37Z,02365,,0,43019,60000,37.38684,-6.598804,True,120064
2026-09-13T14:30:37Z,00622,,31,71801,08223,41.944233,-4.4552,True,130037
2026-09-13T14:30:37Z,00621,,1,08223,71801,42.840878,-2.6688938,True,130010
2026-09-13T14:30:37Z,02360,,0,60000,51003,40.396393,-3.6744382,False,100005
2026-09-13T14:30:37Z,05750,,1,17000,03216,40.034985,-2.3073967,False,112024
2026-09-13T14:30:37Z,04143,,11,60911,14223,42.862495,-4.18114,True,130042
2026-09-13T14:30:37Z,12538,,11,22308,31412,42.78721,-8.649861,False,599018
2026-09-13T14:30:37Z,13907,,5,54413,51003,36.919144,-4.7741985,False,598021
2026-09-13T14:30:37Z,01152,,10,65000,04307,40.40723,0.36559758,False,130029
2026-09-13T14:30:37Z,02361,,-22,51003,60000,37.393005,-5.973669,True,100002
2026-09-13T14:30:37Z,13906,,-1,51003,54413,37.321503,-5.9642534,False,598018
2026-09-13T14:30:37Z,15642,,0,04040,74217,41.634483,-0.8711184,False,594014
2026-09-13T14:30:37Z,71813,,2,21010,15211,43.587063,-7.9344945,False,527015
2026-09-13T14:30:37Z,71833,,1,15211,14223,43.35193,-5.3690815,False,527031
2026-09-13T14:30:37Z,18003,,-2,10000,11000,40.447945,-3.7899342,False,449039
2026-09-13T14:30:37Z,18004,,1,10600,10000,40.567837,-4.26329,False,449009
2026-09-13T14:30:37Z,71832,,6,15211,21010,43.55949,-6.234568,False,527013
2026-09-13T14:30:37Z,15014,,9,71400,79400,41.298454,2.0039349,False,449028
2026-09-13T14:30:37Z,38112,,7,11505,10000,41.349197,-4.8701973,False,449057
2026-09-13T14:30:37Z,15013,,0,79400,71400,41.142723,1.4057415,False,"448006,448016"
2026-09-13T14:30:37Z,00694,,2,50202,71801,38.99327,-0.52231926,True,130036
2026-09-13T14:30:37Z,05742,,16,60000,61200,38.92569,-1.5869688,False,102003
2026-09-13T14:30:37Z,05863,,0,61200,60000,38.367443,-0.5809708,False,112003
2026-09-13T14:30:37Z,04254,,-2,08223,17000,41.51592,-5.73974,False,106060
2026-09-13T14:30:37Z,08575,,2,05000,51003,37.231262,-3.728636,False,104017
2026-09-13T14:30:37Z,03162,,11,04307,60000,41.407993,1.7755723,False,103012
2026-09-13T14:30:37Z,14202,,-1,61307,65000,37.78235,-0.95910674,False,"599006,599015"
2026-09-13T14:30:37Z,18128,,5,65400,79400,41.111366,1.2533424,False,"448004,448014"
2026-09-13T14:30:37Z,15814,,-1,71801,79315,42.205116,2.9809222,False,449042
2026-09-13T14:30:37Z,18129,,1,79400,65400,41.122093,1.1274807,False,"470119,470187"
2026-09-13T14:30:37Z,15657,,16,78400,04040,41.84897,-0.037693534,False,470101
2026-09-13T14:30:37Z,18214,,1,15100,14100,42.015743,-4.533869,False,470106
2026-09-13T14:30:37Z,04969,,4,17000,30100,41.05867,-4.3815274,False,121022
2026-09-13T14:30:37Z,18330,,1,60400,37606,38.906487,-3.72408,False,599004
2026-09-13T14:30:37Z,13043,,14,43019,51003,37.431316,-5.98715,False,449015
2026-09-13T14:30:37Z,04565,,0,17000,08223,41.534237,-5.577847,False,106057
2026-09-13T14:30:37Z,04325,,-2,17000,20309,42.395473,-7.802008,True,730025
2026-09-13T14:30:37Z,02149,,20,54413,60000,38.66758,-4.174313,False,112029
2026-09-13T14:30:37Z,02140,,7,60000,51003,37.57583,-5.7970066,True,103018
2026-09-13T14:30:37Z,04166,,-3,11500,17000,42.697662,-2.9176846,True,121029
2026-09-13T14:30:37Z,04162,,9,14223,17000,43.36067,-3.9647703,True,121010
2026-09-13T14:30:37Z,02142,,4,60000,54413,37.85716,-4.8831825,True,102007
2026-09-13T14:30:37Z,02141,,12,51003,60000,39.410675,-3.8253636,True,"100012,100014"
2026-09-13T14:30:37Z,15868,,-2,79315,71801,41.840588,2.799857,False,"449014,449038"
2026-09-13T14:30:37Z,18218,,-1,11000,10500,41.660255,-4.7041616,False,440237
2026-09-13T14:30:37Z,15866,,-1,79315,71801,41.63617,2.3578644,False,447048
2026-09-13T14:30:37Z,15870,,0,79315,71801,42.26345,2.9689872,False,447124
2026-09-13T14:30:37Z,17012,,10,18000,37500,39.91621,-4.931576,False,599049
2026-09-13T14:30:37Z,18061,,8,10000,11505,43.22092,-2.0179012,False,449051
2026-09-13T14:30:37Z,02136,,5,60000,05000,37.157944,-4.1992073,False,102005
2026-09-13T14:30:37Z,18063,,-1,10000,11505,42.209755,-4.006204,False,449001
2026-09-13T14:30:37Z,02135,,0,51405,60000,38.56802,-4.42844,False,120059
2026-09-13T14:30:37Z,00632,,1,04040,30100,41.870266,-1.3327175,True,121023
2026-09-13T14:30:37Z,09725,,3,60000,87089,41.379074,2.139723,False,100023
2026-09-13T14:30:37Z,18181,,0,37200,60911,38.962215,-3.8362083,False,449002
2026-09-13T14:30:37Z,01161,,8,71801,60911,41.33769,2.1096587,True,130044
2026-09-13T14:30:37Z,08359,,3,17000,10600,41.273537,-4.680827,False,114006
2026-09-13T14:30:37Z,18907,,4,10000,30110,40.55465,-4.2532616,False,599041
2026-09-13T14:30:37Z,04151,,0,17000,15410,42.04126,-4.5722623,False,106062
2026-09-13T14:30:37Z,15918,,4,71801,79315,41.79506,2.703608,False,"447112,447133"
2026-09-13T14:30:37Z,14302,,5,65000,65400,40.480297,0.46223596,False,"447007,447018"
2026-09-13T14:30:37Z,15759,,-4,74200,04040,41.91705,-0.7464348,False,599005
2026-09-13T14:30:37Z,15043,,16,79400,73100,41.22342,1.3764572,False,447026
2026-09-13T14:30:37Z,18314,,0,30100,10600,41.153236,-5.1636157,False,599022
2026-09-13T14:30:37Z,17221,,2,10400,10600,41.317352,-4.910074,False,440235
2026-09-13T14:30:37Z,03931,,1,51003,71801,37.583138,-5.7597966,True,102009
2026-09-13T14:30:37Z,04345,,-1,17000,31412,42.06492,-7.334852,False,106056
2026-09-13T14:30:37Z,05951,,24,65300,60000,39.862133,-2.0198548,False,100007
2026-09-13T14:30:37Z,02161,,-2,51003,60000,37.870777,-4.8375583,False,100013
2026-09-13T14:30:37Z,05155,,4,03216,17000,39.724216,-1.9332274,False,106011
2026-09-13T14:30:37Z,02160,,0,60000,51003,39.705006,-3.8057904,True,103010
2026-09-13T14:30:37Z,05152,,-4,17000,60911,38.963154,-1.7997605,True,112011
2026-09-13T14:30:37Z,17907,,1,40100,18000,39.751,-6.4111295,False,599044
2026-09-13T14:30:37Z,02164,,1,60000,51405,39.932117,-3.875785,False,130001
2026-09-13T14:30:37Z,34123,,7,71801,04307,41.754692,2.6538413,False,103020
2026-09-13T14:30:37Z,02163,,11,54413,60000,37.533096,-4.865646,True,"102002,102008"
2026-09-13T14:30:37Z,05153,,-1,60911,17000,38.88795,-1.1005863,True,112001
2026-09-13T14:30:37Z,17505,,3,79400,71300,41.254906,1.9039559,False,447167
2026-09-13T14:30:37Z,12455,,-1,31400,22308,42.324776,-8.612167,False,599017
2026-09-13T14:30:37Z,14476,,7,60902,60913,38.409428,-0.5695667,False,447005
2026-09-13T14:30:37Z,04181,,5,60911,15410,39.00001,-1.8478293,True,130038
2026-09-13T14:30:37Z,14477,,6,60913,60902,38.441303,-0.8164036,False,592015
2026-09-13T14:30:37Z,15726,,11,71801,79309,41.38679,2.1576185,False,"449026,449030"
2026-09-13T14:30:37Z,13942,,0,05000,56310,37.31687,-3.1270237,False,599020
2026-09-13T14:30:37Z,71872,,31,05451,05663,43.40498,-3.6669285,False,524028
2026-09-13T14:30:37Z,00530,,5,71801,11500,41.60479,-0.8354823,True,120012
2026-09-13T14:30:37Z,18040,,9,17000,60600,39.358513,-3.0375159,False,"449036,449044"
2026-09-13T14:30:37Z,01463,,-3,65000,61307,38.74465,-0.9389711,True,"252070,6B1"
2026-09-13T14:30:37Z,02156,,7,60000,51003,38.650635,-4.3527594,False,112020
2026-09-13T14:30:37Z,02151,,-3,51003,60000,38.269806,-4.576,True,102010
2026-09-13T14:30:37Z,05140,,11,17000,03216,43.160233,-5.831277,False,112010
2026-09-13T14:30:37Z,01460,,2,61307,65000,38.992287,-0.524618,True,"252052,6B4"
2026-09-13T14:30:37Z,02153,,22,54413,60000,38.33921,-4.5276527,False,103019
2026-09-13T14:30:37Z,05143,,22,60911,17000,40.03394,-2.1436908,True,112016
2026-09-13T14:30:37Z,02152,,3,60000,54413,38.946587,-3.9343657,False,102014
2026-09-13T14:30:37Z,14401,,-1,65000,60600,38.765453,-0.95414275,False,"470090,470118"
2026-09-13T14:30:37Z,14003,,-3,65000,60911,38.917065,-0.6709778,False,"447009,447015"
2026-09-13T14:45:25Z,18014,,6,11505,10000,42.690903,-2.9411867,False,449046
2026-09-13T14:45:25Z,13083,,2,50500,51003,37.807148,-5.0509133,False,449021
2026-09-13T14:45:25Z,18131,,1,79400,65400,41.319374,2.0566611,False,470071
2026-09-13T14:45:25Z,00609,,-2,60000,80100,41.705402,-1.2166436,False,120058
2026-09-13T14:45:25Z,13240,,4,50413,50502,37.8703,-4.8395963,False,446070
2026-09-13T14:45:25Z,00606,,6,80100,60000,41.782528,-1.1568542,False,120055
2026-09-13T14:45:25Z,00563,,9,80100,71801,42.384422,-1.6430782,True,"120005,120010"
2026-09-13T14:45:25Z,17161,,0,10203,10400,40.648834,-4.614964,False,465045
2026-09-13T14:45:25Z,18130,,1,65400,79400,40.80719,0.522854,False,"448001,448025"
2026-09-13T14:45:25Z,17041,,3,37200,17000,40.034863,-3.6184845,False,449043
2026-09-13T14:45:25Z,00280,,0,11200,13200,42.690903,-2.9411867,False,470041
2026-09-13T14:45:25Z,05178,,-2,10600,60911,40.47404,-3.6807764,False,106012
2026-09-13T14:45:25Z,03152,,1,71801,60000,41.660477,-1.288092,True,103009
2026-09-13T14:45:25Z,08166,,0,71801,78400,41.191975,1.2718735,False,120006
2026-09-13T14:45:25Z,05170,,34,15100,03216,41.677494,-4.692307,True,112002
2026-09-13T14:45:25Z,08163,,-1,92102,60000,40.304066,-3.6612773,False,104008
2026-09-13T14:45:25Z,15700,,0,71801,79300,41.773357,2.673586,False,"449022,449034"
2026-09-13T14:45:25Z,12431,,4,31412,22308,42.73893,-8.652459,False,599009
2026-09-13T14:45:25Z,18777,,1,37606,37200,38.968666,-5.7965097,False,599021
2026-09-13T14:45:25Z,18021,,1,71100,11200,42.84904,-2.5145676,False,470094
2026-09-13T14:45:25Z,03308,,-1,71801,60000,41.05736,-2.4313633,False,103021
2026-09-13T14:45:25Z,13011,,66,51003,50500,37.801258,-5.1333494,False,449019
2026-09-13T14:45:25Z,13010,,49,51003,51405,36.680096,-6.1262903,False,449048
2026-09-13T14:45:25Z,17056,,1,04040,71300,41.419506,-0.49051872,False,470123
2026-09-13T14:45:25Z,03942,,36,71801,51003,41.230114,1.5326751,True,"102013,112013"
2026-09-13T14:45:25Z,17050,,-2,71300,79400,41.255787,1.9094261,False,447175
2026-09-13T14:45:25Z,03305,,1,60000,71801,41.344906,-1.6410581,False,"103022,103024"
2026-09-13T14:45:25Z,03143,,3,60000,04307,41.579113,0.124638766,False,100017
2026-09-13T14:45:25Z,05162,,6,17000,60911,39.953743,-3.2807462,True,112015
2026-09-13T14:45:25Z,12608,,7,22200,20200,42.38636,-7.8029637,False,594012
2026-09-13T14:45:25Z,08155,,3,51003,54413,37.279945,-4.7855945,False,104006
2026-09-13T14:45:25Z,13015,,9,51405,51003,36.930943,-6.09183,False,449005
2026-09-13T14:45:25Z,05161,,0,03216,03208,39.45986,-0.5548269,True,112017
2026-09-13T14:45:25Z,08150,,2,60000,37700,38.9816,-3.9110239,False,104015
2026-09-13T14:45:25Z,05160,,8,17000,03216,40.4063,-3.6910908,False,106008
2026-09-13T14:45:25Z,18029,,0,11200,71100,42.82511,-1.6615183,False,470110
2026-09-13T14:45:25Z,12602,,0,20200,15004,42.58653,-6.5240073,False,440239
2026-09-13T14:45:25Z,71802,,6,05193,21010,43.536007,-7.055802,False,527021
2026-09-13T14:45:25Z,12600,,3,20200,15100,42.553135,-6.0681276,False,470102
2026-09-13T14:45:25Z,17026,,7,37500,18000,39.975044,-4.0041714,False,599050
2026-09-13T14:45:25Z,18076,,7,81100,71100,41.91493,-1.4201784,False,470085
2026-09-13T14:45:25Z,18073,,1,71100,81100,42.441753,-2.28652,False,464231
2026-09-13T14:45:25Z,02366,,1,60000,56310,40.402252,-3.6852436,False,730018
2026-09-13T14:45:25Z,02124,,49,60000,51405,36.92423,-6.093269,True,130034
2026-09-13T14:45:25Z,02365,,2,43019,60000,37.39082,-6.5544143,True,120064
2026-09-13T14:45:25Z,00622,,33,71801,08223,42.016186,-4.5343237,True,130037
2026-09-13T14:45:25Z,00621,,3,08223,71801,42.868717,-2.269913,True,130010
2026-09-13T14:45:25Z,02360,,3,60000,51003,40.141685,-3.7680857,False,100005
2026-09-13T14:45:25Z,05750,,4,17000,03216,39.954826,-2.0474813,False,112024
2026-09-13T14:45:25Z,04143,,11,60911,14223,42.98859,-4.146438,True,130042
2026-09-13T14:45:25Z,12538,,10,22308,31412,42.87097,-8.543494,False,599018
2026-09-13T14:45:25Z,13907,,8,54413,51003,37.027714,-4.73572,False,598021
2026-09-13T14:45:25Z,01152,,15,65000,04307,40.599525,0.45341456,False,130029
2026-09-13T14:45:25Z,02361,,13,51003,60000,37.39467,-5.97159,True,100002
2026-09-13T14:45:25Z,13906,,4,51003,54413,37.20852,-5.816486,False,598018
2026-09-13T14:45:25Z,15642,,1,04040,74217,41.769936,-0.81977224,False,594014
2026-09-13T14:45:25Z,71813,,0,21010,15211,43.665974,-7.902474,False,527015
2026-09-13T14:45:25Z,71833,,1,15211,14223,43.344017,-5.360661,False,527031
2026-09-13T14:45:25Z,18003,,-3,10000,11000,40.55027,-3.8959444,False,449039
2026-09-13T14:45:25Z,18004,,1,10600,10000,40.564266,-4.139484,False,449009
2026-09-13T14:45:25Z,71832,,6,15211,21010,43.55949,-6.234568,False,527013
2026-09-13T14:45:25Z,15014,,11,71400,79400,41.37022,2.130599,False,449028
2026-09-13T14:45:25Z,38112,,9,11505,10000,41.236362,-4.8416076,False,449057
2026-09-13T14:45:25Z,15013,,1,79400,71400,41.111366,1.2533424,False,"448006,448016"
2026-09-13T14:45:25Z,00694,,13,50202,71801,39.186073,-0.44305676,True,130036
2026-09-13T14:45:25Z,04257,,5,17000,11500,42.372993,-3.658027,True,121019
2026-09-13T14:45:25Z,05742,,13,60000,61200,38.631283,-0.89751923,False,102003
2026-09-13T14:45:25Z,05863,,-1,61200,60000,38.345764,-0.49753347,False,112003
2026-09-13T14:45:25Z,08575,,1,05000,51003,37.232662,-3.966719,False,104017
2026-09-13T14:45:25Z,03162,,13,04307,60000,41.190937,1.2776428,False,103012
2026-09-13T14:45:25Z,03163,,6,60000,71801,40.336372,-3.647424,True,103005
2026-09-13T14:45:25Z,15016,,1,71400,79400,41.160595,1.0999595,False,"447055,447170"
2026-09-13T14:45:25Z,14202,,4,61307,65000,37.900093,-0.9683761,False,"599006,599015"
2026-09-13T14:45:25Z,18128,,5,65400,79400,41.111366,1.2533424,False,"448004,448014"
2026-09-13T14:45:25Z,15814,,0,71801,79315,42.324123,3.0843477,False,449042
2026-09-13T14:45:25Z,18129,,0,79400,65400,41.009468,0.9209256,False,"470119,470187"
2026-09-13T14:45:25Z,15657,,21,78400,04040,41.81719,-0.17232084,False,470101
2026-09-13T14:45:25Z,18214,,1,15100,14100,42.015743,-4.533869,False,470106
2026-09-13T14:45:25Z,04969,,2,17000,30100,41.288906,-4.8952,False,121022
2026-09-13T14:45:25Z,18330,,2,60400,37606,38.981865,-3.9109173,False,599004
2026-09-13T14:45:25Z,04565,,4,17000,08223,41.515923,-5.769854,False,106057
2026-09-13T14:45:25Z,04325,,-4,17000,20309,42.42342,-7.6739473,True,730025
2026-09-13T14:45:25Z,02149,,21,54413,60000,38.864254,-4.001993,False,112029
2026-09-13T14:45:25Z,04166,,0,11500,17000,42.68081,-2.9755914,True,121029
2026-09-13T14:45:25Z,04161,,2,17000,15410,40.53099,-3.6955738,False,106063
2026-09-13T14:45:25Z,04162,,11,14223,17000,43.327454,-4.0425653,True,121010
2026-09-13T14:45:25Z,02142,,2,60000,54413,37.462124,-4.873046,True,102007
2026-09-13T14:45:25Z,02141,,10,51003,60000,39.96201,-3.8443792,True,"100012,100014"
2026-09-13T14:45:25Z,15626,,35,78400,78600,41.63101,0.8509312,False,447122
2026-09-13T14:45:25Z,15868,,0,79315,71801,41.75093,2.6480465,False,"449014,449038"
2026-09-13T14:45:25Z,18218,,1,11000,10500,41.54516,-4.760093,False,440237
2026-09-13T14:45:25Z,15866,,0,79315,71801,41.544132,2.2284224,False,447048
2026-09-13T14:45:25Z,18104,,6,14223,14104,43.407555,-3.8415432,False,470156
2026-09-13T14:45:25Z,04958,,1,30100,17000,40.910343,-4.094772,False,121021
2026-09-13T14:45:25Z,15870,,0,79315,71801,42.114998,2.9597888,False,447124
2026-09-13T14:45:25Z,17012,,9,18000,37500,39.913673,-5.2341523,False,599049
2026-09-13T14:45:25Z,02136,,3,60000,05000,37.232853,-3.9555132,False,102005
2026-09-13T14:45:25Z,18063,,-3,10000,11505,42.346275,-3.7878168,False,449001
2026-09-13T14:45:25Z,02135,,3,51405,60000,38.69083,-4.112084,False,120059
2026-09-13T14:45:25Z,00632,,0,04040,30100,42.059517,-1.5976729,True,121023
2026-09-13T14:45:25Z,09725,,5,60000,87089,41.422802,2.195015,False,100023
2026-09-13T14:45:25Z,18181,,2,37200,60911,38.895573,-3.7097235,False,449002
2026-09-13T14:45:25Z,00192,,2,17000,37606,40.406128,-3.689053,False,730011
2026-09-13T14:45:25Z,01161,,9,71801,60911,41.39235,1.7522997,True,130044
2026-09-13T14:45:25Z,08359,,3,17000,10600,41.613667,-4.7438526,False,114006
2026-09-13T14:45:25Z,13219,,0,50506,50500,37.72852,-5.261673,False,446060
2026-09-13T14:45:25Z,35623,,11,65000,61307,39.444077,-0.38531992,False,"599016,599045"
2026-09-13T14:45:25Z,18907,,5,10000,30110,40.59008,-4.363906,False,599041
2026-09-13T14:45:25Z,04151,,-4,17000,15410,42.3948,-5.1432853,False,106062
2026-09-13T14:45:25Z,15918,,2,71801,79315,41.934666,2.8094285,False,"447112,447133"
2026-09-13T14:45:25Z,14302,,0,65000,65400,40.623325,0.47884592,False,"447007,447018"
2026-09-13T14:45:25Z,18904,,0,30100,10000,40.97329,-5.6243224,False,599001
2026-09-13T14:45:25Z,09162,,-1,08223,31412,42.42232,-8.635389,False,121003
2026-09-13T14:45:25Z,15759,,-4,74200,04040,41.763443,-0.82314396,False,599005
2026-09-13T14:45:25Z,09160,,-3,22100,31412,42.35927,-7.895336,True,121005
2026-09-13T14:45:25Z,18314,,-2,30100,10600,41.314056,-4.9252815,False,599022
2026-09-13T14:45:25Z,17221,,5,10400,10600,41.367634,-4.8355727,False,440235
2026-09-13T14:45:25Z,03931,,0,51003,71801,37.7964,-5.1525793,True,102009
2026-09-13T14:45:25Z,04345,,-2,17000,31412,42.256416,-7.81853,False,106056
2026-09-13T14:45:25Z,05951,,25,65300,60000,40.033554,-2.1431413,False,100007
2026-09-13T14:45:25Z,02162,,2,60000,54413,40.360504,-3.6748073,True,102006
2026-09-13T14:45:25Z,02161,,2,51003,60000,37.944035,-4.655771,False,100013
2026-09-13T14:45:25Z,05155,,7,03216,17000,40.02424,-2.1299,False,106011
2026-09-13T14:45:25Z,02160,,-1,60000,51003,39.160408,-3.8623207,True,103010
2026-09-13T14:45:25Z,01192,,0,60911,71801,38.38553,-0.52813405,True,130033
2026-09-13T14:45:25Z,05152,,-4,17000,60911,38.940144,-1.7670825,True,112011
2026-09-13T14:45:25Z,17907,,0,40100,18000,39.97559,-6.1471324,False,599044
2026-09-13T14:45:25Z,02164,,0,60000,51405,39.433758,-3.8161066,False,130001
2026-09-13T14:45:25Z,34123,,5,71801,04307,41.979424,2.8167083,False,103020
2026-09-13T14:45:25Z,02163,,5,54413,60000,37.87944,-4.8097467,True,"102002,102008"
2026-09-13T14:45:25Z,05153,,-4,60911,17000,38.93674,-1.7648579,True,112001
2026-09-13T14:45:25Z,17505,,4,79400,71300,41.208256,1.7001579,False,447167
2026-09-13T14:45:25Z,12455,,0,31400,22308,42.282536,-8.660685,False,599017
2026-09-13T14:45:25Z,14477,,6,60913,60902,38.54489,-0.81404835,False,592015
2026-09-13T14:45:25Z,15726,,13,71801,79309,41.456062,2.1907353,False,"449026,449030"
2026-09-13T14:45:25Z,13942,,-2,05000,56310,37.188366,-2.8514779,False,599020
2026-09-13T14:45:25Z,71872,,0,05657,14223,43.41676,-3.8412597,False,438009
2026-09-13T14:45:25Z,00530,,5,71801,11500,41.667183,-0.92693675,True,120012
2026-09-13T14:45:25Z,18040,,10,17000,60600,39.281517,-2.7511313,False,"449036,449044"
2026-09-13T14:45:25Z,01463,,-4,65000,61307,38.631767,-0.867864,True,"252070,6B1"
2026-09-13T14:45:25Z,02156,,9,60000,51003,38.269722,-4.575984,False,112020
2026-09-13T14:45:25Z,02151,,-1,51003,60000,38.64932,-4.353857,True,102010
2026-09-13T14:45:25Z,05382,,5,22100,60911,42.25792,-7.8241725,False,112005
2026-09-13T14:45:25Z,01460,,0,61307,65000,39.260586,-0.4328747,True,"252052,6B4"
2026-09-13T14:45:25Z,02153,,24,54413,60000,38.671864,-4.2982597,False,103019
2026-09-13T14:45:25Z,05143,,25,60911,17000,40.03158,-2.7501068,True,112016
2026-09-13T14:45:25Z,02152,,6,60000,54413,38.6865,-4.1136494,False,102014
2026-09-13T14:45:25Z,14401,,0,65000,60600,38.867657,-1.1055931,False,"470090,470118"
2026-09-13T14:45:25Z,14003,,-7,65000,60911,38.80746,-0.8884737,False,"447009,447015"
2026-09-13T15:00:50Z,18014,,10,11505,10000,42.542717,-3.3190804,False,449046
2026-09-13T15:00:50Z,13083,,3,50500,51003,37.741882,-5.238095,False,449021
2026-09-13T15:00:50Z,00609,,7,60000,80100,41.786552,-1.164888,False,120058
2026-09-13T15:00:50Z,18131,,1,79400,65400,41.237568,1.8230776,False,470071
2026-09-13T15:00:50Z,00606,,6,80100,60000,41.691,-1.2341862,False,120055
2026-09-13T15:00:50Z,00563,,12,80100,71801,42.242893,-1.7336631,True,"120005,120010"
2026-09-13T15:00:50Z,18130,,3,65400,79400,40.753696,0.6141503,False,"448001,448025"
2026-09-13T15:00:50Z,17041,,2,37200,17000,40.21624,-3.6827087,False,449043
2026-09-13T15:00:50Z,00280,,6,11200,13200,42.915066,-2.8953505,False,470041
2026-09-13T15:00:50Z,05178,,-2,10600,60911,40.47404,-3.6807764,False,106012
2026-09-13T15:00:50Z,08168,,1,10600,17000,41.322456,-4.731514,False,114002
2026-09-13T15:00:50Z,03152,,-1,71801,60000,41.30828,-1.8422183,True,103009
2026-09-13T15:00:50Z,05170,,37,15100,03216,41.592133,-4.7526784,True,112002
2026-09-13T15:00:50Z,15700,,0,71801,79300,41.91226,2.802619,False,"449022,449034"
2026-09-13T15:00:50Z,12431,,7,31412,22308,42.66569,-8.729072,False,599009
2026-09-13T15:00:50Z,18777,,1,37606,37200,38.735096,-5.541721,False,599021
2026-09-13T15:00:50Z,18779,,2,51003,30002,37.410954,-5.9571238,False,599047
2026-09-13T15:00:50Z,18027,,3,65000,37200,39.42009,-0.39305213,False,470115
2026-09-13T15:00:50Z,18021,,2,71100,11200,42.816025,-2.8048563,False,470094
2026-09-13T15:00:50Z,03308,,3,71801,60000,40.82413,-2.8905976,False,103021
2026-09-13T15:00:50Z,13011,,71,51003,50500,37.83428,-4.957366,False,449019
2026-09-13T15:00:50Z,13010,,50,51003,51405,36.53266,-6.1894894,False,449048
2026-09-13T15:00:50Z,17056,,0,04040,71300,41.320477,-0.4270649,False,470123
2026-09-13T15:00:50Z,03942,,40,71801,51003,41.198048,1.2438924,True,"102013,112013"
2026-09-13T15:00:50Z,03305,,1,60000,71801,41.69386,-1.1749884,False,"103022,103024"
2026-09-13T15:00:50Z,17050,,1,71300,79400,41.30931,2.0274866,False,447175
2026-09-13T15:00:50Z,03143,,0,60000,04307,41.47504,0.88465875,False,100017
2026-09-13T15:00:50Z,05162,,4,17000,60911,40.049816,-2.5000544,True,112015
2026-09-13T15:00:50Z,12608,,7,22200,20200,42.45455,-7.7300153,False,594012
2026-09-13T15:00:50Z,08155,,3,51003,54413,37.05069,-4.715337,False,104006
2026-09-13T15:00:50Z,12960,,3,22100,31400,42.3642,-7.990357,False,599032
2026-09-13T15:00:50Z,13015,,9,51405,51003,37.01858,-5.945617,False,449005
2026-09-13T15:00:50Z,08150,,5,60000,37700,38.760967,-4.079974,False,104015
2026-09-13T15:00:50Z,05161,,-2,03216,03208,39.54644,-1.3288102,True,112017
2026-09-13T15:00:50Z,13014,,3,51003,51405,37.28802,-5.9254694,False,449010
2026-09-13T15:00:50Z,05160,,7,17000,03216,40.31458,-3.6511416,False,106008
2026-09-13T15:00:50Z,18029,,2,11200,71100,42.61839,-1.646019,False,470110
2026-09-13T15:00:50Z,12602,,-1,20200,15004,42.599567,-6.314418,False,440239
2026-09-13T15:00:50Z,71802,,6,05193,21010,43.536007,-7.055802,False,527021
2026-09-13T15:00:50Z,12600,,4,20200,15100,42.414436,-5.9639616,False,470102
2026-09-13T15:00:50Z,17026,,5,37500,18000,40.1571,-3.8502536,False,599050
2026-09-13T15:00:50Z,18076,,10,81100,71100,41.82614,-1.2439785,False,470085
2026-09-13T15:00:50Z,02366,,6,60000,56310,40.220028,-3.7479613,False,730018
2026-09-13T15:00:50Z,02124,,45,60000,51405,36.67987,-6.1261506,True,130034
2026-09-13T15:00:50Z,02365,,2,43019,60000,37.35706,-6.208101,True,120064
2026-09-13T15:00:50Z,00622,,33,71801,08223,42.246235,-4.903019,True,130037
2026-09-13T15:00:50Z,00621,,0,08223,71801,42.91877,-1.9621502,True,130010
2026-09-13T15:00:50Z,02360,,2,60000,51003,39.58004,-3.8115795,False,100005
2026-09-13T15:00:50Z,05750,,4,17000,03216,39.505314,-1.6664901,False,112024
2026-09-13T15:00:50Z,04143,,11,60911,14223,43.11697,-4.0628285,True,130042
2026-09-13T15:00:50Z,12538,,8,22308,31412,43.03807,-8.448094,False,599018
2026-09-13T15:00:50Z,13907,,11,54413,51003,37.07825,-4.7273326,False,598021
2026-09-13T15:00:50Z,01152,,16,65000,04307,40.858406,0.76907223,False,130029
2026-09-13T15:00:50Z,02361,,14,51003,60000,37.592674,-5.636024,True,100002
2026-09-13T15:00:50Z,13906,,2,51003,54413,37.268234,-5.5485053,False,598018
2026-09-13T15:00:50Z,04142,,3,14223,17000,41.64204,-4.7268705,True,130003
2026-09-13T15:00:50Z,15642,,-9,04040,74217,41.973953,-0.70033944,False,594014
2026-09-13T15:00:50Z,71813,,3,21010,15211,43.686348,-7.84965,False,527015
2026-09-13T15:00:50Z,71833,,1,15211,14223,43.38749,-5.188415,False,527031
2026-09-13T15:00:50Z,18003,,-1,10000,11000,40.626236,-4.008194,False,449039
2026-09-13T15:00:50Z,18004,,5,10600,10000,40.61382,-3.990351,False,449009
2026-09-13T15:00:50Z,71832,,6,15211,21010,43.55949,-6.234568,False,527013
2026-09-13T15:00:50Z,15014,,10,71400,79400,41.3945,2.1904998,False,449028
2026-09-13T15:00:50Z,38112,,10,11505,10000,41.00476,-4.664029,False,449057
2026-09-13T15:00:50Z,15013,,-1,79400,71400,41.151634,1.1176014,False,"448006,448016"
2026-09-13T15:00:50Z,00694,,14,50202,71801,39.40934,-0.39512283,True,130036
2026-09-13T15:00:50Z,04257,,4,17000,11500,42.46493,-3.4471028,True,121019
2026-09-13T15:00:50Z,05742,,13,60000,61200,38.378384,-0.61984956,False,102003
2026-09-13T15:00:50Z,05863,,1,61200,60000,38.44679,-0.82492507,False,112003
2026-09-13T15:00:50Z,34712,,1,04307,71801,41.979424,2.8167083,False,120002
2026-09-13T15:00:50Z,08575,,3,05000,51003,37.179058,-4.1778917,False,104017
2026-09-13T15:00:50Z,03162,,14,04307,60000,41.402695,1.1311843,False,103012
2026-09-13T15:00:50Z,03163,,7,60000,71801,40.513203,-3.21891,True,103005
2026-09-13T15:00:50Z,15016,,0,71400,79400,41.121296,1.2789254,False,"447055,447170"
2026-09-13T15:00:50Z,14202,,4,61307,65000,37.99419,-0.99031025,False,"599006,599015"
2026-09-13T15:00:50Z,18128,,9,65400,79400,41.185974,1.524699,False,"448004,448014"
2026-09-13T15:00:50Z,18129,,-1,79400,65400,40.8861,0.8006144,False,"470119,470187"
2026-09-13T15:00:50Z,15657,,24,78400,04040,41.93787,-0.36930138,False,470101
2026-09-13T15:00:50Z,18214,,1,15100,14100,42.015743,-4.533869,False,470106
2026-09-13T15:00:50Z,04969,,-3,17000,30100,41.2515,-5.036903,False,121022
2026-09-13T15:00:50Z,18330,,3,60400,37606,38.873917,-3.990084,False,599004
2026-09-13T15:00:50Z,04325,,-9,17000,20309,42.529514,-7.503209,True,730025
2026-09-13T15:00:50Z,02149,,19,54413,60000,39.242836,-3.8786461,False,112029
2026-09-13T15:00:50Z,04166,,2,11500,17000,42.625496,-3.1555295,True,121029
2026-09-13T15:00:50Z,04162,,15,14223,17000,43.18506,-4.050122,True,121010
2026-09-13T15:00:50Z,02142,,0,60000,54413,36.967674,-4.735594,True,102007
2026-09-13T15:00:50Z,02141,,6,51003,60000,40.326424,-3.648793,True,"100012,100014"
2026-09-13T15:00:50Z,15626,,32,78400,78600,41.64266,1.062292,False,447122
2026-09-13T15:00:50Z,15868,,-1,79315,71801,41.633114,2.385435,False,"449014,449038"
2026-09-13T15:00:50Z,18218,,0,11000,10500,41.48882,-4.7730064,False,440237
2026-09-13T15:00:50Z,15866,,2,79315,71801,41.40973,2.188312,False,447048
2026-09-13T15:00:50Z,18104,,8,14223,14104,43.353146,-3.9495175,False,470156
2026-09-13T15:00:50Z,15870,,-1,79315,71801,42.027233,2.8744857,False,447124
2026-09-13T15:00:50Z,17012,,12,18000,37500,39.894604,-5.548566,False,599049
2026-09-13T15:00:50Z,18063,,-1,10000,11505,42.371,-3.6662495,False,449001
2026-09-13T15:00:50Z,00632,,-1,04040,30100,42.313683,-1.732006,True,121023
2026-09-13T15:00:50Z,09725,,4,60000,87089,41.644295,2.4167726,False,100023
2026-09-13T15:00:50Z,18181,,0,37200,60911,39.061356,-3.604076,False,449002
2026-09-13T15:00:50Z,01161,,10,71801,60911,41.19191,1.2718598,True,130044
2026-09-13T15:00:50Z,00192,,4,17000,37606,40.329,-3.7712674,False,730011
2026-09-13T15:00:50Z,13219,,3,50506,50500,37.77528,-5.202694,False,446060
2026-09-13T15:00:50Z,35623,,15,65000,61307,39.329437,-0.42568776,False,"599016,599045"
2026-09-13T15:00:50Z,18907,,6,10000,30110,40.61552,-4.510085,False,599041
2026-09-13T15:00:50Z,04151,,-4,17000,15410,42.541096,-5.57163,False,106062
2026-09-13T15:00:50Z,15918,,2,71801,79315,42.028996,2.881878,False,"447112,447133"
2026-09-13T15:00:50Z,14302,,0,65000,65400,40.753384,0.6133082,False,"447007,447018"
2026-09-13T15:00:50Z,18904,,0,30100,10000,40.96717,-5.4112167,False,599001
2026-09-13T15:00:50Z,09162,,0,08223,31412,42.585876,-8.735341,False,121003
2026-09-13T15:00:50Z,15759,,0,74200,04040,41.639164,-0.88011724,False,599005
2026-09-13T15:00:50Z,18314,,1,30100,10600,41.444733,-4.7907147,False,599022
2026-09-13T15:00:50Z,17221,,4,10400,10600,41.638493,-4.7334123,False,440235
2026-09-13T15:00:50Z,15044,,4,73100,79400,41.270935,1.2858427,False,447026
2026-09-13T15:00:50Z,03931,,-3,51003,71801,37.888103,-4.790241,True,"102009,102015"
2026-09-13T15:00:50Z,04345,,-4,17000,31412,42.35054,-7.8722987,False,106056
2026-09-13T15:00:50Z,05951,,32,65300,60000,40.028877,-2.7819185,False,100007
2026-09-13T15:00:50Z,02162,,6,60000,54413,39.893665,-3.876678,True,102006
2026-09-13T15:00:50Z,02161,,4,51003,60000,38.27193,-4.5763083,False,100013
2026-09-13T15:00:50Z,05155,,21,03216,17000,40.054665,-2.2512891,False,106011
2026-09-13T15:00:50Z,02160,,0,60000,51003,38.865204,-4.0009193,True,103010
2026-09-13T15:00:50Z,01192,,4,60911,71801,38.40277,-0.74394125,True,130033
2026-09-13T15:00:50Z,05152,,8,17000,60911,38.87334,-1.057719,True,112011
2026-09-13T15:00:50Z,17907,,0,40100,18000,39.986347,-6.1484284,False,599044
2026-09-13T15:00:50Z,02164,,0,60000,51405,38.95669,-3.918781,False,130001
2026-09-13T15:00:50Z,02163,,5,54413,60000,38.03736,-4.5484376,True,"102002,102008"
2026-09-13T15:00:50Z,05153,,-5,60911,17000,39.467617,-1.9906837,True,112001
2026-09-13T15:00:50Z,17505,,7,79400,71300,41.16833,1.473978,False,447167
2026-09-13T15:00:50Z,15726,,13,71801,79309,41.59885,2.291476,False,"449026,449030"
2026-09-13T15:00:50Z,13942,,-10,05000,56310,37.147053,-2.6968486,False,599020
2026-09-13T15:00:50Z,71872,,31,05451,05663,43.40498,-3.6669285,False,524028
2026-09-13T15:00:50Z,00530,,8,71801,11500,41.75062,-1.0727799,True,120012
2026-09-13T15:00:50Z,18040,,9,17000,60600,39.2447,-2.372162,False,"449036,449044"
2026-09-13T15:00:50Z,01463,,5,65000,61307,38.631767,-0.867864,True,"252070,6B1"
2026-09-13T15:00:50Z,02156,,8,60000,51003,37.97878,-4.5921097,False,112020
2026-09-13T15:00:50Z,02151,,2,51003,60000,38.815197,-4.066992,True,102010
2026-09-13T15:00:50Z,09742,,0,87303,71801,43.32219,3.3131135,False,100021
2026-09-13T15:00:50Z,01460,,-6,61307,65000,39.44741,-0.3829797,True,"252052,6B4"
2026-09-13T15:00:50Z,02153,,27,54413,60000,38.874603,-3.9890792,False,103019
2026-09-13T15:00:50Z,05143,,24,60911,17000,39.98899,-3.5989628,True,112016
2026-09-13T15:00:50Z,02152,,9,60000,54413,38.450306,-4.4388986,False,102014
2026-09-13T15:00:50Z,14401,,-1,65000,60600,38.922062,-1.555391,False,"470090,470118"
2026-09-13T15:00:50Z,13035,,1,50202,17000,38.623795,-3.4532778,False,449012
2026-09-13T15:00:50Z,14003,,-8,65000,60911,38.68685,-0.9063987,False,"447009,447015"
2026-09-13T15:00:50Z,15217,,-3,71500,65411,41.103725,1.1671182,False,449018
2026-09-13T15:01:40Z,18014,,11,11505,10000,42.542717,-3.3190804,False,449046
2026-09-13T15:01:40Z,13083,,3,50500,51003,37.728767,-5.258773,False,449021
2026-09-13T15:01:40Z,18131,,1,79400,65400,41.239334,1.8086683,False,470071
2026-09-13T15:01:40Z,00609,,7,60000,80100,41.760303,-1.1474446,False,120058
2026-09-13T15:01:40Z,14450,,0,65300,65312,39.9882,-0.052046716,False,447014
2026-09-13T15:01:40Z,00606,,6,80100,60000,41.69583,-1.2286894,False,120055
2026-09-13T15:01:40Z,00563,,12,80100,71801,42.270782,-1.7449044,True,"120005,120010"
2026-09-13T15:01:40Z,18130,,3,65400,79400,40.753696,0.6141503,False,"448001,448025"
2026-09-13T15:01:40Z,17041,,0,37200,17000,40.245274,-3.703913,False,449043
2026-09-13T15:01:40Z,00280,,6,11200,13200,42.919945,-2.9009917,False,470041
2026-09-13T15:01:40Z,05178,,-2,10600,60911,40.47404,-3.6807764,False,106012
2026-09-13T15:01:40Z,08168,,1,10600,17000,41.322456,-4.731514,False,114002
2026-09-13T15:01:40Z,03152,,-1,71801,60000,41.30828,-1.8422183,True,103009
2026-09-13T15:01:40Z,08166,,3,71801,78400,41.493378,0.865073,False,120006
2026-09-13T15:01:40Z,15700,,0,71801,79300,41.93006,2.8074954,False,"449022,449034"
2026-09-13T15:01:40Z,05170,,35,15100,03216,41.558514,-4.7601733,True,112002
2026-09-13T15:01:40Z,12431,,7,31412,22308,42.657475,-8.73935,False,599009
2026-09-13T15:01:40Z,18777,,1,37606,37200,38.735096,-5.541721,False,599021
2026-09-13T15:01:40Z,18779,,2,51003,30002,37.417763,-5.952352,False,599047
2026-09-13T15:01:40Z,18027,,3,65000,37200,39.416286,-0.393199,False,470115
2026-09-13T15:01:40Z,03308,,3,71801,60000,40.82072,-2.8957608,False,103021
2026-09-13T15:01:40Z,18021,,2,71100,11200,42.816025,-2.8048563,False,470094
2026-09-13T15:01:40Z,13011,,71,51003,50500,37.84173,-4.9350696,False,449019
2026-09-13T15:01:40Z,17056,,-1,04040,71300,41.224564,-0.43822885,False,470123
2026-09-13T15:01:40Z,13010,,50,51003,51405,36.53266,-6.1894894,False,449048
2026-09-13T15:01:40Z,03942,,40,71801,51003,41.207157,1.224952,True,"102013,112013"
2026-09-13T15:01:40Z,03305,,1,60000,71801,41.69386,-1.1749884,False,"103022,103024"
2026-09-13T15:01:40Z,17050,,3,71300,79400,41.33478,2.1009405,False,447175
2026-09-13T15:01:40Z,08835,,5,54413,05000,37.01681,-4.7204328,False,104009
2026-09-13T15:01:40Z,03143,,0,60000,04307,41.46197,0.8959015,False,100017
2026-09-13T15:01:40Z,05162,,4,17000,60911,40.053417,-2.413251,True,112015
2026-09-13T15:01:40Z,12608,,7,22200,20200,42.45455,-7.7300153,False,594012
2026-09-13T15:01:40Z,08155,,-3,51003,54413,37.032326,-4.7154555,False,104006
2026-09-13T15:01:40Z,13015,,9,51405,51003,37.01858,-5.945617,False,449005
2026-09-13T15:01:40Z,12960,,2,22100,31400,42.37568,-7.9911,False,599032
2026-09-13T15:01:40Z,08150,,5,60000,37700,38.74608,-4.081828,False,104015
2026-09-13T15:01:40Z,05161,,-2,03216,03208,39.541664,-1.3805697,True,112017
2026-09-13T15:01:40Z,05160,,10,17000,03216,40.193897,-3.7498498,False,106008
2026-09-13T15:01:40Z,13014,,4,51003,51405,37.28703,-5.92295,False,449010
2026-09-13T15:01:40Z,18029,,2,11200,71100,42.609028,-1.6493028,False,470110
2026-09-13T15:01:40Z,12602,,-1,20200,15004,42.603603,-6.307352,False,440239
2026-09-13T15:01:40Z,71802,,6,05193,21010,43.536007,-7.055802,False,527021
2026-09-13T15:01:40Z,12600,,2,20200,15100,42.433468,-5.887526,False,470102
2026-09-13T15:01:40Z,17026,,6,37500,18000,40.17329,-3.8523805,False,599050
2026-09-13T15:01:40Z,18076,,9,81100,71100,41.787945,-1.1676637,False,470085
2026-09-13T15:01:40Z,02366,,6,60000,56310,40.19507,-3.749937,False,730018
2026-09-13T15:01:40Z,02124,,45,60000,51405,36.675087,-6.123425,True,130034
2026-09-13T15:01:40Z,02365,,4,43019,60000,37.362812,-6.2029767,True,120064
2026-09-13T15:01:40Z,00622,,31,71801,08223,42.257305,-4.929244,True,130037
2026-09-13T15:01:40Z,00621,,0,08223,71801,42.917755,-1.9446201,True,130010
2026-09-13T15:01:40Z,02360,,2,60000,51003,39.543465,-3.82188,False,100005
2026-09-13T15:01:40Z,05750,,4,17000,03216,39.51224,-1.6207205,False,112024
2026-09-13T15:01:40Z,04143,,11,60911,14223,43.11697,-4.0628285,True,130042
2026-09-13T15:01:40Z,12538,,8,22308,31412,43.03807,-8.448094,False,599018
2026-09-13T15:01:40Z,13907,,11,54413,51003,37.071457,-4.720126,False,598021
2026-09-13T15:01:40Z,01152,,16,65000,04307,40.875225,0.78888255,False,130029
2026-09-13T15:01:40Z,02361,,14,51003,60000,37.611195,-5.6047583,True,100002
2026-09-13T15:01:40Z,13906,,2,51003,54413,37.268234,-5.5485053,False,598018
2026-09-13T15:01:40Z,04142,,3,14223,17000,41.64204,-4.7268705,True,130003
2026-09-13T15:01:40Z,15642,,-8,04040,74217,41.996243,-0.6318799,False,594014
2026-09-13T15:01:40Z,71813,,3,21010,15211,43.686348,-7.84965,False,527015
2026-09-13T15:01:40Z,71833,,1,15211,14223,43.38749,-5.188415,False,527031
2026-09-13T15:01:40Z,18003,,-1,10000,11000,40.626236,-4.008194,False,449039
2026-09-13T15:01:40Z,18004,,5,10600,10000,40.60365,-3.984885,False,449009
2026-09-13T15:01:40Z,71832,,6,15211,21010,43.55949,-6.234568,False,527013
2026-09-13T15:01:40Z,15014,,9,71400,79400,41.392643,2.1922696,False,449028
2026-09-13T15:01:40Z,38112,,10,11505,10000,40.987133,-4.651316,False,449057
2026-09-13T15:01:40Z,15013,,-1,79400,71400,41.16035,1.0996221,False,"448006,448016"
2026-09-13T15:01:40Z,00694,,15,50202,71801,39.42181,-0.39286307,True,130036
2026-09-13T15:01:40Z,04257,,4,17000,11500,42.462105,-3.448188,True,121019
2026-09-13T15:01:40Z,05863,,1,61200,60000,38.474842,-0.84801066,False,112003
2026-09-13T15:01:40Z,05742,,13,60000,61200,38.366623,-0.60544705,False,102003
2026-09-13T15:01:40Z,34712,,1,04307,71801,41.979424,2.8167083,False,120002
2026-09-13T15:01:40Z,08575,,3,05000,51003,37.169792,-4.1829257,False,104017
2026-09-13T15:01:40Z,03162,,16,04307,60000,41.4054,1.0781338,False,103012
2026-09-13T15:01:40Z,03163,,7,60000,71801,40.54319,-3.181145,True,103005
2026-09-13T15:01:40Z,15016,,0,71400,79400,41.1231,1.2836224,False,"447055,447170"
2026-09-13T15:01:40Z,14202,,4,61307,65000,37.99419,-0.99031025,False,"599006,599015"
2026-09-13T15:01:40Z,18128,,9,65400,79400,41.185974,1.524699,False,"448004,448014"
2026-09-13T15:01:40Z,18129,,0,79400,65400,40.8861,0.8006144,False,"470119,470187"
2026-09-13T15:01:40Z,15657,,26,78400,04040,41.93787,-0.36930138,False,470101
2026-09-13T15:01:40Z,18214,,1,15100,14100,42.015743,-4.533869,False,470106
2026-09-13T15:01:40Z,04969,,-3,17000,30100,41.23399,-5.0773473,False,121022
2026-09-13T15:01:40Z,18330,,1,60400,37606,38.8626,-4.004426,False,599004
2026-09-13T15:01:40Z,04325,,-9,17000,20309,42.529522,-7.5032077,True,730025
2026-09-13T15:01:40Z,02149,,19,54413,60000,39.276257,-3.880892,False,112029
2026-09-13T15:01:40Z,04166,,2,11500,17000,42.625023,-3.1831906,True,121029
2026-09-13T15:01:40Z,04161,,0,17000,15410,40.91263,-4.1013017,False,106063
2026-09-13T15:01:40Z,04162,,15,14223,17000,43.150444,-4.0401897,True,121010
2026-09-13T15:01:40Z,02142,,0,60000,54413,36.967674,-4.735594,True,102007
2026-09-13T15:01:40Z,02141,,6,51003,60000,40.335167,-3.653956,True,"100012,100014"
2026-09-13T15:01:40Z,15626,,32,78400,78600,41.646076,1.077989,False,447122
2026-09-13T15:01:40Z,15868,,-1,79315,71801,41.635303,2.3607433,False,"449014,449038"
2026-09-13T15:01:40Z,18218,,0,11000,10500,41.48882,-4.7730064,False,440237
2026-09-13T15:01:40Z,15866,,2,79315,71801,41.40973,2.188312,False,447048
2026-09-13T15:01:40Z,18104,,8,14223,14104,43.353146,-3.9495175,False,470156
2026-09-13T15:01:40Z,04958,,-1,30100,17000,40.482983,-3.6765199,False,121021
2026-09-13T15:01:40Z,15870,,-1,79315,71801,42.023727,2.8585358,False,447124
2026-09-13T15:01:40Z,17012,,11,18000,37500,39.8946,-5.548576,False,599049
2026-09-13T15:01:40Z,18063,,-1,10000,11505,42.371,-3.6662495,False,449001
2026-09-13T15:01:40Z,02135,,5,51405,60000,38.975445,-3.9088347,False,120059
2026-09-13T15:01:40Z,00632,,-1,04040,30100,42.324474,-1.7245497,True,121023
2026-09-13T15:01:40Z,09725,,4,60000,87089,41.644295,2.4167726,False,100023
2026-09-13T15:01:40Z,18181,,0,37200,60911,39.061356,-3.604076,False,449002
2026-09-13T15:01:40Z,01161,,10,71801,60911,41.191948,1.2716663,True,130044
2026-09-13T15:01:40Z,00192,,4,17000,37606,40.329,-3.7712674,False,730011
2026-09-13T15:01:40Z,35623,,15,65000,61307,39.329437,-0.42568776,False,"599016,599045"
2026-09-13T15:01:40Z,13219,,3,50506,50500,37.77633,-5.2002907,False,446060
2026-09-13T15:01:40Z,18907,,6,10000,30110,40.60875,-4.52175,False,599041
2026-09-13T15:01:40Z,04151,,0,17000,15410,42.542328,-5.572215,False,106062
2026-09-13T15:01:40Z,15918,,4,71801,79315,42.03313,2.899164,False,"447112,447133"
2026-09-13T15:01:40Z,14302,,8,65000,65400,40.754253,0.6156478,False,"447007,447018"
2026-09-13T15:01:40Z,18904,,0,30100,10000,40.963,-5.395075,False,599001
2026-09-13T15:01:40Z,09162,,0,08223,31412,42.601395,-8.761672,False,121003
2026-09-13T15:01:40Z,15759,,0,74200,04040,41.642117,-0.8858594,False,599005
2026-09-13T15:01:40Z,09160,,0,22100,31412,42.670475,-8.17018,True,121005
2026-09-13T15:01:40Z,18314,,1,30100,10600,41.444733,-4.7907147,False,599022
2026-09-13T15:01:40Z,15044,,4,73100,79400,41.270935,1.2858427,False,447026
2026-09-13T15:01:40Z,17221,,4,10400,10600,41.64204,-4.7268705,False,440235
2026-09-13T15:01:40Z,03931,,-3,51003,71801,37.888103,-4.790241,True,"102009,102015"
2026-09-13T15:01:40Z,04345,,-4,17000,31412,42.350544,-7.872325,False,106056
2026-09-13T15:01:40Z,05951,,32,65300,60000,40.023216,-2.8250568,False,100007
2026-09-13T15:01:40Z,02162,,6,60000,54413,39.893665,-3.876678,True,102006
2026-09-13T15:01:40Z,02161,,4,51003,60000,38.298565,-4.569992,False,100013
2026-09-13T15:01:40Z,05155,,21,03216,17000,40.045113,-2.271142,False,106011
2026-09-13T15:01:40Z,02160,,0,60000,51003,38.83845,-4.040257,True,103010
2026-09-13T15:01:40Z,01192,,4,60911,71801,38.403973,-0.75850403,True,130033
2026-09-13T15:01:40Z,05152,,8,17000,60911,38.857815,-1.0130451,True,112011
2026-09-13T15:01:40Z,02164,,0,60000,51405,38.94563,-3.9358737,False,130001
2026-09-13T15:01:40Z,17907,,0,40100,18000,39.97717,-6.145201,False,599044
2026-09-13T15:01:40Z,02163,,5,54413,60000,38.063423,-4.5124016,True,"102002,102008"
2026-09-13T15:01:40Z,05153,,-4,60911,17000,39.478767,-1.9875995,True,112001
2026-09-13T15:01:40Z,17505,,7,79400,71300,41.162834,1.4532373,False,447167
2026-09-13T15:01:40Z,15726,,13,71801,79309,41.61334,2.2938073,False,"449026,449030"
2026-09-13T15:01:40Z,13942,,-10,05000,56310,37.14233,-2.6871605,False,599020
2026-09-13T15:01:40Z,71872,,31,05451,05663,43.40498,-3.6669285,False,524028
2026-09-13T15:01:40Z,00530,,8,71801,11500,41.764904,-1.099804,True,120012
2026-09-13T15:01:40Z,18040,,9,17000,60600,39.24001,-2.3451035,False,"449036,449044"
2026-09-13T15:01:40Z,01463,,5,65000,61307,38.631767,-0.867864,True,"252070,6B1"
2026-09-13T15:01:40Z,02156,,8,60000,51003,37.948948,-4.625379,False,112020
2026-09-13T15:01:40Z,02151,,2,51003,60000,38.83764,-4.042058,True,102010
2026-09-13T15:01:40Z,09742,,0,87303,71801,43.32219,3.3131135,False,100021
2026-09-13T15:01:40Z,05382,,4,22100,60911,42.06015,-7.1090918,False,112005
2026-09-13T15:01:40Z,01460,,-6,61307,65000,39.44741,-0.3829797,True,"252052,6B4"
2026-09-13T15:01:40Z,02153,,27,54413,60000,38.877075,-3.986186,False,103019
2026-09-13T15:01:40Z,05143,,24,60911,17000,40.01148,-3.6330743,True,112016
2026-09-13T15:01:40Z,02152,,9,60000,54413,38.41939,-4.448044,False,102014
2026-09-13T15:01:40Z,14401,,-1,65000,60600,38.9249,-1.5701094,False,"470090,470118"
2026-09-13T15:01:40Z,13035,,1,50202,17000,38.63362,-3.4544065,False,449012
2026-09-13T15:01:40Z,14003,,-8,65000,60911,38.673428,-0.8950629,False,"447009,447015"
2026-09-13T15:01:40Z,15217,,-3,71500,65411,41.100403,1.1541828,False,449018
2026-09-13T15:15:26Z,18014,,11,11505,10000,42.403645,-3.4754388,False,449046
2026-09-13T15:15:26Z,13083,,5,50500,51003,37.70739,-5.3416224,False,449021
2026-09-13T15:15:26Z,00609,,12,60000,80100,41.86704,-1.3213637,False,120058
2026-09-13T15:15:26Z,18131,,0,79400,65400,41.192413,1.6064769,False,470071
2026-09-13T15:15:26Z,14450,,1,65300,65312,40.059124,0.05941696,False,447014
2026-09-13T15:15:26Z,00563,,21,80100,71801,42.17272,-1.6925172,True,"120005,120010"
2026-09-13T15:15:26Z,18130,,2,65400,79400,40.8861,0.8006144,False,"448001,448025"
2026-09-13T15:15:26Z,16070,,-2,81100,71100,42.411125,-2.1832244,False,464231
2026-09-13T15:15:26Z,00280,,8,11200,13200,42.9953,-2.919952,False,470041
2026-09-13T15:15:26Z,08168,,1,10600,17000,40.972042,-4.218685,False,114002
2026-09-13T15:15:26Z,03152,,-4,71801,60000,41.06862,-2.4223354,True,103009
2026-09-13T15:15:26Z,05170,,35,15100,03216,41.127617,-4.4393644,True,112002
2026-09-13T15:15:26Z,12431,,7,31412,22308,42.572193,-8.685544,False,599009
2026-09-13T15:15:26Z,18777,,1,37606,37200,38.735096,-5.541721,False,599021
2026-09-13T15:15:26Z,18779,,2,51003,30002,37.575497,-5.7994323,False,599047
2026-09-13T15:15:26Z,18027,,3,65000,37200,39.361805,-0.4151032,False,470115
2026-09-13T15:15:26Z,03308,,3,71801,60000,40.46756,-3.2831695,False,103021
2026-09-13T15:15:26Z,18021,,0,71100,11200,42.742737,-2.867332,False,470094
2026-09-13T15:15:26Z,17056,,3,04040,71300,41.182087,-0.36841375,False,470123
2026-09-13T15:15:26Z,13010,,50,51003,51405,36.50309,-6.2721343,False,449048
2026-09-13T15:15:26Z,03942,,43,71801,51003,41.43796,0.92729336,True,"102013,112013"
2026-09-13T15:15:26Z,03305,,1,60000,71801,41.65822,-0.91024053,False,"103022,103024"
2026-09-13T15:15:26Z,17050,,2,71300,79400,41.392876,2.1657922,False,447175
2026-09-13T15:15:26Z,08835,,5,54413,05000,37.070683,-4.50899,False,104009
2026-09-13T15:15:26Z,01402,,1,60911,71801,38.388023,-0.5274494,True,130002
2026-09-13T15:15:26Z,02173,,1,54413,60000,36.840096,-4.6820955,True,112014
2026-09-13T15:15:26Z,03143,,3,60000,04307,41.31294,1.186069,False,100017
2026-09-13T15:15:26Z,02176,,0,60000,51003,40.39822,-3.675968,False,112019
2026-09-13T15:15:26Z,05162,,5,17000,60911,39.958538,-2.0495105,True,112015
2026-09-13T15:15:26Z,12608,,5,22200,20200,42.42749,-7.662841,False,594012
2026-09-13T15:15:26Z,08155,,-4,51003,54413,36.755695,-4.615645,False,104006
2026-09-13T15:15:26Z,13015,,7,51405,51003,37.27849,-5.9106617,False,449005
2026-09-13T15:15:26Z,12960,,0,22100,31400,42.43262,-8.07093,False,599032
2026-09-13T15:15:26Z,15038,,-3,71210,79400,41.170235,0.58193177,False,447181
2026-09-13T15:15:26Z,05161,,-2,03216,03208,39.64393,-1.9496397,True,112017
2026-09-13T15:15:26Z,05160,,6,17000,03216,39.956818,-3.362053,False,106008
2026-09-13T15:15:26Z,13014,,6,51003,51405,37.139133,-5.8035274,False,449010
2026-09-13T15:15:26Z,18029,,5,11200,71100,42.525692,-1.6711937,False,470110
2026-09-13T15:15:26Z,12602,,-1,20200,15004,42.606647,-6.294959,False,440239
2026-09-13T15:15:26Z,71802,,12,05193,21010,43.665974,-7.902474,False,527021
2026-09-13T15:15:26Z,12600,,4,20200,15100,42.53863,-5.717083,False,470102
2026-09-13T15:15:26Z,17026,,4,37500,18000,40.31542,-3.7816505,False,599050
2026-09-13T15:15:26Z,18076,,10,81100,71100,41.71094,-0.99849737,False,470085
2026-09-13T15:15:26Z,02366,,5,60000,56310,39.735115,-3.8131104,False,730018
2026-09-13T15:15:26Z,02124,,44,60000,51405,36.583,-6.215441,True,130034
2026-09-13T15:15:26Z,02365,,5,43019,60000,37.426697,-6.057106,True,120064
2026-09-13T15:15:26Z,00622,,30,71801,08223,42.460194,-5.4948516,True,130037
2026-09-13T15:15:26Z,00621,,-3,08223,71801,42.83835,-1.6782902,True,130010
2026-09-13T15:15:26Z,02360,,1,60000,51003,39.087955,-3.8924658,False,100005
2026-09-13T15:15:26Z,05750,,4,17000,03216,39.46634,-0.96851987,False,112024
2026-09-13T15:15:26Z,04143,,15,60911,14223,43.13862,-4.059667,True,130042
2026-09-13T15:15:26Z,12538,,8,22308,31412,43.20765,-8.446858,False,599018
2026-09-13T15:15:26Z,03171,,1,60000,71801,40.40359,-3.4973996,True,103026
2026-09-13T15:15:26Z,13907,,10,54413,51003,37.21102,-4.8440113,False,598021
2026-09-13T15:15:26Z,03172,,4,71801,60000,41.445072,1.9910734,True,103014
2026-09-13T15:15:26Z,04140,,3,15410,60911,42.595062,-5.5819435,True,130008
2026-09-13T15:15:26Z,01152,,2,65000,04307,41.08705,1.0642523,False,130029
2026-09-13T15:15:26Z,02361,,14,51003,60000,37.806324,-5.0466585,True,100002
2026-09-13T15:15:26Z,13906,,2,51003,54413,37.33436,-5.4255023,False,598018
2026-09-13T15:15:26Z,04142,,1,14223,17000,41.268124,-4.6729307,True,130003
2026-09-13T15:15:26Z,15642,,-7,04040,74217,41.974785,-0.52747816,False,594014
2026-09-13T15:15:26Z,71813,,13,21010,15211,43.686348,-7.84965,False,527015
2026-09-13T15:15:26Z,71833,,1,15211,14223,43.4594,-5.0546904,False,527031
2026-09-13T15:15:26Z,18003,,1,10000,11000,40.55054,-4.143615,False,449039
2026-09-13T15:15:26Z,18004,,4,10600,10000,40.47623,-3.84882,False,449009
2026-09-13T15:15:26Z,71832,,0,15211,21010,43.537888,-6.5364127,False,527013
2026-09-13T15:15:26Z,38112,,7,11505,10000,40.733406,-4.6720705,False,449057
2026-09-13T15:15:26Z,18083,,7,60911,37200,38.408142,-0.5657507,False,449025
2026-09-13T15:15:26Z,13909,,1,54413,51003,36.701317,-4.4877725,False,"598001,598008"
2026-09-13T15:15:26Z,00694,,13,50202,71801,39.464123,-0.37812364,True,130036
2026-09-13T15:15:26Z,04257,,5,17000,11500,42.624317,-3.2409708,True,121019
2026-09-13T15:15:26Z,05863,,0,61200,60000,38.76036,-0.95309395,False,112003
2026-09-13T15:15:26Z,05742,,11,60000,61200,38.345783,-0.49765593,False,102003
2026-09-13T15:15:26Z,34712,,6,04307,71801,41.83067,2.7356262,False,120002
2026-09-13T15:15:26Z,04375,,1,17000,31412,40.502644,-3.680291,False,106064
2026-09-13T15:15:26Z,08575,,2,05000,51003,37.12429,-4.408539,False,104017
2026-09-13T15:15:26Z,03162,,17,04307,60000,41.612526,0.6475959,False,103012
2026-09-13T15:15:26Z,03163,,6,60000,71801,40.87934,-2.7487183,True,103005
2026-09-13T15:15:26Z,15016,,2,71400,79400,41.15783,1.4409984,False,"447055,447170"
2026-09-13T15:15:26Z,14202,,6,61307,65000,37.974476,-1.1301295,False,"599006,599015"
2026-09-13T15:15:26Z,18128,,13,65400,79400,41.2201,1.7329863,False,"448004,448014"
2026-09-13T15:15:26Z,18129,,0,79400,65400,40.8861,0.8006144,False,"470119,470187"
2026-09-13T15:15:26Z,15657,,27,78400,04040,41.975677,-0.53843695,False,470101
2026-09-13T15:15:26Z,18212,,21,11000,10600,41.871243,-4.540645,False,599026
2026-09-13T15:15:26Z,18215,,-1,14100,15100,42.104652,-4.647304,False,470106
2026-09-13T15:15:26Z,04969,,-3,17000,30100,41.087955,-5.385245,False,121022
2026-09-13T15:15:26Z,18330,,-2,60400,37606,38.69119,-4.112149,False,599004
2026-09-13T15:15:26Z,04565,,-2,17000,08223,42.04636,-6.633287,False,106057
2026-09-13T15:15:26Z,04325,,-1,17000,20309,42.585896,-7.481797,True,730025
2026-09-13T15:15:26Z,02149,,16,54413,60000,39.81198,-3.8512752,False,112029
2026-09-13T15:15:26Z,04166,,0,11500,17000,42.48283,-3.4112701,True,121029
2026-09-13T15:15:26Z,04161,,-1,17000,15410,41.201454,-4.5440955,False,106063
2026-09-13T15:15:26Z,04162,,13,14223,17000,43.122612,-4.082603,True,121010
2026-09-13T15:15:26Z,09173,,1,31412,08223,43.181683,-8.448066,False,"121004,121011"
2026-09-13T15:15:26Z,15626,,30,78400,78600,41.670273,1.2316986,False,447122
2026-09-13T15:15:26Z,15868,,-3,79315,71801,41.504246,2.1950493,False,"449014,449038"
2026-09-13T15:15:26Z,18218,,-1,11000,10500,41.367634,-4.8355727,False,440237
2026-09-13T15:15:26Z,18104,,8,14223,14104,43.327454,-4.0425653,False,470156
2026-09-13T15:15:26Z,18065,,3,10000,11208,40.451427,-3.802832,False,449047
2026-09-13T15:15:26Z,71852,,10,14223,15211,43.42085,-4.758936,False,527031
2026-09-13T15:15:26Z,15870,,1,79315,71801,41.93543,2.8094895,False,447124
2026-09-13T15:15:26Z,17012,,12,18000,37500,39.890934,-5.7190495,False,599049
2026-09-13T15:15:26Z,18063,,0,10000,11505,42.47264,-3.440375,False,449001
2026-09-13T15:15:26Z,02135,,7,51405,60000,39.18133,-3.8570895,False,120059
2026-09-13T15:15:26Z,00632,,1,04040,30100,42.503647,-1.6621302,True,121023
2026-09-13T15:15:26Z,09725,,2,60000,87089,41.95515,2.8065598,False,100023
2026-09-13T15:15:26Z,18181,,0,37200,60911,39.005886,-3.3706145,False,449002
2026-09-13T15:15:26Z,01161,,16,71801,60911,41.13908,1.1617022,True,130044
2026-09-13T15:15:26Z,00192,,4,17000,37606,40.16312,-3.8512635,False,730011
2026-09-13T15:15:26Z,35623,,12,65000,61307,39.12052,-0.45463043,False,"599016,599045"
2026-09-13T15:15:26Z,13219,,5,50506,50500,37.80189,-5.034501,False,446060
2026-09-13T15:15:26Z,03981,,29,51003,03216,37.39673,-5.968995,False,112008
2026-09-13T15:15:26Z,18907,,5,10000,30110,40.65734,-4.6831284,False,599041
2026-09-13T15:15:26Z,04151,,0,17000,15410,42.59899,-5.5869894,False,106062
2026-09-13T15:15:26Z,15918,,4,71801,79315,42.047554,2.957259,False,"447112,447133"
2026-09-13T15:15:26Z,14302,,-5,65000,65400,40.77601,0.5344248,False,"447007,447018"
2026-09-13T15:15:26Z,18904,,2,30100,10000,40.897923,-5.2066445,False,599001
2026-09-13T15:15:26Z,09162,,0,08223,31412,42.806446,-8.62383,False,121003
2026-09-13T15:15:26Z,13217,,8,50502,50500,37.866974,-4.850747,False,446070
2026-09-13T15:15:26Z,18314,,2,30100,10600,41.641006,-4.7293634,False,599022
2026-09-13T15:15:26Z,15044,,4,73100,79400,41.19942,1.3795927,False,447026
2026-09-13T15:15:26Z,03931,,-3,51003,71801,37.888126,-4.7901897,True,"102009,102015"
2026-09-13T15:15:26Z,04345,,1,17000,31412,42.4243,-8.021118,False,106056
2026-09-13T15:15:26Z,05951,,32,65300,60000,39.96856,-3.5555556,False,100007
2026-09-13T15:15:26Z,02162,,4,60000,54413,39.32473,-3.8808265,True,102006
2026-09-13T15:15:26Z,02161,,5,51003,60000,38.554478,-4.428784,False,100013
2026-09-13T15:15:26Z,05155,,22,03216,17000,40.010178,-2.8882484,False,106011
2026-09-13T15:15:26Z,01192,,7,60911,71801,38.5247,-0.81150395,True,130033
2026-09-13T15:15:26Z,02160,,5,60000,51003,38.67186,-4.2942357,True,103010
2026-09-13T15:15:26Z,05152,,6,17000,60911,38.41496,-0.7894121,True,112011
2026-09-13T15:15:26Z,02165,,65,51405,60000,36.52626,-6.284954,True,"130032,130041"
2026-09-13T15:15:26Z,02164,,5,60000,51405,38.70018,-4.1021414,False,130001
2026-09-13T15:15:26Z,17907,,0,40100,18000,39.94928,-6.0688257,False,599044
2026-09-13T15:15:26Z,02163,,7,54413,60000,38.39952,-4.473485,True,"102002,102008"
2026-09-13T15:15:26Z,05153,,1,60911,17000,39.59977,-1.9579203,True,112001
2026-09-13T15:15:26Z,17505,,6,79400,71300,41.12955,1.3012555,False,447167
2026-09-13T15:15:26Z,15726,,12,71801,79309,41.685715,2.490924,False,"449026,449030"
2026-09-13T15:15:26Z,18316,,4,10600,30110,41.507076,-4.7562695,False,599003
2026-09-13T15:15:26Z,13942,,-9,05000,56310,37.10873,-2.591646,False,599020
2026-09-13T15:15:26Z,00530,,10,71801,11500,41.805096,-1.2019299,True,120012
2026-09-13T15:15:26Z,18040,,6,17000,60600,39.16273,-2.1147194,False,"449036,449044"
2026-09-13T15:15:26Z,01463,,5,65000,61307,38.48479,-0.80087405,True,"252070,6B1"
2026-09-13T15:15:26Z,02156,,8,60000,51003,37.869614,-4.8414106,False,112020
2026-09-13T15:15:26Z,04334,,3,31412,17000,42.350533,-7.872692,False,106051
2026-09-13T15:15:26Z,02151,,3,51003,60000,39.11986,-3.8791978,True,102010
2026-09-13T15:15:26Z,09742,,0,87303,71801,43.19598,3.01185,False,100021
2026-09-13T15:15:26Z,08377,,5,71801,04307,41.379074,2.139723,False,100010
2026-09-13T15:15:26Z,05382,,5,22100,60911,42.046013,-6.6424956,False,112005
2026-09-13T15:15:26Z,02153,,26,54413,60000,39.371655,-3.8509538,False,103019
2026-09-13T15:15:26Z,05143,,22,60911,17000,40.326614,-3.6491761,True,112016
2026-09-13T15:15:26Z,02152,,10,60000,54413,38.061462,-4.5138197,False,102014
2026-09-13T15:15:26Z,14401,,-2,65000,60600,38.98323,-1.8314031,False,"470090,470118"
2026-09-13T15:15:26Z,13035,,3,50202,17000,38.76392,-3.3963506,False,449012
2026-09-13T15:15:26Z,14003,,0,65000,60911,38.63183,-0.86789817,False,"447009,447015"
2026-09-13T15:15:26Z,04170,,3,16403,17000,43.555878,-5.9188676,True,130007
2026-09-13T15:15:26Z,14406,,1,60600,65000,38.92327,-1.6016872,False,599014
2026-09-13T15:15:26Z,13039,,3,51003,43019,37.441692,-5.9694433,False,449015
2026-09-13T15:30:37Z,18014,,11,11505,10000,42.382896,-3.587812,False,449046
2026-09-13T15:30:37Z,13083,,5,50500,51003,37.66125,-5.531011,False,449021
2026-09-13T15:30:37Z,18131,,-1,79400,65400,41.142723,1.4057415,False,470071
2026-09-13T15:30:37Z,00609,,14,60000,80100,41.999756,-1.5184524,False,120058
2026-09-13T15:30:37Z,14450,,2,65300,65312,40.2464,0.23508236,False,447014
2026-09-13T15:30:37Z,00606,,4,80100,60000,41.22416,-2.0819604,False,120055
2026-09-13T15:30:37Z,00563,,26,80100,71801,42.03074,-1.5701747,True,"120005,120010"
2026-09-13T15:30:37Z,18130,,-1,65400,79400,41.06464,0.9978732,False,"448001,448025"
2026-09-13T15:30:37Z,17041,,-6,37200,17000,40.46745,-3.6835876,False,449043
2026-09-13T15:30:37Z,16070,,-2,81100,71100,42.33167,-1.9993498,False,464231
2026-09-13T15:30:37Z,00280,,7,11200,13200,42.996098,-2.980939,False,470041
2026-09-13T15:30:37Z,05178,,6,10600,60911,40.1872,-3.7489402,False,106012
2026-09-13T15:30:37Z,08168,,2,10600,17000,40.84964,-3.911009,False,114002
2026-09-13T15:30:37Z,03152,,0,71801,60000,40.84885,-2.837549,True,103009
2026-09-13T15:30:37Z,08163,,0,60000,60600,40.317398,-3.6490483,False,104008
2026-09-13T15:30:37Z,05170,,41,15100,03216,40.906796,-4.084706,True,112002
2026-09-13T15:30:37Z,12431,,7,31412,22308,42.414906,-8.636778,False,599009
2026-09-13T15:30:37Z,18777,,2,37606,37200,38.724117,-5.22668,False,599021
2026-09-13T15:30:37Z,18779,,3,51003,30002,37.66001,-5.7112074,False,599047
2026-09-13T15:30:37Z,18027,,4,65000,37200,39.12052,-0.45463043,False,470115
2026-09-13T15:30:37Z,03308,,0,71801,60000,40.36953,-3.6779606,False,103021
2026-09-13T15:30:37Z,15035,,-1,79400,71300,41.382324,2.1475685,False,447034
2026-09-13T15:30:37Z,17056,,3,04040,71300,41.230396,-0.12245273,False,470123
2026-09-13T15:30:37Z,03942,,41,71801,51003,41.62066,0.6332154,True,"102013,112013"
2026-09-13T15:30:37Z,03305,,8,60000,71801,41.55697,-0.7646809,False,"103022,103024"
2026-09-13T15:30:37Z,08835,,5,54413,05000,37.16897,-4.1880994,False,104009
2026-09-13T15:30:37Z,01402,,10,60911,71801,38.408306,-0.6748618,True,130002
2026-09-13T15:30:37Z,02173,,4,54413,60000,37.231583,-4.7496643,True,112014
2026-09-13T15:30:37Z,03143,,8,60000,04307,41.30818,1.6491171,False,100017
2026-09-13T15:30:37Z,02176,,8,60000,51003,40.133106,-3.7739713,False,112019
2026-09-13T15:30:37Z,05162,,3,17000,60911,39.37795,-2.006801,True,112015
2026-09-13T15:30:37Z,12608,,3,22200,20200,42.529568,-7.503255,False,594012
2026-09-13T15:30:37Z,13015,,10,51405,51003,37.362865,-5.975837,False,449005
2026-09-13T15:30:37Z,12960,,1,22100,31400,42.52321,-8.10552,False,599032
2026-09-13T15:30:37Z,15038,,-5,71210,79400,41.103607,0.65679675,False,447181
2026-09-13T15:30:37Z,05160,,8,17000,03216,40.023575,-2.6822743,False,106008
2026-09-13T15:30:37Z,13014,,2,51003,51405,36.913643,-6.0948668,False,449010
2026-09-13T15:30:37Z,18029,,6,11200,71100,42.337154,-1.7153357,False,470110
2026-09-13T15:30:37Z,12602,,0,20200,15004,42.632725,-6.201022,False,440239
2026-09-13T15:30:37Z,71802,,8,05193,21010,43.587063,-7.9344945,False,527021
2026-09-13T15:30:37Z,17026,,2,37500,18000,40.38916,-3.6739914,False,599050
2026-09-13T15:30:37Z,18076,,9,81100,71100,41.652718,-0.89602864,False,470085
2026-09-13T15:30:37Z,02124,,43,60000,51405,36.45752,-6.2176127,True,130034
2026-09-13T15:30:37Z,02366,,0,60000,56310,39.22495,-3.87412,False,730018
2026-09-13T15:30:37Z,02365,,15,43019,60000,37.436497,-5.974936,True,120064
2026-09-13T15:30:37Z,00622,,29,71801,08223,42.59456,-5.5808315,True,130037
2026-09-13T15:30:37Z,04786,,0,11200,17000,42.677902,-2.9766314,False,121020
2026-09-13T15:30:37Z,00621,,0,08223,71801,42.793396,-1.6684215,True,130010
2026-09-13T15:30:37Z,02360,,2,60000,51003,38.833485,-4.050571,False,100005
2026-09-13T15:30:37Z,05750,,4,17000,03216,39.447506,-0.383781,False,112024
2026-09-13T15:30:37Z,04143,,19,60911,14223,43.185993,-4.050565,True,130042
2026-09-13T15:30:37Z,03171,,2,60000,71801,40.66585,-3.0706582,True,103026
2026-09-13T15:30:37Z,13907,,9,54413,51003,37.236637,-5.0743403,False,598021
2026-09-13T15:30:37Z,03172,,4,71801,60000,41.177265,1.3769265,True,103014
2026-09-13T15:30:37Z,04140,,4,15410,60911,42.536068,-5.5689044,True,130008
2026-09-13T15:30:37Z,01152,,4,65000,04307,41.193897,1.260456,False,130029
2026-09-13T15:30:37Z,02361,,16,51003,60000,37.88799,-4.7912197,True,100002
2026-09-13T15:30:37Z,13906,,0,51003,54413,37.23373,-5.1149993,False,598018
2026-09-13T15:30:37Z,04384,,1,08223,17000,42.234493,-8.713075,False,106065
2026-09-13T15:30:37Z,15642,,-2,04040,74217,42.132607,-0.40980566,False,594014
2026-09-13T15:30:37Z,71813,,13,21010,15211,43.686348,-7.84965,False,527015
2026-09-13T15:30:37Z,71833,,1,15211,14223,43.4594,-5.0546904,False,527031
2026-09-13T15:30:37Z,18003,,4,10000,11000,40.556694,-4.2955275,False,449039
2026-09-13T15:30:37Z,71832,,0,15211,21010,43.537888,-6.5364127,False,527013
2026-09-13T15:30:37Z,18006,,19,11000,10000,41.904316,-4.511866,False,449006
2026-09-13T15:30:37Z,38112,,9,11505,10000,40.649292,-4.6120725,False,449057
2026-09-13T15:30:37Z,18083,,11,60911,37200,38.421722,-0.8004998,False,449025
2026-09-13T15:30:37Z,13909,,1,54413,51003,36.73183,-4.6580043,False,"598001,598008"
2026-09-13T15:30:37Z,00694,,10,50202,71801,39.45631,-0.34122398,True,130036
2026-09-13T15:30:37Z,04257,,5,17000,11500,42.65977,-2.9755616,True,121019
2026-09-13T15:30:37Z,05863,,0,61200,60000,38.917385,-1.6299272,False,112003
2026-09-13T15:30:37Z,05742,,15,60000,61200,38.401928,-0.7164985,False,102003
2026-09-13T15:30:37Z,34712,,4,04307,71801,41.552628,2.2547054,False,120002
2026-09-13T15:30:37Z,15816,,3,71801,79315,41.425476,2.195616,False,447062
2026-09-13T15:30:37Z,08179,,0,17000,10600,40.91006,-4.093974,False,"114001,114008"
2026-09-13T15:30:37Z,08575,,3,05000,51003,37.065804,-4.7185745,False,104017
2026-09-13T15:30:37Z,03162,,16,04307,60000,41.61974,0.27830663,False,103012
2026-09-13T15:30:37Z,03163,,6,60000,71801,41.177616,-2.226197,True,103005
2026-09-13T15:30:37Z,15016,,1,71400,79400,41.192272,1.6049895,False,"447055,447170"
2026-09-13T15:30:37Z,08173,,1,92102,60000,39.931187,-3.876976,False,104002
2026-09-13T15:30:37Z,14202,,2,61307,65000,38.077396,-0.944833,False,"599006,599015"
2026-09-13T15:30:37Z,08170,,9,60000,37700,40.28928,-3.68336,False,100019
2026-09-13T15:30:37Z,18128,,9,65400,79400,41.26706,1.9571081,False,"448004,448014"
2026-09-13T15:30:37Z,18008,,3,11208,10000,42.824036,-2.7807403,False,470129
2026-09-13T15:30:37Z,18129,,-1,79400,65400,40.75901,0.55585057,False,"470119,470187"
2026-09-13T15:30:37Z,15657,,29,78400,04040,41.818916,-0.7942663,False,470101
2026-09-13T15:30:37Z,18212,,19,11000,10600,41.737232,-4.651138,False,599026
2026-09-13T15:30:37Z,18215,,0,14100,15100,42.15063,-4.6976976,False,470106
2026-09-13T15:30:37Z,18330,,1,60400,37606,38.671925,-4.295801,False,599004
2026-09-13T15:30:37Z,04565,,6,17000,08223,42.06393,-7.1341825,False,106057
2026-09-13T15:30:37Z,04325,,-3,17000,20309,42.738583,-7.4636364,True,730025
2026-09-13T15:30:37Z,02149,,14,54413,60000,40.26227,-3.7292206,False,112029
2026-09-13T15:30:37Z,04166,,-1,11500,17000,42.398575,-3.5254607,True,121029
2026-09-13T15:30:37Z,04161,,-3,17000,15410,41.64192,-4.727218,False,106063
2026-09-13T15:30:37Z,04162,,10,14223,17000,43.01782,-4.1041183,True,121010
2026-09-13T15:30:37Z,09173,,-1,31412,08223,42.870937,-8.543576,False,"121004,121011"
2026-09-13T15:30:37Z,15626,,31,78400,78600,41.65369,1.4167025,False,447122
2026-09-13T15:30:37Z,15868,,-1,79315,71801,41.40973,2.188312,False,"449014,449038"
2026-09-13T15:30:37Z,09171,,2,31412,22100,43.169437,-8.45379,True,121008
2026-09-13T15:30:37Z,18104,,9,14223,14104,43.18506,-4.050122,False,470156
2026-09-13T15:30:37Z,18065,,4,10000,11208,40.54495,-3.8932483,False,449047
2026-09-13T15:30:37Z,71852,,10,14223,15211,43.42085,-4.758936,False,527031
2026-09-13T15:30:37Z,12484,,1,22308,31400,42.33465,-8.6136465,False,599034
2026-09-13T15:30:37Z,15870,,0,79315,71801,41.806675,2.743384,False,447124
2026-09-13T15:30:37Z,17012,,1,18000,37500,39.905075,-5.96091,False,599049
2026-09-13T15:30:37Z,18063,,-1,10000,11505,42.542717,-3.3190804,False,449001
2026-09-13T15:30:37Z,02135,,4,51405,60000,39.773487,-3.831364,False,120059
2026-09-13T15:30:37Z,00632,,5,04040,30100,42.640503,-1.6433704,True,121023
2026-09-13T15:30:37Z,18181,,0,37200,60911,39.34638,-3.2004416,False,449002
2026-09-13T15:30:37Z,01161,,14,71801,60911,40.918472,0.83149546,True,130044
2026-09-13T15:30:37Z,02371,,2,51003,60000,37.566654,-5.839214,True,"100001,100004"
2026-09-13T15:30:37Z,00192,,0,17000,37606,39.972313,-4.0232954,False,730011
2026-09-13T15:30:37Z,35623,,13,65000,61307,38.992287,-0.524618,False,"599016,599045"
2026-09-13T15:30:37Z,13219,,4,50506,50500,37.865417,-4.8559494,False,446060
2026-09-13T15:30:37Z,03981,,29,51003,03216,37.6215,-5.5940757,False,112008
2026-09-13T15:30:37Z,18907,,7,10000,30110,40.74907,-4.76913,False,599041
2026-09-13T15:30:37Z,04151,,0,17000,15410,42.823868,-5.637706,False,106062
2026-09-13T15:30:37Z,15918,,2,71801,79315,42.26467,2.968973,False,"447112,447133"
2026-09-13T15:30:37Z,18904,,3,30100,10000,40.872395,-4.984363,False,599001
2026-09-13T15:30:37Z,15874,,3,79315,71801,42.39046,3.151456,False,449029
2026-09-13T15:30:37Z,09162,,0,08223,31412,42.876972,-8.534078,False,121003
2026-09-13T15:30:37Z,09160,,1,22100,31412,42.94091,-8.484478,True,121005
2026-09-13T15:30:37Z,17810,,0,37406,37606,38.967144,-5.8627768,False,599012
2026-09-13T15:30:37Z,14547,,-1,61307,61200,37.708466,-0.9760348,False,592216
2026-09-13T15:30:37Z,18034,,2,17000,50202,40.47428,-3.6817195,False,449049
2026-09-13T15:30:37Z,15045,,-1,79400,73100,41.379074,2.139723,False,470114
2026-09-13T15:30:37Z,15044,,7,73100,79400,41.18531,1.5202831,False,447026
2026-09-13T15:30:37Z,03931,,-3,51003,71801,37.88811,-4.7902193,True,"102009,102015"
2026-09-13T15:30:37Z,04345,,-2,17000,31412,42.804054,-8.430067,False,106056
2026-09-13T15:30:37Z,05951,,30,65300,60000,40.294083,-3.6754646,False,100007
2026-09-13T15:30:37Z,02162,,3,60000,54413,38.984985,-3.9129338,True,102006
2026-09-13T15:30:37Z,02161,,19,51003,60000,38.666332,-4.3270493,False,100013
2026-09-13T15:30:37Z,05155,,22,03216,17000,40.01715,-3.6472182,False,106011
2026-09-13T15:30:37Z,01192,,10,60911,71801,38.716717,-0.9601183,True,130033
2026-09-13T15:30:37Z,02160,,8,60000,51003,38.302246,-4.5693,True,103010
2026-09-13T15:30:37Z,02165,,82,51405,60000,36.5218,-6.280816,True,"130032,130041"
2026-09-13T15:30:37Z,02164,,6,60000,51405,38.555393,-4.42876,False,130001
2026-09-13T15:30:37Z,17907,,3,40100,18000,39.891235,-5.705499,False,599044
2026-09-13T15:30:37Z,05792,,0,11014,61200,42.29419,-3.854374,False,112022
2026-09-13T15:30:37Z,02163,,13,54413,60000,38.615482,-4.394184,True,"102002,102008"
2026-09-13T15:30:37Z,05153,,8,60911,17000,40.00788,-2.097859,True,112001
2026-09-13T15:30:37Z,17505,,6,79400,71300,41.117527,1.1450839,False,447167
2026-09-13T15:30:37Z,15726,,16,71801,79309,41.772076,2.6732512,False,"449026,449030"
2026-09-13T15:30:37Z,18316,,1,10600,30110,41.31719,-4.9101286,False,599003
2026-09-13T15:30:37Z,13942,,0,05000,56310,37.03441,-2.5292768,False,599020
2026-09-13T15:30:37Z,00530,,17,71801,11500,41.98907,-1.506634,True,120012
2026-09-13T15:30:37Z,18040,,8,17000,60600,39.01545,-1.8633964,False,"449036,449044"
2026-09-13T15:30:37Z,02156,,7,60000,51003,37.736492,-5.3045454,False,112020
2026-09-13T15:30:37Z,01463,,9,65000,61307,38.402023,-0.7349186,True,"252070,6B1"
2026-09-13T15:30:37Z,04334,,1,31412,17000,42.21895,-7.6736164,False,106051
2026-09-13T15:30:37Z,02151,,4,51003,60000,39.66343,-3.7995663,True,102010
2026-09-13T15:30:37Z,04176,,2,11500,11200,43.04547,-2.2112005,True,120056
2026-09-13T15:30:37Z,09742,,3,87303,71801,43.16678,2.9974284,False,100021
2026-09-13T15:30:37Z,08377,,7,71801,04307,41.557896,2.2761827,False,100010
2026-09-13T15:30:37Z,05382,,4,22100,60911,41.788605,-5.8806295,False,112005
2026-09-13T15:30:37Z,02153,,22,54413,60000,39.938305,-3.8692405,False,103019
2026-09-13T15:30:37Z,02152,,8,60000,54413,37.83349,-4.9593387,False,102014
2026-09-13T15:30:37Z,13035,,8,50202,17000,38.98383,-3.385885,False,449012
2026-09-13T15:30:37Z,14003,,6,65000,60911,38.52665,-0.81157553,False,"447009,447015"
2026-09-13T15:30:37Z,04170,,3,16403,17000,43.460995,-5.8240094,True,130007
2026-09-13T15:30:37Z,14406,,1,60600,65000,38.91313,-1.2327833,False,599014
2026-09-13T15:30:37Z,13039,,10,51003,43019,37.426388,-6.0557775,False,449015
2026-09-13T15:45:25Z,18014,,13,11505,10000,42.284603,-3.8647134,False,449046
2026-09-13T15:45:25Z,13083,,5,50500,51003,37.66125,-5.531011,False,449021
2026-09-13T15:45:25Z,18131,,0,79400,65400,41.111366,1.2533424,False,470071
2026-09-13T15:45:25Z,00609,,24,60000,80100,42.059776,-1.5979418,False,120058
2026-09-13T15:45:25Z,14450,,1,65300,65312,40.40343,0.35853973,False,447014
2026-09-13T15:45:25Z,00606,,3,80100,60000,41.016876,-2.4813585,False,120055
2026-09-13T15:45:25Z,00563,,24,80100,71801,41.876385,-1.351741,True,"120005,120010"
2026-09-13T15:45:25Z,18130,,1,65400,79400,41.115707,1.1470786,False,"448001,448025"
2026-09-13T15:45:25Z,16070,,-3,81100,71100,42.23005,-1.8478359,False,464231
2026-09-13T15:45:25Z,00280,,8,11200,13200,43.016388,-3.0095663,False,470041
2026-09-13T15:45:25Z,05178,,4,10600,60911,39.963387,-3.2062993,False,106012
2026-09-13T15:45:25Z,08168,,0,10600,17000,40.483112,-3.6765475,False,114002
2026-09-13T15:45:25Z,03152,,0,71801,60000,40.50353,-3.2277536,True,103009
2026-09-13T15:45:25Z,05170,,42,15100,03216,40.595444,-3.7178483,True,112002
2026-09-13T15:45:25Z,08163,,3,60000,60600,40.11522,-3.6769245,False,104008
2026-09-13T15:45:25Z,05171,,1,03216,11014,42.41456,-5.204106,False,112010
2026-09-13T15:45:25Z,12431,,5,31412,22308,42.285973,-8.617501,False,599009
2026-09-13T15:45:25Z,18777,,2,37606,37200,38.724117,-5.22668,False,599021
2026-09-13T15:45:25Z,18779,,0,51003,30002,37.757217,-5.76426,False,599047
2026-09-13T15:45:25Z,18027,,8,65000,37200,39.050217,-0.47729987,False,470115
2026-09-13T15:45:25Z,15035,,1,79400,71300,41.317215,2.0503898,False,447034
2026-09-13T15:45:25Z,17056,,6,04040,71300,41.240013,-0.042713903,False,470123
2026-09-13T15:45:25Z,03942,,41,71801,51003,41.5745,0.11321458,True,"102013,112013"
2026-09-13T15:45:25Z,03305,,10,60000,71801,41.52866,-0.20540425,False,"103022,103024"
2026-09-13T15:45:25Z,08835,,6,54413,05000,37.220055,-4.013101,False,104009
2026-09-13T15:45:25Z,01402,,2,60911,71801,38.43478,-0.8126246,True,130002
2026-09-13T15:45:25Z,02173,,5,54413,60000,37.569138,-4.87823,True,112014
2026-09-13T15:45:25Z,02172,,2,60000,54413,40.236156,-3.7440054,True,112009
2026-09-13T15:45:25Z,03143,,5,60000,04307,41.346264,2.0560052,False,100017
2026-09-13T15:45:25Z,12604,,1,20200,15100,42.545635,-6.6020417,False,470008
2026-09-13T15:45:25Z,02176,,6,60000,51003,39.5273,-3.8243592,False,112019
2026-09-13T15:45:25Z,05162,,2,17000,60911,39.000057,-1.8472089,True,112015
2026-09-13T15:45:25Z,12608,,7,22200,20200,42.52878,-7.465546,False,594012
2026-09-13T15:45:25Z,12960,,5,22100,31400,42.636795,-8.147817,False,599032
2026-09-13T15:45:25Z,12685,,1,21010,31412,43.488102,-8.230719,False,594102
2026-09-13T15:45:25Z,15038,,-2,71210,79400,41.102192,0.78098124,False,447181
2026-09-13T15:45:25Z,13014,,2,51003,51405,36.728706,-6.0857515,False,449010
2026-09-13T15:45:25Z,05160,,11,17000,03216,39.988907,-2.075368,False,106008
2026-09-13T15:45:25Z,18029,,-8,11200,71100,42.17272,-1.6925172,False,470110
2026-09-13T15:45:25Z,12602,,-3,20200,15004,42.553135,-6.0681276,False,440239
2026-09-13T15:45:25Z,71802,,6,05193,21010,43.562122,-8.002723,False,527021
2026-09-13T15:45:25Z,13017,,11,51405,51003,36.468014,-6.2068243,False,449048
2026-09-13T15:45:25Z,02366,,-1,60000,56310,38.898697,-3.9640954,False,730018
2026-09-13T15:45:25Z,18075,,5,71100,81100,41.652718,-0.89602864,False,470085
2026-09-13T15:45:25Z,02365,,14,43019,60000,37.460106,-5.956936,True,120064
2026-09-13T15:45:25Z,00622,,30,71801,08223,42.559147,-5.612975,True,130037
2026-09-13T15:45:25Z,04786,,0,11200,17000,42.624794,-3.1596072,False,121020
2026-09-13T15:45:25Z,00621,,7,08223,71801,42.728153,-1.6249104,True,130010
2026-09-13T15:45:25Z,02360,,10,60000,51003,38.66961,-4.26922,False,100005
2026-09-13T15:45:25Z,04143,,25,60911,14223,43.32453,-4.053424,True,130042
2026-09-13T15:45:25Z,13907,,6,54413,51003,37.28958,-5.2383485,False,598021
2026-09-13T15:45:25Z,03171,,2,60000,71801,40.98716,-2.5351965,True,103026
2026-09-13T15:45:25Z,00460,,0,65000,71801,39.52928,-0.32316834,True,130045
2026-09-13T15:45:25Z,03172,,6,71801,60000,41.43511,0.9328182,True,103014
2026-09-13T15:45:25Z,01152,,2,65000,04307,41.190815,1.278321,False,130029
2026-09-13T15:45:25Z,02361,,20,51003,60000,38.019985,-4.5616817,True,100002
2026-09-13T15:45:25Z,13906,,6,51003,54413,37.23373,-5.1149993,False,598018
2026-09-13T15:45:25Z,04384,,5,08223,17000,42.42108,-8.635614,False,106065
2026-09-13T15:45:25Z,15642,,-2,04040,74217,42.165276,-0.48133054,False,594014
2026-09-13T15:45:25Z,03170,,2,71801,60000,41.481808,1.893783,False,103008
2026-09-13T15:45:25Z,71813,,13,21010,15211,43.686348,-7.84965,False,527015
2026-09-13T15:45:25Z,71833,,1,15211,14223,43.4594,-5.0546904,False,527031
2026-09-13T15:45:25Z,18003,,6,10000,11000,40.60884,-4.4416404,False,449039
2026-09-13T15:45:25Z,18006,,15,11000,10000,41.684692,-4.6873446,False,449006
2026-09-13T15:45:25Z,00613,,0,60000,80100,40.337692,-3.6203866,True,"120007,120008"
2026-09-13T15:45:25Z,71832,,5,15211,21010,43.536385,-6.7200036,False,527013
2026-09-13T15:45:25Z,38112,,10,11505,10000,40.594692,-4.482433,False,449057
2026-09-13T15:45:25Z,18083,,8,60911,37200,38.577934,-0.8484648,False,449025
2026-09-13T15:45:25Z,13909,,0,54413,51003,36.81649,-4.7046123,False,"598001,598008"
2026-09-13T15:45:25Z,00694,,7,50202,71801,39.73602,-0.22743797,True,130036
2026-09-13T15:45:25Z,04257,,5,17000,11500,42.714657,-2.8758552,True,121019
2026-09-13T15:45:25Z,05742,,19,60000,61200,38.241398,-0.7732769,False,102003
2026-09-13T15:45:25Z,05863,,1,61200,60000,39.038013,-1.8909814,False,112003
2026-09-13T15:45:25Z,34712,,7,04307,71801,41.416817,2.1921186,False,120002
2026-09-13T15:45:25Z,04375,,-2,17000,31412,41.15968,-4.461205,False,106064
2026-09-13T15:45:25Z,15816,,5,71801,79315,41.544098,2.2283206,False,447062
2026-09-13T15:45:25Z,00295,,2,37606,17000,38.91931,-6.932122,False,730024
2026-09-13T15:45:25Z,08179,,0,17000,10600,41.237976,-4.628564,False,"114001,114008"
2026-09-13T15:45:25Z,08575,,4,05000,51003,37.334774,-4.810297,False,104017
2026-09-13T15:45:25Z,03162,,16,04307,60000,41.535755,-0.4116729,False,103012
2026-09-13T15:45:25Z,03163,,3,60000,71801,41.44107,-1.5544049,True,103005
2026-09-13T15:45:25Z,15016,,9,71400,79400,41.218742,1.7409033,False,"447055,447170"
2026-09-13T15:45:25Z,05183,,0,60911,15100,38.364788,-0.55940574,False,112030
2026-09-13T15:45:25Z,14202,,-4,61307,65000,38.161606,-0.8412851,False,"599006,599015"
2026-09-13T15:45:25Z,08173,,5,92102,60000,40.261986,-3.7295887,False,104002
2026-09-13T15:45:25Z,18128,,12,65400,79400,41.363136,2.1162655,False,"448004,448014"
2026-09-13T15:45:25Z,08170,,6,60000,37700,39.796783,-3.8392875,False,100019
2026-09-13T15:45:25Z,08171,,3,37700,60000,38.97883,-3.9095573,False,104015
2026-09-13T15:45:25Z,18008,,3,11208,10000,42.693558,-2.933728,False,470129
2026-09-13T15:45:25Z,15657,,28,78400,04040,41.629963,-0.8570443,False,470101
2026-09-13T15:45:25Z,18215,,1,14100,15100,42.369484,-5.0225286,False,470106
2026-09-13T15:45:25Z,18330,,1,60400,37606,38.7096,-4.54518,False,599004
2026-09-13T15:45:25Z,04565,,7,17000,08223,42.233795,-7.7591157,False,106057
2026-09-13T15:45:25Z,04325,,-1,17000,20309,42.83775,-7.411263,True,730025
2026-09-13T15:45:25Z,02149,,17,54413,60000,40.380714,-3.6820512,False,112029
2026-09-13T15:45:25Z,04166,,2,11500,17000,42.372505,-3.660411,True,121029
2026-09-13T15:45:25Z,04161,,0,17000,15410,41.797905,-4.560071,False,106063
2026-09-13T15:45:25Z,04162,,9,14223,17000,42.927868,-4.1170063,True,121010
2026-09-13T15:45:25Z,09173,,0,31412,08223,42.79497,-8.641574,False,"121004,121011"
2026-09-13T15:45:25Z,09172,,-1,08223,31412,42.280315,-8.603008,False,121018
2026-09-13T15:45:25Z,15626,,31,78400,78600,41.731476,1.5222801,False,447122
2026-09-13T15:45:25Z,09171,,0,31412,22100,42.871025,-8.543363,True,121008
2026-09-13T15:45:25Z,18104,,12,14223,14104,43.123924,-4.0797057,False,470156
2026-09-13T15:45:25Z,18065,,1,10000,11208,40.6263,-4.008121,False,449047
2026-09-13T15:45:25Z,71852,,10,14223,15211,43.42085,-4.758936,False,527031
2026-09-13T15:45:25Z,12484,,3,22308,31400,42.464443,-8.646218,False,599034
2026-09-13T15:45:25Z,15870,,0,79315,71801,41.726498,2.5686986,False,447124
2026-09-13T15:45:25Z,17012,,1,18000,37500,39.974487,-6.149343,False,599049
2026-09-13T15:45:25Z,18063,,10,10000,11505,42.62388,-3.166632,False,449001
2026-09-13T15:45:25Z,02135,,3,51405,60000,40.19939,-3.749687,False,120059
2026-09-13T15:45:25Z,00632,,2,04040,30100,42.811405,-1.6969736,True,121023
2026-09-13T15:45:25Z,18181,,0,37200,60911,39.395874,-3.2055266,False,449002
2026-09-13T15:45:25Z,02371,,1,51003,60000,37.79078,-5.1844325,True,"100001,100004"
2026-09-13T15:45:25Z,01161,,12,71801,60911,40.590755,0.4440477,True,130044
2026-09-13T15:45:25Z,00192,,0,17000,37606,39.97878,-4.2831454,False,730011
2026-09-13T15:45:25Z,35623,,13,65000,61307,38.845314,-0.8401309,False,"599016,599045"
2026-09-13T15:45:25Z,03981,,25,51003,03216,37.831257,-4.963128,False,112008
2026-09-13T15:45:25Z,18907,,6,10000,30110,40.804066,-4.873037,False,599041
2026-09-13T15:45:25Z,04151,,-1,17000,15410,43.16446,-5.8302164,False,106062
2026-09-13T15:45:25Z,15918,,3,71801,79315,42.34937,3.1298,False,"447112,447133"
2026-09-13T15:45:25Z,18904,,5,30100,10000,40.80397,-4.871721,False,599001
2026-09-13T15:45:25Z,15874,,3,79315,71801,42.270725,2.973724,False,449029
2026-09-13T15:45:25Z,09162,,-1,08223,31412,43.215866,-8.448501,False,121003
2026-09-13T15:45:25Z,09160,,0,22100,31412,43.309235,-8.454579,True,121005
2026-09-13T15:45:25Z,17810,,0,37406,37606,38.89849,-6.1246057,False,599012
2026-09-13T15:45:25Z,14547,,2,61307,61200,37.818768,-0.95074505,False,592216
2026-09-13T15:45:25Z,18034,,1,17000,50202,40.406128,-3.689053,False,449049
2026-09-13T15:45:25Z,15045,,-3,79400,73100,41.27879,1.9793912,False,470114
2026-09-13T15:45:25Z,15044,,10,73100,79400,41.2105,1.7112235,False,447026
2026-09-13T15:45:25Z,03931,,11,51003,71801,38.11589,-4.5041747,True,"102009,102015"
2026-09-13T15:45:25Z,04345,,-4,17000,31412,42.870983,-8.5434675,False,106056
2026-09-13T15:45:25Z,05951,,34,65300,60000,40.40115,-3.6816454,False,100007
2026-09-13T15:45:25Z,02162,,8,60000,54413,38.711014,-4.093749,True,102006
2026-09-13T15:45:25Z,02161,,25,51003,60000,38.81259,-4.0679116,False,100013
2026-09-13T15:45:25Z,05155,,22,03216,17000,40.35447,-3.6726677,False,106011
2026-09-13T15:45:25Z,02160,,8,60000,51003,37.94166,-4.662285,True,103010
2026-09-13T15:45:25Z,01192,,10,60911,71801,38.856674,-0.8024646,True,130033
2026-09-13T15:45:25Z,02165,,85,51405,60000,36.46883,-6.206287,True,"130032,130041"
2026-09-13T15:45:25Z,02164,,7,60000,51405,38.164795,-4.5062547,False,130001
2026-09-13T15:45:25Z,05792,,0,11014,61200,41.856792,-4.518605,False,112022
2026-09-13T15:45:25Z,17907,,-8,40100,18000,39.894566,-5.5488367,False,599044
2026-09-13T15:45:25Z,02163,,19,54413,60000,38.70587,-4.0964985,True,"102002,102008"
2026-09-13T15:45:25Z,05153,,9,60911,17000,40.034115,-2.1439385,True,"112001,112017"
2026-09-13T15:45:25Z,17505,,5,79400,71300,41.17172,1.05313,False,447167
2026-09-13T15:45:25Z,15726,,14,71801,79309,41.90797,2.8073258,False,"449026,449030"
2026-09-13T15:45:25Z,18316,,3,10600,30110,41.20735,-5.125606,False,599003
2026-09-13T15:45:25Z,13942,,0,05000,56310,36.951424,-2.4875443,False,599020
2026-09-13T15:45:25Z,00530,,16,71801,11500,42.162964,-1.665143,True,120012
2026-09-13T15:45:25Z,01463,,14,65000,61307,38.399815,-0.5409011,True,"252070,6B1"
2026-09-13T15:45:25Z,02156,,4,60000,51003,37.5258,-5.888995,False,112020
2026-09-13T15:45:25Z,04334,,0,31412,17000,42.06393,-7.1341825,False,106051
2026-09-13T15:45:25Z,02151,,2,51003,60000,40.10461,-3.790173,True,102010
2026-09-13T15:45:25Z,04176,,1,11500,11200,43.085453,-2.321404,True,120056
2026-09-13T15:45:25Z,04179,,0,17000,20200,40.76192,-3.7567585,False,121009
2026-09-13T15:45:25Z,09742,,3,87303,71801,42.93785,3.0161,False,100021
2026-09-13T15:45:25Z,05382,,6,22100,60911,41.52624,-5.71739,False,112005
2026-09-13T15:45:25Z,08377,,6,71801,04307,41.83765,2.740915,False,100010
2026-09-13T15:45:25Z,02153,,17,54413,60000,40.331367,-3.6509762,False,103019
2026-09-13T15:45:25Z,02152,,7,60000,54413,37.599438,-4.8991733,False,102014
2026-09-13T15:45:25Z,13035,,12,50202,17000,39.19522,-3.2270384,False,449012
2026-09-13T15:45:25Z,14003,,10,65000,60911,38.440018,-0.816807,False,"447009,447015"
2026-09-13T15:45:25Z,04170,,4,16403,17000,43.366764,-5.85472,True,130007
2026-09-13T15:45:25Z,14406,,2,60600,65000,38.81678,-0.99747026,False,599014
2026-09-13T15:45:25Z,13039,,20,51003,43019,37.409966,-6.144833,False,449015
2026-09-13T16:00:52Z,18014,,10,11505,10000,42.105106,-4.16881,False,449046
2026-09-13T16:00:52Z,13083,,11,50500,51003,37.485004,-5.9343224,False,449021
2026-09-13T16:00:52Z,18131,,0,79400,65400,41.122093,1.1274807,False,470071
2026-09-13T16:00:52Z,00609,,30,60000,80100,42.21875,-1.7152619,False,120058
2026-09-13T16:00:52Z,15784,,2,79300,71801,41.847687,2.8058515,False,"449022,449034"
2026-09-13T16:00:52Z,18133,,0,79400,65400,41.37975,2.1416435,False,449028
2026-09-13T16:00:52Z,00606,,5,80100,60000,40.80373,-2.9204133,False,120055
2026-09-13T16:00:52Z,00563,,26,80100,71801,41.716053,-1.0074675,True,"120005,120010"
2026-09-13T16:00:52Z,18096,,7,65000,65400,39.43948,-0.35174787,False,"470095,470116"
2026-09-13T16:00:52Z,18130,,2,65400,79400,41.111366,1.2533424,False,"448001,448025"
2026-09-13T16:00:52Z,16070,,-4,81100,71100,42.17305,-1.6934022,False,464231
2026-09-13T16:00:52Z,00280,,10,11200,13200,43.0577,-2.9961784,False,470041
2026-09-13T16:00:52Z,05178,,6,10600,60911,40.045433,-2.558234,False,106012
2026-09-13T16:00:52Z,03152,,-2,71801,60000,40.352203,-3.6697583,True,103009
2026-09-13T16:00:52Z,08163,,-1,60000,60600,39.981815,-3.1253505,False,104008
2026-09-13T16:00:52Z,05170,,44,15100,03216,40.47407,-3.680763,True,112002
2026-09-13T16:00:52Z,05171,,0,03216,11014,42.200275,-4.7989926,False,112010
2026-09-13T16:00:52Z,18777,,2,37606,37200,38.724117,-5.22668,False,599021
2026-09-13T16:00:52Z,18779,,0,51003,30002,37.853554,-5.7373343,False,599047
2026-09-13T16:00:52Z,18027,,10,65000,37200,38.94462,-0.634382,False,470115
2026-09-13T16:00:52Z,00437,,-1,81100,71801,42.460133,-2.400022,True,120053
2026-09-13T16:00:52Z,14464,,1,65300,65312,40.04473,0.038616195,False,447086
2026-09-13T16:00:52Z,15035,,1,79400,71300,41.23592,1.8403363,False,447034
2026-09-13T16:00:52Z,17056,,6,04040,71300,41.234406,0.1427755,False,470123
2026-09-13T16:00:52Z,03942,,48,71801,51003,41.529316,-0.24437055,True,"102013,112013"
2026-09-13T16:00:52Z,03305,,11,60000,71801,41.626915,0.53293395,False,"103022,103024"
2026-09-13T16:00:52Z,08835,,2,54413,05000,37.185368,-3.6167243,False,104009
2026-09-13T16:00:52Z,01402,,7,60911,71801,38.55161,-0.82106435,True,130002
2026-09-13T16:00:52Z,02173,,17,54413,60000,37.641117,-4.942047,True,112014
2026-09-13T16:00:52Z,05200,,0,15100,03216,42.466225,-5.517759,False,112021
2026-09-13T16:00:52Z,02172,,0,60000,54413,39.652824,-3.800626,True,112009
2026-09-13T16:00:52Z,03143,,5,60000,04307,41.379074,2.139723,False,100017
2026-09-13T16:00:52Z,02171,,1,51003,60000,37.47168,-5.948567,True,103018
2026-09-13T16:00:52Z,12604,,-1,20200,15100,42.609528,-6.42227,False,470008
2026-09-13T16:00:52Z,02176,,4,60000,51003,39.01275,-3.9236863,False,112019
2026-09-13T16:00:52Z,05162,,5,17000,60911,38.904186,-1.4992324,True,112015
2026-09-13T16:00:52Z,12608,,10,22200,20200,42.457985,-7.3441477,False,594012
2026-09-13T16:00:52Z,13015,,17,51003,50500,37.47993,-5.9399147,False,449005
2026-09-13T16:00:52Z,12960,,5,22100,31400,42.72823,-8.276622,False,599032
2026-09-13T16:00:52Z,12685,,0,21010,31412,43.472336,-8.175046,False,594102
2026-09-13T16:00:52Z,15038,,0,71210,79400,41.122993,0.82856137,False,447181
2026-09-13T16:00:52Z,05160,,14,17000,03216,39.52837,-1.892389,False,106008
2026-09-13T16:00:52Z,13014,,3,51003,51405,36.60946,-6.211303,False,449010
2026-09-13T16:00:52Z,18029,,5,11200,71100,42.17272,-1.6925172,False,470110
2026-09-13T16:00:52Z,12602,,-4,20200,15004,42.45945,-6.0470614,False,440239
2026-09-13T16:00:52Z,71802,,0,05193,21010,43.517235,-8.161411,False,527021
2026-09-13T16:00:52Z,13017,,14,51405,51003,36.584682,-6.2160606,False,449048
2026-09-13T16:00:52Z,02366,,5,60000,56310,38.66307,-4.222723,False,730018
2026-09-13T16:00:52Z,02365,,16,43019,60000,37.66419,-5.539628,True,120064
2026-09-13T16:00:52Z,18075,,6,71100,81100,41.722538,-1.0203216,False,470085
2026-09-13T16:00:52Z,00622,,29,71801,08223,42.406986,-5.946364,True,130037
2026-09-13T16:00:52Z,04786,,-1,11200,17000,42.480717,-3.4199426,False,121020
2026-09-13T16:00:52Z,00621,,8,08223,71801,42.55755,-1.6496451,True,130010
2026-09-13T16:00:52Z,02360,,14,60000,51003,38.37239,-4.4807477,False,100005
2026-09-13T16:00:52Z,04143,,27,60911,14223,43.349575,-3.9324121,True,130042
2026-09-13T16:00:52Z,03171,,1,60000,71801,41.255993,-1.9500871,True,103026
2026-09-13T16:00:52Z,13907,,6,54413,51003,37.324394,-5.4515915,False,598021
2026-09-13T16:00:52Z,00460,,-1,65000,71801,39.75026,-0.21706432,True,130045
2026-09-13T16:00:52Z,03172,,5,71801,60000,41.61698,0.25933868,True,103014
2026-09-13T16:00:52Z,04140,,13,15410,60911,42.19944,-4.7977285,True,130008
2026-09-13T16:00:52Z,01152,,3,65000,04307,41.38733,1.7448359,False,130029
2026-09-13T16:00:52Z,02361,,22,51003,60000,38.33911,-4.5279927,True,100002
2026-09-13T16:00:52Z,13906,,5,51003,54413,37.22228,-4.893699,False,598018
2026-09-13T16:00:52Z,04384,,6,08223,17000,42.57545,-8.705592,False,106065
2026-09-13T16:00:52Z,18913,,0,10000,30110,40.447292,-3.7923722,False,599037
2026-09-13T16:00:52Z,03170,,6,71801,60000,41.187405,1.3055353,False,103008
2026-09-13T16:00:52Z,15642,,-2,04040,74217,42.24679,-0.67896944,False,594014
2026-09-13T16:00:52Z,71813,,13,21010,15211,43.686348,-7.84965,False,527015
2026-09-13T16:00:52Z,13226,,1,50500,50502,37.884544,-4.7990136,False,446060
2026-09-13T16:00:52Z,71833,,1,15211,14223,43.4594,-5.0546904,False,527031
2026-09-13T16:00:52Z,18003,,6,10000,11000,40.65174,-4.6749873,False,449039
2026-09-13T16:00:52Z,71832,,5,15211,21010,43.536385,-6.7200036,False,527013
2026-09-13T16:00:52Z,00613,,2,60000,80100,40.524944,-3.2043512,True,"120007,120008"
2026-09-13T16:00:52Z,18006,,13,11000,10000,41.59488,-4.751562,False,449006
2026-09-13T16:00:52Z,38112,,11,11505,10000,40.56696,-4.295443,False,449057
2026-09-13T16:00:52Z,18083,,10,60911,37200,38.7169,-0.9604075,False,449025
2026-09-13T16:00:52Z,13909,,2,54413,51003,36.889572,-4.7367644,False,"598001,598008"
2026-09-13T16:00:52Z,00694,,10,50202,71801,39.921528,-0.10291973,True,130036
2026-09-13T16:00:52Z,04257,,4,17000,11500,42.85062,-2.7066088,True,121019
2026-09-13T16:00:52Z,05742,,20,60000,61200,38.07841,-0.943383,False,102003
2026-09-13T16:00:52Z,05863,,0,61200,60000,39.625393,-1.9553641,False,112003
2026-09-13T16:00:52Z,04375,,0,17000,31412,41.292286,-4.9334283,False,106064
2026-09-13T16:00:52Z,15816,,3,71801,79315,41.65446,2.4267128,False,447062
2026-09-13T16:00:52Z,00295,,-1,37606,17000,38.91366,-6.598857,False,730024
2026-09-13T16:00:52Z,08178,,0,10600,17000,41.469013,-4.7880416,False,"114006,114012"
2026-09-13T16:00:52Z,08179,,0,17000,10600,41.63349,-4.7356715,False,"114001,114008"
2026-09-13T16:00:52Z,08575,,7,05000,51003,37.533497,-4.8656774,False,104017
2026-09-13T16:00:52Z,03162,,14,04307,60000,41.65846,-0.91110337,False,103012
2026-09-13T16:00:52Z,03163,,1,60000,71801,41.639942,-0.975814,True,103005
2026-09-13T16:00:52Z,15016,,8,71400,79400,41.268406,1.9650099,False,"447055,447170"
2026-09-13T16:00:52Z,08172,,0,60000,92102,40.1878,-3.7503612,False,114003
2026-09-13T16:00:52Z,05183,,-1,60911,15100,38.75462,-0.9488729,False,112030
2026-09-13T16:00:52Z,14202,,2,61307,65000,38.2437,-0.74441546,False,"599006,599015"
2026-09-13T16:00:52Z,08170,,2,60000,37700,39.20338,-3.8626592,False,100019
2026-09-13T16:00:52Z,18128,,12,65400,79400,41.39203,2.1646564,False,"448004,448014"
2026-09-13T16:00:52Z,08171,,3,37700,60000,39.269516,-3.8830492,False,104015
2026-09-13T16:00:52Z,18008,,5,11208,10000,42.690903,-2.9411867,False,470129
2026-09-13T16:00:52Z,15657,,29,78400,04040,41.652718,-0.89602864,False,470101
2026-09-13T16:00:52Z,18215,,4,14100,15100,42.42581,-5.208388,False,470106
2026-09-13T16:00:52Z,18330,,1,60400,37606,38.74034,-4.7308517,False,599004
2026-09-13T16:00:52Z,04565,,9,17000,08223,42.303772,-7.8525076,False,106057
2026-09-13T16:00:52Z,15509,,0,78400,04040,41.620914,0.6328743,False,448007
2026-09-13T16:00:52Z,04166,,3,11500,17000,42.28354,-3.8953364,True,121029
2026-09-13T16:00:52Z,04167,,3,17000,11500,40.573364,-3.7109625,True,"130004,130009"
2026-09-13T16:00:52Z,04161,,0,17000,15410,42.05213,-4.58889,False,106063
2026-09-13T16:00:52Z,04162,,8,14223,17000,42.76344,-4.250701,True,121010
2026-09-13T16:00:52Z,09173,,2,31412,08223,42.596848,-8.751361,False,"121004,121011"
2026-09-13T16:00:52Z,03192,,4,04307,60000,41.93057,2.7899022,False,103020
2026-09-13T16:00:52Z,09172,,0,08223,31412,42.45871,-8.644708,False,121018
2026-09-13T16:00:52Z,15626,,31,78400,78600,41.7387,1.6230403,False,447122
2026-09-13T16:00:52Z,09171,,0,31412,22100,42.756508,-8.288005,True,121008
2026-09-13T16:00:52Z,18104,,13,14223,14104,43.058353,-4.0842385,False,470156
2026-09-13T16:00:52Z,18065,,1,10000,11208,40.538624,-4.157997,False,449047
2026-09-13T16:00:52Z,71852,,10,14223,15211,43.42085,-4.758936,False,527031
2026-09-13T16:00:52Z,12484,,2,22308,31400,42.60213,-8.7620535,False,599034
2026-09-13T16:00:52Z,15870,,1,79315,71801,41.63364,2.387688,False,447124
2026-09-13T16:00:52Z,17012,,0,18000,37500,39.990864,-6.142445,False,599049
2026-09-13T16:00:52Z,18063,,11,10000,11505,42.649178,-3.0135467,False,449001
2026-09-13T16:00:52Z,02135,,0,51405,60000,40.401012,-3.681208,False,120059
2026-09-13T16:00:52Z,00632,,-2,04040,30100,42.87808,-1.7647215,True,121023
2026-09-13T16:00:52Z,18181,,0,37200,60911,39.276745,-2.7833695,False,449002
2026-09-13T16:00:52Z,02371,,-1,51003,60000,37.886925,-4.7928824,True,"100001,100004"
2026-09-13T16:00:52Z,01161,,13,71801,60911,40.34837,0.2756685,True,130044
2026-09-13T16:00:52Z,00192,,1,17000,37606,39.976673,-4.712899,False,730011
2026-09-13T16:00:52Z,35623,,10,65000,61307,38.759174,-0.92652905,False,"599016,599045"
2026-09-13T16:00:52Z,03981,,21,51003,03216,37.913883,-4.714945,False,112008
2026-09-13T16:00:52Z,02375,,-2,43019,51003,37.309875,-6.8463535,False,121027
2026-09-13T16:00:52Z,18907,,2,10000,30110,40.866062,-5.133345,False,599041
2026-09-13T16:00:52Z,04151,,-4,17000,15410,43.277615,-5.8126063,False,106062
2026-09-13T16:00:52Z,18904,,7,30100,10000,40.74641,-4.758587,False,599001
2026-09-13T16:00:52Z,15874,,1,79315,71801,42.12347,2.966617,False,449029
2026-09-13T16:00:52Z,09162,,-2,08223,31412,43.351006,-8.412004,False,121003
2026-09-13T16:00:52Z,09160,,0,22100,31412,43.35197,-8.41087,True,121005
2026-09-13T16:00:52Z,17810,,0,37406,37606,38.879753,-6.3195314,False,599012
2026-09-13T16:00:52Z,15878,,0,79315,71801,42.37692,3.1520047,False,449042
2026-09-13T16:00:52Z,18034,,4,17000,50202,40.258926,-3.7043355,False,449049
2026-09-13T16:00:52Z,15045,,1,79400,73100,41.225697,1.7775494,False,470114
2026-09-13T16:00:52Z,15044,,9,73100,79400,41.257847,1.917406,False,447026
2026-09-13T16:00:52Z,03931,,13,51003,71801,38.528175,-4.4312525,True,"102009,102015"
2026-09-13T16:00:52Z,04345,,0,17000,31412,43.09578,-8.475959,False,106056
2026-09-13T16:00:52Z,02162,,9,60000,54413,38.650352,-4.353001,True,102006
2026-09-13T16:00:52Z,02161,,26,51003,60000,39.15132,-3.8653555,False,100013
2026-09-13T16:00:52Z,02160,,10,60000,51003,37.847515,-4.915799,True,103010
2026-09-13T16:00:52Z,01192,,8,60911,71801,38.98031,-0.561243,True,130033
2026-09-13T16:00:52Z,02165,,89,51405,60000,36.605587,-6.2146726,True,"130032,130041"
2026-09-13T16:00:52Z,02164,,4,60000,51405,37.888126,-4.790188,False,130001
2026-09-13T16:00:52Z,05792,,-2,11014,61200,41.641666,-4.7279363,False,112022
2026-09-13T16:00:52Z,17907,,0,40100,18000,39.910667,-5.251696,False,599044
2026-09-13T16:00:52Z,02163,,21,54413,60000,39.060497,-3.9075475,True,"102002,102008"
2026-09-13T16:00:52Z,05153,,7,60911,17000,40.008392,-2.9164302,True,"112001,112017"
2026-09-13T16:00:52Z,17505,,0,79400,71300,41.14614,0.9261548,False,447167
2026-09-13T16:00:52Z,15726,,14,71801,79309,42.030434,2.887893,False,"449026,449030"
2026-09-13T16:00:52Z,18316,,4,10600,30110,41.08612,-5.390098,False,599003
2026-09-13T16:00:52Z,18322,,1,10600,31200,41.539135,-4.7595615,False,599022
2026-09-13T16:00:52Z,18043,,9,60600,17000,39.111588,-2.0004401,False,449044
2026-09-13T16:00:52Z,00530,,14,71801,11500,42.345097,-1.703667,True,120012
2026-09-13T16:00:52Z,01463,,16,65000,61307,38.345467,-0.49562812,True,"252070,334004,334019,6B1"
2026-09-13T16:00:52Z,02151,,-1,51003,60000,40.3842,-3.6788497,True,102010
2026-09-13T16:00:52Z,04176,,4,13200,17000,42.993397,-3.0179927,True,120065
2026-09-13T16:00:52Z,09742,,11,87303,71801,42.769955,2.8661666,False,100021
2026-09-13T16:00:52Z,04179,,0,17000,20200,40.913376,-4.103623,False,121009
2026-09-13T16:00:52Z,08377,,4,71801,04307,42.05463,2.834388,False,100010
2026-09-13T16:00:52Z,05382,,9,22100,60911,41.37672,-5.1745453,False,112005
2026-09-13T16:00:52Z,02152,,17,60000,54413,37.083126,-4.722421,False,102014
2026-09-13T16:00:52Z,13035,,11,50202,17000,39.406677,-3.2172413,False,449012
2026-09-13T16:00:52Z,14003,,15,65000,60911,38.406235,-0.65023386,False,"447009,447015"
2026-09-13T16:00:52Z,04170,,7,16403,17000,43.269955,-5.810464,True,130007
2026-09-13T16:00:52Z,14406,,6,60600,65000,38.801937,-0.8887186,False,599014
2026-09-13T16:00:52Z,15219,,0,71500,65411,41.10556,1.1865329,False,449018
2026-09-13T16:00:52Z,35968,,5,71801,04104,41.342186,2.114352,True,120002
2026-09-13T16:00:52Z,13039,,23,51003,43019,37.318424,-6.2600102,False,449015
2026-09-13T16:15:24Z,18014,,7,11505,10000,41.955276,-4.4496174,False,449046
2026-09-13T16:15:24Z,15020,,0,71400,79400,41.1131,1.1503444,False,448006
2026-09-13T16:15:24Z,00609,,30,60000,80100,42.4356,-1.6303396,False,120058
2026-09-13T16:15:24Z,18131,,1,79400,65400,41.021515,0.9305623,False,470071
2026-09-13T16:15:24Z,15784,,1,79300,71801,41.7529,2.6600158,False,"449022,449034"
2026-09-13T16:15:24Z,18132,,2,65400,79400,40.80719,0.522854,False,"470119,470187"
2026-09-13T16:15:24Z,13086,,0,42008,43019,37.908318,-6.7630544,False,598016
2026-09-13T16:15:24Z,18133,,0,79400,65400,41.31249,2.0366845,False,449028
2026-09-13T16:15:24Z,00606,,4,80100,60000,40.452618,-3.320858,False,120055
2026-09-13T16:15:24Z,00563,,31,80100,71801,41.660522,-0.91643643,True,"120005,120010"
2026-09-13T16:15:24Z,18096,,4,65000,65400,39.588375,-0.3118693,False,"470095,470116"
2026-09-13T16:15:24Z,18130,,5,65400,79400,41.111366,1.2533424,False,"448001,448025"
2026-09-13T16:15:24Z,16070,,-1,81100,71100,42.059383,-1.5975338,False,464231
2026-09-13T16:15:24Z,00280,,8,11200,13200,43.201447,-2.8991187,False,470041
2026-09-13T16:15:24Z,05178,,7,10600,60911,40.0334,-2.1429255,False,106012
2026-09-13T16:15:24Z,02183,,12,54413,60000,36.85683,-4.690437,True,102016
2026-09-13T16:15:24Z,08163,,-3,60000,60600,40.053375,-2.4747367,False,104008
2026-09-13T16:15:24Z,05170,,43,15100,03216,40.469543,-3.682703,True,112002
2026-09-13T16:15:24Z,05171,,-1,03216,11014,42.08369,-4.624653,False,112010
2026-09-13T16:15:24Z,02180,,4,60000,51003,40.30412,-3.661202,True,100003
2026-09-13T16:15:24Z,18777,,1,37606,37200,38.740387,-4.7302876,False,599021
2026-09-13T16:15:24Z,18779,,0,51003,30002,37.837246,-5.7623816,False,599047
2026-09-13T16:15:24Z,18027,,5,65000,37200,38.836506,-0.86474466,False,470115
2026-09-13T16:15:24Z,00437,,-1,81100,71801,42.407913,-2.123132,True,120053
2026-09-13T16:15:24Z,14464,,1,65300,65312,40.092266,0.13998784,False,447086
2026-09-13T16:15:24Z,15035,,5,79400,71300,41.208233,1.7061558,False,447034
2026-09-13T16:15:24Z,17056,,8,04040,71300,41.22487,0.35099548,False,470123
2026-09-13T16:15:24Z,03942,,48,71801,51003,41.62781,-0.8608511,True,"102013,112013"
2026-09-13T16:15:24Z,03305,,10,60000,71801,41.616524,0.6387811,False,"103022,103024"
2026-09-13T16:15:24Z,01402,,8,60911,71801,38.647568,-0.8780035,True,130002
2026-09-13T16:15:24Z,02173,,23,54413,60000,37.861473,-4.8687196,True,112014
2026-09-13T16:15:24Z,05200,,-7,15100,03216,42.20137,-4.8006444,False,112021
2026-09-13T16:15:24Z,02172,,-2,60000,54413,39.111996,-3.8824713,True,112009
2026-09-13T16:15:24Z,03143,,5,60000,04307,41.442688,2.1955283,False,100017
2026-09-13T16:15:24Z,02171,,0,51003,60000,37.712425,-5.37391,True,103018
2026-09-13T16:15:24Z,12604,,-4,20200,15100,42.59562,-6.328864,False,470008
2026-09-13T16:15:24Z,02176,,4,60000,51003,38.86045,-4.0070677,False,112019
2026-09-13T16:15:24Z,05162,,2,17000,60911,38.59868,-0.87884843,True,112015
2026-09-13T16:15:24Z,12608,,9,22200,20200,42.41985,-7.219421,False,594012
2026-09-13T16:15:24Z,14467,,0,65312,65300,40.458054,0.44292116,False,447014
2026-09-13T16:15:24Z,13015,,17,51003,50500,37.581554,-5.669844,False,449005
2026-09-13T16:15:24Z,12960,,6,22100,31400,42.783024,-8.4562845,False,599032
2026-09-13T16:15:24Z,12685,,0,21010,31412,43.411873,-8.18034,False,594102
2026-09-13T16:15:24Z,15038,,-1,71210,79400,41.14827,0.9337894,False,447181
2026-09-13T16:15:24Z,05160,,17,17000,03216,39.55003,-1.2825477,False,106008
2026-09-13T16:15:24Z,13014,,6,51003,51405,36.4764,-6.1903796,False,449010
2026-09-13T16:15:24Z,18029,,-1,11200,71100,41.996986,-1.5153829,False,470110
2026-09-13T16:15:24Z,12602,,8,20200,15004,42.414436,-5.9639616,False,440239
2026-09-13T16:15:24Z,13017,,19,51405,51003,36.60378,-6.2177763,False,449048
2026-09-13T16:15:24Z,02366,,7,60000,56310,38.45101,-4.439035,False,730018
2026-09-13T16:15:24Z,18075,,5,71100,81100,41.787945,-1.1676637,False,470085
2026-09-13T16:15:24Z,02365,,16,43019,60000,37.836487,-4.952703,True,120064
2026-09-13T16:15:24Z,00622,,29,71801,08223,42.529617,-6.0635386,True,130037
2026-09-13T16:15:24Z,04786,,-1,11200,17000,42.39866,-3.5181382,False,121020
2026-09-13T16:15:24Z,00621,,10,08223,71801,42.48508,-1.6496615,True,130010
2026-09-13T16:15:24Z,02360,,16,60000,51003,38.044094,-4.526831,False,100005
2026-09-13T16:15:24Z,13907,,6,54413,51003,37.21551,-5.6385474,False,598021
2026-09-13T16:15:24Z,03171,,-3,60000,71801,41.57847,-1.3198154,True,103026
2026-09-13T16:15:24Z,00460,,1,65000,71801,39.93393,-0.0956639,True,130045
2026-09-13T16:15:24Z,03172,,6,71801,60000,41.53638,-0.44919127,True,103014
2026-09-13T16:15:24Z,01152,,1,65000,04307,41.345528,2.1147373,False,130029
2026-09-13T16:15:24Z,08187,,-2,78400,71801,41.52931,0.79770786,False,120006
2026-09-13T16:15:24Z,02361,,25,51003,60000,38.666992,-4.3245645,True,100002
2026-09-13T16:15:24Z,13906,,5,51003,54413,37.062305,-4.721011,False,598018
2026-09-13T16:15:24Z,04384,,11,08223,17000,42.6015,-8.761724,False,106065
2026-09-13T16:15:24Z,18913,,2,10000,30110,40.507954,-3.87414,False,599037
2026-09-13T16:15:24Z,03170,,9,71801,60000,41.424374,0.95667046,False,103008
2026-09-13T16:15:24Z,15642,,5,04040,74217,42.34578,-0.7315757,False,594014
2026-09-13T16:15:24Z,71813,,13,21010,15211,43.686348,-7.84965,False,527015
2026-09-13T16:15:24Z,18003,,5,10000,11000,40.75401,-4.6466756,False,449039
2026-09-13T16:15:24Z,71832,,5,15211,21010,43.536385,-6.7200036,False,527013
2026-09-13T16:15:24Z,18006,,12,11000,10000,41.355064,-4.862641,False,449006
2026-09-13T16:15:24Z,00613,,0,60000,80100,40.869976,-2.773433,True,"120007,120008"
2026-09-13T16:15:24Z,38112,,9,11505,10000,40.537582,-4.1683607,False,449057
2026-09-13T16:15:24Z,18083,,10,60911,37200,38.86752,-1.1053693,False,449025
2026-09-13T16:15:24Z,13909,,4,54413,51003,36.93134,-4.7844195,False,"598001,598008"
2026-09-13T16:15:24Z,00694,,12,50202,71801,39.989613,-0.050784986,True,130036
2026-09-13T16:15:24Z,04257,,6,17000,11500,42.83991,-2.4614336,True,121019
2026-09-13T16:15:24Z,05863,,0,61200,60000,40.03392,-2.1436636,False,112003
2026-09-13T16:15:24Z,04375,,0,17000,31412,41.38368,-5.2711816,False,106064
2026-09-13T16:15:24Z,15816,,0,71801,79315,41.735683,2.604534,False,447062
2026-09-13T16:15:24Z,00295,,6,37606,17000,38.91668,-6.4473314,False,730024
2026-09-13T16:15:24Z,08178,,0,10600,17000,41.116573,-4.435735,False,"114006,114012"
2026-09-13T16:15:24Z,08575,,11,05000,51003,37.74451,-5.0192027,False,104017
2026-09-13T16:15:24Z,03162,,14,04307,60000,41.669685,-1.2739741,False,103012
2026-09-13T16:15:24Z,03163,,1,60000,71801,41.591717,-0.8240763,True,103005
2026-09-13T16:15:24Z,15016,,16,71400,79400,41.327477,2.0801055,False,"447055,447170"
2026-09-13T16:15:24Z,08172,,-3,60000,92102,39.86257,-4.0089884,False,114003
2026-09-13T16:15:24Z,05183,,-4,60911,15100,38.920895,-1.6121883,False,112030
2026-09-13T16:15:24Z,14202,,6,61307,65000,38.279797,-0.6448294,False,"599006,599015"
2026-09-13T16:15:24Z,05182,,8,17000,60911,40.406456,-3.691254,False,106010
2026-09-13T16:15:24Z,08170,,2,60000,37700,38.98432,-3.9125366,False,100019
2026-09-13T16:15:24Z,18008,,7,11208,10000,42.613953,-3.2638025,False,470129
2026-09-13T16:15:24Z,08171,,2,37700,60000,39.754795,-3.8184211,False,104015
2026-09-13T16:15:24Z,18215,,5,14100,15100,42.45978,-5.386712,False,470106
2026-09-13T16:15:24Z,18330,,-6,60400,37606,38.72419,-4.873813,False,599004
2026-09-13T16:15:24Z,95531,,66,72305,79100,41.406223,2.183596,False,465241
2026-09-13T16:15:24Z,04565,,9,17000,08223,42.350533,-7.872692,False,106057
2026-09-13T16:15:24Z,15509,,4,78400,04040,41.730392,0.44489872,False,448007
2026-09-13T16:15:24Z,04166,,0,11500,17000,41.942936,-4.444068,True,121029
2026-09-13T16:15:24Z,04161,,-4,17000,15410,42.27771,-4.9772215,False,106063
2026-09-13T16:15:24Z,04162,,8,14223,17000,42.61607,-4.316255,True,121010
2026-09-13T16:15:24Z,02384,,0,60000,43019,40.340275,-3.6584342,True,120051
2026-09-13T16:15:24Z,09173,,4,31412,08223,42.422226,-8.635405,False,"121004,121011"
2026-09-13T16:15:24Z,03192,,3,04307,60000,41.63673,2.407025,False,103020
2026-09-13T16:15:24Z,15627,,35,78600,78400,41.675552,1.212629,False,447096
2026-09-13T16:15:24Z,09172,,4,08223,31412,42.602264,-8.762119,False,121018
2026-09-13T16:15:24Z,15626,,35,78400,78600,41.726913,1.7579322,False,447122
2026-09-13T16:15:24Z,09171,,-2,31412,22100,42.41621,-8.004707,True,121008
2026-09-13T16:15:24Z,18104,,11,14223,14104,42.994743,-4.140312,False,470156
2026-09-13T16:15:24Z,18065,,2,10000,11208,40.568794,-4.269143,False,449047
2026-09-13T16:15:24Z,71852,,6,14223,15211,43.42085,-4.758936,False,527031
2026-09-13T16:15:24Z,12484,,4,22308,31400,42.661686,-8.736037,False,599034
2026-09-13T16:15:24Z,15870,,0,79315,71801,41.53455,2.218618,False,447124
2026-09-13T16:15:24Z,17012,,1,18000,37500,39.792847,-6.3647666,False,599049
2026-09-13T16:15:24Z,18063,,13,10000,11505,42.690903,-2.9411867,False,449001
2026-09-13T16:15:24Z,00632,,-9,04040,30100,42.903988,-2.0843878,True,121023
2026-09-13T16:15:24Z,18181,,0,37200,60911,39.260685,-2.598502,False,449002
2026-09-13T16:15:24Z,02371,,4,51003,60000,38.033028,-4.554825,True,"100001,100004"
2026-09-13T16:15:24Z,01161,,16,71801,60911,40.1564,0.16267732,True,130044
2026-09-13T16:15:24Z,00192,,-3,17000,37606,39.970726,-4.8265333,False,730011
2026-09-13T16:15:24Z,35623,,9,65000,61307,38.631767,-0.867864,False,"599016,599045"
2026-09-13T16:15:24Z,03981,,21,51003,03216,38.25014,-4.569727,False,112008
2026-09-13T16:15:24Z,02375,,0,43019,51003,37.389244,-6.5668154,False,121027
2026-09-13T16:15:24Z,03182,,0,71801,60000,41.451942,1.9842985,False,103002
2026-09-13T16:15:24Z,18907,,4,10000,30110,40.964417,-5.400551,False,599041
2026-09-13T16:15:24Z,04151,,1,17000,15410,43.366184,-5.855457,False,106062
2026-09-13T16:15:24Z,15874,,4,79315,71801,42.027363,2.8750553,False,449029
2026-09-13T16:15:24Z,18904,,8,30100,10000,40.660633,-4.6840897,False,599001
2026-09-13T16:15:24Z,17810,,-3,37406,37606,38.92148,-6.342703,False,599012
2026-09-13T16:15:24Z,15878,,0,79315,71801,42.29922,3.0374446,False,449042
2026-09-13T16:15:24Z,15046,,0,78400,73003,41.614902,0.6434328,False,447110
2026-09-13T16:15:24Z,15045,,3,79400,73100,41.192413,1.6064769,False,470114
2026-09-13T16:15:24Z,18034,,3,17000,50202,40.08942,-3.631172,False,449049
2026-09-13T16:15:24Z,15044,,15,73100,79400,41.32125,2.0621123,False,447026
2026-09-13T16:15:24Z,03931,,17,51003,71801,38.678104,-4.1446633,True,"102009,102015"
2026-09-13T16:15:24Z,04345,,-5,17000,31412,43.34906,-8.414553,False,106056
2026-09-13T16:15:24Z,02162,,11,60000,54413,38.24788,-4.568978,True,102006
2026-09-13T16:15:24Z,02161,,27,51003,60000,39.67984,-3.8010552,False,100013
2026-09-13T16:15:24Z,02160,,9,60000,51003,37.737305,-5.3024645,True,103010
2026-09-13T16:15:24Z,01192,,5,60911,71801,39.21978,-0.43959263,True,130033
2026-09-13T16:15:24Z,02165,,89,51405,60000,36.68075,-6.126697,True,"130032,130041"
2026-09-13T16:15:24Z,02164,,3,60000,51405,37.795055,-5.157279,False,130001
2026-09-13T16:15:24Z,05792,,0,11014,61200,41.320236,-4.729424,False,112022
2026-09-13T16:15:24Z,17907,,0,40100,18000,39.890125,-4.97466,False,599044
2026-09-13T16:15:24Z,02163,,23,54413,60000,39.51215,-3.8266835,True,"102002,102008"
2026-09-13T16:15:24Z,05153,,6,60911,17000,40.020134,-3.651689,True,"112001,112017"
2026-09-13T16:15:24Z,17505,,0,79400,71300,41.13834,0.79981697,False,447167
2026-09-13T16:15:24Z,15726,,16,71801,79309,42.168453,2.9903078,False,"449026,449030"
2026-09-13T16:15:24Z,18316,,3,10600,30110,40.971485,-5.648833,False,599003
2026-09-13T16:15:24Z,13944,,0,05000,56310,37.190464,-3.6182263,False,599010
2026-09-13T16:15:24Z,18322,,3,10600,31200,41.422215,-4.8014283,False,599022
2026-09-13T16:15:24Z,18043,,7,60600,17000,39.19927,-2.1629605,False,449044
2026-09-13T16:15:24Z,00530,,12,71801,11500,42.52259,-1.671959,True,120012
2026-09-13T16:15:24Z,01463,,14,65000,61307,38.34467,-0.49552664,True,"252070,334004,334019,6B1"
2026-09-13T16:15:24Z,04975,,7,17000,08223,40.479713,-3.6783845,False,106055
2026-09-13T16:15:24Z,04176,,-2,11500,11200,42.868557,-2.285539,True,120056
2026-09-13T16:15:24Z,01182,,3,65000,71801,39.458668,-0.3406251,True,130031
2026-09-13T16:15:24Z,09742,,11,87303,71801,42.690178,2.8780832,False,100021
2026-09-13T16:15:24Z,04179,,0,17000,20200,41.238903,-4.630061,False,121009
2026-09-13T16:15:24Z,05382,,9,22100,60911,41.197903,-4.5378747,False,112005
2026-09-13T16:15:24Z,02153,,-1,60000,04307,40.398975,-3.5213995,False,103013
2026-09-13T16:15:24Z,02152,,1,60000,54413,36.696144,-4.472524,False,102014
2026-09-13T16:15:24Z,13035,,14,50202,17000,39.62765,-3.3307555,False,449012
2026-09-13T16:15:24Z,14003,,21,65000,60911,38.394306,-0.52861583,False,"447009,447015"
2026-09-13T16:15:24Z,04170,,1,16403,17000,43.1592,-5.8312564,True,130007
2026-09-13T16:15:24Z,09183,,10,31412,08223,43.346333,-8.418177,False,121003
2026-09-13T16:15:24Z,14406,,2,60600,65000,38.887424,-0.74082226,False,599014
2026-09-13T16:15:24Z,35968,,5,71801,04104,41.375168,1.72948,True,120002
2026-09-13T16:15:24Z,13039,,23,51003,43019,37.396336,-6.389237,False,449015
2026-09-13T16:30:35Z,18014,,4,11505,10000,41.91728,-4.496049,False,449046
2026-09-13T16:30:35Z,15020,,0,71400,79400,41.111366,1.2533424,False,448006
2026-09-13T16:30:35Z,13083,,13,51003,51405,37.321503,-5.9642534,False,449021
2026-09-13T16:30:35Z,00609,,31,60000,80100,42.59315,-1.6505065,False,120058
2026-09-13T16:30:35Z,18131,,0,79400,65400,40.8861,0.8006144,False,470071
2026-09-13T16:30:35Z,15784,,-2,79300,71801,41.636242,2.3574843,False,"449022,449034"
2026-09-13T16:30:35Z,18132,,6,65400,79400,40.753696,0.6141503,False,"470119,470187"
2026-09-13T16:30:35Z,13086,,0,42008,43019,37.927906,-6.7732344,False,598016
2026-09-13T16:30:35Z,18133,,-1,79400,65400,41.235027,1.7925388,False,449028
2026-09-13T16:30:35Z,00606,,0,80100,60000,40.37603,-3.6815012,False,120055
2026-09-13T16:30:35Z,13241,,3,50502,50413,37.87641,-4.8191214,False,446060
2026-09-13T16:30:35Z,00563,,31,80100,71801,41.658775,-0.9107285,True,"120005,120010"
2026-09-13T16:30:35Z,18096,,8,65000,65400,39.675682,-0.27140725,False,"470095,470116"
2026-09-13T16:30:35Z,18130,,8,65400,79400,41.185974,1.524699,False,"448001,448025"
2026-09-13T16:30:35Z,16070,,-3,81100,71100,41.91487,-1.4200882,False,464231
2026-09-13T16:30:35Z,00280,,11,11200,13200,43.23999,-2.9239025,False,470041
2026-09-13T16:30:35Z,05178,,11,10600,60911,39.627846,-1.9545883,False,106012
2026-09-13T16:30:35Z,02183,,13,54413,60000,37.24708,-4.7687373,True,102016
2026-09-13T16:30:35Z,08163,,-14,60000,60600,40.03379,-2.1434805,False,104008
2026-09-13T16:30:35Z,05170,,44,15100,03216,40.34885,-3.6675904,True,112002
2026-09-13T16:30:35Z,05171,,-2,03216,11014,41.90545,-4.505651,False,112010
2026-09-13T16:30:35Z,18777,,1,37606,37200,38.740387,-4.7302876,False,599021
2026-09-13T16:30:35Z,02180,,3,60000,51003,39.77796,-3.8334787,True,100003
2026-09-13T16:30:35Z,18779,,2,51003,30002,38.032043,-5.7582917,False,599047
2026-09-13T16:30:35Z,18027,,5,65000,37200,38.765453,-0.95414275,False,470115
2026-09-13T16:30:35Z,00437,,-5,81100,71801,42.310966,-1.9580936,True,120053
2026-09-13T16:30:35Z,14464,,3,65300,65312,40.304623,0.22888201,False,447086
2026-09-13T16:30:35Z,15035,,8,79400,71300,41.185974,1.524699,False,447034
2026-09-13T16:30:35Z,17056,,9,04040,71300,41.248653,0.4809413,False,470123
2026-09-13T16:30:35Z,03942,,54,71801,51003,41.65833,-0.91063976,True,"102013,112013"
2026-09-13T16:30:35Z,03305,,12,60000,71801,41.412037,1.015389,False,"103022,103024"
2026-09-13T16:30:35Z,01402,,6,60911,71801,38.79874,-0.8900918,True,130002
2026-09-13T16:30:35Z,02173,,30,54413,60000,37.955067,-4.613679,True,112014
2026-09-13T16:30:35Z,05200,,-8,15100,03216,42.01585,-4.533889,False,112021
2026-09-13T16:30:35Z,03143,,1,60000,04307,41.72635,2.5674527,False,100017
2026-09-13T16:30:35Z,02172,,0,60000,54413,38.880054,-3.9826987,True,112009
2026-09-13T16:30:35Z,02171,,-4,51003,60000,37.877316,-4.815673,True,103018
2026-09-13T16:30:35Z,12604,,-8,20200,15100,42.639538,-6.2237744,False,470008
2026-09-13T16:30:35Z,02176,,8,60000,51003,38.66981,-4.271514,False,112019
2026-09-13T16:30:35Z,05162,,1,17000,60911,38.36534,-0.5933243,True,112015
2026-09-13T16:30:35Z,12608,,7,22200,20200,42.39325,-7.1071434,False,594012
2026-09-13T16:30:35Z,14467,,1,65312,65300,40.318554,0.23466624,False,447014
2026-09-13T16:30:35Z,13015,,19,51003,50500,37.66125,-5.531011,False,449005
2026-09-13T16:30:35Z,04190,,0,15410,17000,43.541706,-5.7228594,False,106052
2026-09-13T16:30:35Z,12685,,8,21010,31412,43.284237,-8.215845,False,594102
2026-09-13T16:30:35Z,15038,,-1,71210,79400,41.160538,1.0902665,False,447181
2026-09-13T16:30:35Z,05160,,19,17000,03216,39.470367,-0.6743836,False,106008
2026-09-13T16:30:35Z,18029,,-1,11200,71100,41.91493,-1.4201784,False,470110
2026-09-13T16:30:35Z,12602,,1,20200,15004,42.528996,-5.733063,False,440239
2026-09-13T16:30:35Z,13017,,23,51405,51003,36.75603,-6.062259,False,449048
2026-09-13T16:30:35Z,02366,,9,60000,56310,38.25348,-4.570833,False,730018
2026-09-13T16:30:35Z,18075,,6,71100,81100,41.82614,-1.2439785,False,470085
2026-09-13T16:30:35Z,02365,,16,43019,60000,37.909435,-4.7380486,True,120064
2026-09-13T16:30:35Z,00622,,29,71801,08223,42.639763,-6.2261734,True,130037
2026-09-13T16:30:35Z,04786,,0,11200,17000,42.370968,-3.6673324,False,121020
2026-09-13T16:30:35Z,00621,,22,08223,71801,42.389008,-1.6409202,True,130010
2026-09-13T16:30:35Z,02360,,14,60000,51003,37.887714,-4.791111,False,100005
2026-09-13T16:30:35Z,10513,,8,54405,54403,36.83917,-4.699612,False,464220
2026-09-13T16:30:35Z,13907,,2,54413,51003,37.287056,-5.9229937,False,598021
2026-09-13T16:30:35Z,03171,,-3,60000,71801,41.527706,-0.71047103,True,103026
2026-09-13T16:30:35Z,00460,,-1,65000,71801,40.049927,0.045812972,True,130045
2026-09-13T16:30:35Z,04140,,22,15410,60911,41.867443,-4.5132303,True,130008
2026-09-13T16:30:35Z,03172,,4,71801,60000,41.658424,-0.91098344,True,103014
2026-09-13T16:30:35Z,01152,,0,65000,04307,41.379074,2.139723,False,130029
2026-09-13T16:30:35Z,08187,,-2,78400,71801,41.310337,1.1856847,False,120006
2026-09-13T16:30:35Z,02361,,31,51003,60000,38.80188,-4.07138,True,100002
2026-09-13T16:30:35Z,13906,,2,51003,54413,37.037643,-4.727921,False,598018
2026-09-13T16:30:35Z,04384,,9,08223,17000,42.85553,-8.544843,False,106065
2026-09-13T16:30:35Z,18913,,3,10000,30110,40.622215,-4.0219917,False,599037
2026-09-13T16:30:35Z,03170,,10,71801,60000,41.61983,0.27929562,False,103008
2026-09-13T16:30:35Z,15642,,5,04040,74217,42.403084,-0.6405527,False,594014
2026-09-13T16:30:35Z,08181,,7,37700,60000,38.97545,-3.9088354,False,100011
2026-09-13T16:30:35Z,71813,,13,21010,15211,43.686348,-7.84965,False,527015
2026-09-13T16:30:35Z,18003,,2,10000,11000,41.0537,-4.7042665,False,449039
2026-09-13T16:30:35Z,18005,,1,10000,11000,40.444553,-3.759627,False,449009
2026-09-13T16:30:35Z,71832,,5,15211,21010,43.536385,-6.7200036,False,527013
2026-09-13T16:30:35Z,00613,,-3,60000,80100,41.176704,-2.236621,True,"120007,120008"
2026-09-13T16:30:35Z,18006,,12,11000,10000,41.20857,-4.808659,False,449006
2026-09-13T16:30:35Z,38112,,10,11505,10000,40.625942,-4.0062304,False,449057
2026-09-13T16:30:35Z,18083,,11,60911,37200,38.91289,-1.3955241,False,449025
2026-09-13T16:30:35Z,13909,,6,54413,51003,37.042812,-4.7239,False,"598001,598008"
2026-09-13T16:30:35Z,00694,,12,50202,71801,40.213398,0.20055152,True,130036
2026-09-13T16:30:35Z,04257,,6,17000,11500,42.93031,-2.2328749,True,121019
2026-09-13T16:30:35Z,05863,,0,61200,60000,40.019104,-2.8425949,False,112003
2026-09-13T16:30:35Z,04375,,11,17000,31412,41.51739,-5.737341,False,106064
2026-09-13T16:30:35Z,15816,,0,71801,79315,41.835934,2.794197,False,447062
2026-09-13T16:30:35Z,08178,,0,10600,17000,40.90969,-4.0929303,False,"114006,114012"
2026-09-13T16:30:35Z,00295,,9,37606,17000,38.922707,-6.348867,False,730024
2026-09-13T16:30:35Z,08575,,13,05000,51003,37.882927,-4.802263,False,104017
2026-09-13T16:30:35Z,03162,,14,04307,60000,41.353363,-1.6257107,False,103012
2026-09-13T16:30:35Z,03163,,3,60000,71801,41.529686,-0.31048277,True,103005
2026-09-13T16:30:35Z,15017,,-1,79400,71400,41.39203,2.1646564,False,470070
2026-09-13T16:30:35Z,15016,,16,71400,79400,41.379074,2.139723,False,"447055,447170"
2026-09-13T16:30:35Z,05183,,-5,60911,15100,38.999825,-1.846983,False,112030
2026-09-13T16:30:35Z,15653,,0,74217,04040,42.6883,-0.52343816,False,594008
2026-09-13T16:30:35Z,14202,,7,61307,65000,38.289875,-0.5820326,False,"599006,599015"
2026-09-13T16:30:35Z,05182,,8,17000,60911,40.25583,-3.7365453,False,106010
2026-09-13T16:30:35Z,08170,,5,60000,37700,38.830223,-4.055396,False,100019
2026-09-13T16:30:35Z,18008,,9,11208,10000,42.542717,-3.3190804,False,470129
2026-09-13T16:30:35Z,08171,,1,37700,60000,40.23407,-3.744518,False,104015
2026-09-13T16:30:35Z,18330,,-6,60400,37606,38.719913,-4.9912543,False,599004
2026-09-13T16:30:35Z,95531,,67,72305,79100,41.54355,2.2269416,False,465241
2026-09-13T16:30:35Z,15509,,7,78400,04040,41.84968,0.29123613,False,448007
2026-09-13T16:30:35Z,04166,,-1,11500,17000,41.64225,-4.7263727,True,121029
2026-09-13T16:30:35Z,04167,,6,17000,11500,40.97361,-4.222859,True,"130004,130009"
2026-09-13T16:30:35Z,04161,,-5,17000,15410,42.540894,-5.5715346,False,106063
2026-09-13T16:30:35Z,04162,,6,14223,17000,42.301853,-4.3858714,True,121010
2026-09-13T16:30:35Z,02384,,2,60000,43019,39.89979,-3.8801827,True,120051
2026-09-13T16:30:35Z,09173,,4,31412,08223,42.261703,-8.617075,False,"121004,121011"
2026-09-13T16:30:35Z,03192,,6,04307,60000,41.42239,2.1949162,False,103020
2026-09-13T16:30:35Z,15627,,30,78600,78400,41.632683,1.0125798,False,447096
2026-09-13T16:30:35Z,09172,,5,08223,31412,42.856064,-8.592081,False,121018
2026-09-13T16:30:35Z,15626,,35,78400,78600,41.730137,1.5152185,False,447122
2026-09-13T16:30:35Z,18104,,10,14223,14104,42.87132,-4.165183,False,470156
2026-09-13T16:30:35Z,18065,,3,10000,11208,40.59098,-4.4085426,False,449047
2026-09-13T16:30:35Z,71852,,6,14223,15211,43.42085,-4.758936,False,527031
2026-09-13T16:30:35Z,12484,,9,22308,31400,42.74099,-8.652751,False,599034
2026-09-13T16:30:35Z,15870,,3,79315,71801,41.43293,2.195187,False,447124
2026-09-13T16:30:35Z,17012,,0,18000,37500,39.50594,-6.4276943,False,599049
2026-09-13T16:30:35Z,18063,,14,10000,11505,42.841305,-2.6726842,False,449001
2026-09-13T16:30:35Z,00632,,-10,04040,30100,42.8438,-2.3948205,True,121023
2026-09-13T16:30:35Z,18181,,0,37200,60911,39.260685,-2.598502,False,449002
2026-09-13T16:30:35Z,02371,,4,51003,60000,38.044426,-4.526283,True,"100001,100004"
2026-09-13T16:30:35Z,01161,,17,71801,60911,39.988255,-0.051999886,True,130044
2026-09-13T16:30:35Z,00192,,-1,17000,37606,39.92188,-5.186206,False,730011
2026-09-13T16:30:35Z,35623,,11,65000,61307,38.48479,-0.80087405,False,"599016,599045"
2026-09-13T16:30:35Z,03981,,23,51003,03216,38.64942,-4.353772,False,112008
2026-09-13T16:30:35Z,02375,,6,43019,51003,37.415825,-6.4376407,False,121027
2026-09-13T16:30:35Z,03182,,2,71801,60000,41.177666,1.3835998,False,103002
2026-09-13T16:30:35Z,04151,,4,17000,15410,43.461487,-5.8270836,False,106062
2026-09-13T16:30:35Z,00194,,0,17000,37606,40.416958,-3.7032108,False,730021
2026-09-13T16:30:35Z,14544,,12,61200,61307,37.97463,-1.1315811,False,592017
2026-09-13T16:30:35Z,15874,,8,79315,71801,41.94004,2.8075716,False,449029
2026-09-13T16:30:35Z,18904,,7,30100,10000,40.60803,-4.52715,False,599001
2026-09-13T16:30:35Z,17810,,11,37406,37606,38.936607,-6.416188,False,599012
2026-09-13T16:30:35Z,14304,,2,65400,65000,40.753685,0.5936669,False,"447007,447018"
2026-09-13T16:30:35Z,15878,,-1,79315,71801,42.104385,2.9600964,False,449042
2026-09-13T16:30:35Z,18036,,7,17000,50202,39.780334,-3.6037195,False,449012
2026-09-13T16:30:35Z,16011,,0,11200,11208,42.690903,-2.9411867,False,470094
2026-09-13T16:30:35Z,15046,,4,78400,73003,41.544617,0.82384723,False,447110
2026-09-13T16:30:35Z,15045,,7,79400,73100,41.185974,1.524699,False,470114
2026-09-13T16:30:35Z,18034,,2,17000,50202,39.870186,-3.7115674,False,449049
2026-09-13T16:30:35Z,15044,,16,73100,79400,41.381233,2.1450293,False,447026
2026-09-13T16:30:35Z,03931,,18,51003,71801,38.93323,-3.9486508,True,"102009,102015"
2026-09-13T16:30:35Z,02162,,11,60000,54413,37.909233,-4.7387033,True,102006
2026-09-13T16:30:35Z,02161,,25,51003,60000,40.07982,-3.7960107,False,100013
2026-09-13T16:30:35Z,02160,,6,60000,51003,37.536514,-5.8771377,True,103010
2026-09-13T16:30:35Z,01192,,2,60911,71801,39.440624,-0.38579482,True,130033
2026-09-13T16:30:35Z,08389,,9,17000,10600,40.53037,-3.695334,False,106013
2026-09-13T16:30:35Z,08784,,3,54413,51003,36.74512,-4.602151,False,104006
2026-09-13T16:30:35Z,02165,,89,51405,60000,36.913593,-6.0948744,True,"130032,130041"
2026-09-13T16:30:35Z,02164,,1,60000,51405,37.58619,-5.6529875,False,130001
2026-09-13T16:30:35Z,05792,,-1,11014,61200,40.91184,-4.099022,False,112022
2026-09-13T16:30:35Z,17907,,-3,40100,18000,39.970654,-4.826786,False,599044
2026-09-13T16:30:35Z,02163,,20,54413,60000,40.00628,-3.8315263,True,"102002,102008"
2026-09-13T16:30:35Z,05153,,5,60911,17000,40.378754,-3.6829712,True,"112001,112017"
2026-09-13T16:30:35Z,17505,,0,79400,71300,41.13109,0.81038415,False,447167
2026-09-13T16:30:35Z,04181,,2,60911,15410,40.474045,-3.680776,True,130038
2026-09-13T16:30:35Z,13944,,0,05000,56310,37.332466,-3.5962677,False,599010
2026-09-13T16:30:35Z,18322,,-1,10600,31200,41.317135,-4.9101467,False,599022
2026-09-13T16:30:35Z,18043,,6,60600,17000,39.260685,-2.598502,False,449044
2026-09-13T16:30:35Z,00530,,11,71801,11500,42.635532,-1.6364577,True,120012
2026-09-13T16:30:35Z,01463,,10,65000,61307,38.300293,-0.5318618,True,"334004,334019,6B1"
2026-09-13T16:30:35Z,18042,,0,17000,60600,40.47428,-3.6817195,False,449043
2026-09-13T16:30:35Z,04975,,7,17000,08223,40.775776,-3.7731621,False,106055
2026-09-13T16:30:35Z,04176,,-2,11500,11200,42.841225,-2.671935,True,120056
2026-09-13T16:30:35Z,01182,,2,65000,71801,39.739647,-0.22479698,True,130031
2026-09-13T16:30:35Z,01181,,-1,71801,60911,41.46969,1.8704736,True,130039
2026-09-13T16:30:35Z,09742,,11,87303,71801,42.32291,2.9173708,False,100021
2026-09-13T16:30:35Z,04179,,-1,17000,20200,41.6356,-4.7346687,False,121009
2026-09-13T16:30:35Z,05382,,10,22100,60911,40.90257,-4.0727215,False,112005
2026-09-13T16:30:35Z,02153,,1,60000,04307,40.691006,-3.0583196,False,103013
2026-09-13T16:30:35Z,13035,,16,50202,17000,39.780334,-3.6037195,False,449012
2026-09-13T16:30:35Z,15730,,1,71801,79309,41.42163,2.1945622,False,"449014,449038"
2026-09-13T16:30:35Z,14400,,4,60600,65000,38.90492,-1.6895393,False,"470090,470118"
2026-09-13T16:30:35Z,09183,,13,31412,08223,43.0343,-8.450223,False,121003
2026-09-13T16:30:35Z,09182,,-1,08223,31412,42.422405,-8.635376,False,121026
2026-09-13T16:30:35Z,14406,,-3,60600,65000,38.992935,-0.5231017,False,599014
2026-09-13T16:30:35Z,13039,,26,51003,43019,37.38303,-6.6180043,False,449015
2026-09-13T16:45:24Z,18014,,2,11505,10000,41.708702,-4.669515,False,449046
2026-09-13T16:45:24Z,15020,,2,71400,79400,41.142723,1.4057415,False,448006
2026-09-13T16:45:24Z,13083,,14,51003,51405,37.206524,-5.8143435,False,449021
2026-09-13T16:45:24Z,00609,,31,60000,80100,42.740036,-1.6277808,False,120058
2026-09-13T16:45:24Z,18131,,1,79400,65400,40.8861,0.8006144,False,470071
2026-09-13T16:45:24Z,15784,,-1,79300,71801,41.552315,2.2532797,False,"449022,449034"
2026-09-13T16:45:24Z,18132,,6,65400,79400,40.753696,0.6141503,False,"470119,470187"
2026-09-13T16:45:24Z,13086,,7,42008,43019,37.7727,-6.872772,False,598016
2026-09-13T16:45:24Z,18133,,9,79400,65400,41.220013,1.7550567,False,449028
2026-09-13T16:45:24Z,13241,,2,50502,50413,37.926582,-4.6875396,False,446060
2026-09-13T16:45:24Z,00563,,35,80100,71801,41.536556,-0.46887073,True,"120005,120010"
2026-09-13T16:45:24Z,18096,,12,65000,65400,39.853043,-0.1524669,False,"470095,470116"
2026-09-13T16:45:24Z,18130,,10,65400,79400,41.225132,1.7766484,False,"448001,448025"
2026-09-13T16:45:24Z,16070,,0,81100,71100,41.826645,-1.2449832,False,464231
2026-09-13T16:45:24Z,05178,,13,10600,60911,39.143448,-1.9844944,False,106012
2026-09-13T16:45:24Z,02183,,15,54413,60000,37.58855,-4.8916283,True,102016
2026-09-13T16:45:24Z,02188,,0,60000,54413,40.389355,-3.6738598,False,112029
2026-09-13T16:45:24Z,08163,,1,60000,60600,40.003845,-2.0916765,False,104008
2026-09-13T16:45:24Z,05170,,45,15100,03216,40.00933,-3.6253233,True,112002
2026-09-13T16:45:24Z,02180,,1,60000,51003,39.21892,-3.870179,True,100003
2026-09-13T16:45:24Z,18777,,-3,37606,37200,38.691467,-4.1118674,False,599021
2026-09-13T16:45:24Z,18779,,2,51003,30002,38.133316,-5.855375,False,599047
2026-09-13T16:45:24Z,18027,,5,65000,37200,38.867657,-1.1055931,False,470115
2026-09-13T16:45:24Z,00437,,-1,81100,71801,42.194977,-1.7672082,True,120053
2026-09-13T16:45:24Z,14464,,2,65300,65312,40.427723,0.4150037,False,447086
2026-09-13T16:45:24Z,15035,,7,79400,71300,41.129642,1.3016734,False,447034
2026-09-13T16:45:24Z,17056,,6,04040,71300,41.182396,0.5692338,False,470123
2026-09-13T16:45:24Z,03942,,54,71801,51003,41.532856,-1.3801608,True,"102013,112013"
2026-09-13T16:45:24Z,03305,,16,60000,71801,41.19815,1.2435999,False,"103022,103024"
2026-09-13T16:45:24Z,01402,,7,60911,71801,38.914116,-0.67910403,True,130002
2026-09-13T16:45:24Z,02173,,31,54413,60000,38.2185,-4.5315843,True,112014
2026-09-13T16:45:24Z,05200,,-1,15100,03216,41.832096,-4.5338054,False,112021
2026-09-13T16:45:24Z,02172,,8,60000,54413,38.66909,-4.263368,True,112009
2026-09-13T16:45:24Z,03143,,-3,60000,04307,41.979187,2.8166199,False,100017
2026-09-13T16:45:24Z,02171,,3,51003,60000,37.913376,-4.7157335,True,103018
2026-09-13T16:45:24Z,12604,,0,20200,15100,42.632725,-6.201022,False,470008
2026-09-13T16:45:24Z,02176,,10,60000,51003,38.327785,-4.5491843,False,112019
2026-09-13T16:45:24Z,02175,,32,51405,60000,36.467953,-6.2068644,False,130034
2026-09-13T16:45:24Z,12608,,8,22200,20200,42.41421,-6.9763284,False,594012
2026-09-13T16:45:24Z,14467,,1,65312,65300,40.195667,0.1822972,False,447014
2026-09-13T16:45:24Z,04190,,-1,15410,17000,43.429672,-5.808803,False,106052
2026-09-13T16:45:24Z,13015,,19,51003,50500,37.718216,-5.292845,False,449005
2026-09-13T16:45:24Z,12685,,9,21010,31412,43.27072,-8.225962,False,594102
2026-09-13T16:45:24Z,15038,,-1,71210,79400,41.11245,1.1516576,False,447181
2026-09-13T16:45:24Z,18029,,1,11200,71100,41.787945,-1.1676637,False,470110
2026-09-13T16:45:24Z,12602,,-6,20200,15004,42.598106,-5.5914416,False,440239
2026-09-13T16:45:24Z,13017,,24,51405,51003,36.930943,-6.09183,False,449048
2026-09-13T16:45:24Z,71823,,0,15211,05571,43.36646,-5.8551083,False,433019
2026-09-13T16:45:24Z,02366,,17,60000,56310,37.935543,-4.6760244,False,730018
2026-09-13T16:45:24Z,18075,,5,71100,81100,41.996986,-1.5153829,False,470085
2026-09-13T16:45:24Z,02365,,16,43019,60000,38.166946,-4.50563,True,120064
2026-09-13T16:45:24Z,00622,,31,71801,08223,42.603157,-6.3073,True,130037
2026-09-13T16:45:24Z,04786,,0,11200,17000,42.19468,-4.0316567,False,121020
2026-09-13T16:45:24Z,00621,,35,08223,71801,42.34142,-1.7098131,True,130010
2026-09-13T16:45:24Z,02360,,16,60000,51003,37.795517,-5.15548,False,100005
2026-09-13T16:45:24Z,13907,,8,54413,51003,37.345432,-5.968635,False,598021
2026-09-13T16:45:24Z,03171,,-1,60000,71801,41.527157,-0.09680543,True,103026
2026-09-13T16:45:24Z,00460,,-3,65000,71801,40.26011,0.2546952,True,130045
2026-09-13T16:45:24Z,03172,,7,71801,60000,41.692593,-1.169626,True,103014
2026-09-13T16:45:24Z,01152,,0,65000,04307,41.379074,2.139723,False,130029
2026-09-13T16:45:24Z,08187,,1,78400,71801,41.177746,1.3845963,False,120006
2026-09-13T16:45:24Z,02361,,35,51003,60000,38.989685,-3.9160173,True,100002
2026-09-13T16:45:24Z,04384,,9,08223,17000,42.59928,-8.117395,False,106065
2026-09-13T16:45:24Z,13906,,4,51003,54413,36.91316,-4.7575655,False,598018
2026-09-13T16:45:24Z,18913,,3,10000,30110,40.56008,-4.1373215,False,599037
2026-09-13T16:45:24Z,15642,,5,04040,74217,42.42412,-0.46496376,False,594014
2026-09-13T16:45:24Z,03170,,11,71801,60000,41.534718,-0.38057184,False,103008
2026-09-13T16:45:24Z,08181,,10,37700,60000,39.21946,-3.87057,False,100011
2026-09-13T16:45:24Z,71813,,13,21010,15211,43.686348,-7.84965,False,527015
2026-09-13T16:45:24Z,18003,,3,10000,11000,41.307465,-4.9090247,False,449039
2026-09-13T16:45:24Z,18005,,2,10000,11000,40.46552,-3.8077927,False,449009
2026-09-13T16:45:24Z,71832,,5,15211,21010,43.536007,-7.055802,False,"527013,527015"
2026-09-13T16:45:24Z,18006,,15,11000,10000,40.994553,-4.656667,False,449006
2026-09-13T16:45:24Z,00613,,-7,60000,80100,41.356567,-1.6203024,True,"120007,120008"
2026-09-13T16:45:24Z,38112,,7,11505,10000,40.50849,-3.874194,False,449057
2026-09-13T16:45:24Z,18083,,9,60911,37200,38.946777,-1.7740657,False,449025
2026-09-13T16:45:24Z,13909,,6,54413,51003,37.13259,-4.7372785,False,"598001,598008"
2026-09-13T16:45:24Z,00694,,10,50202,71801,40.412266,0.39293715,True,130036
2026-09-13T16:45:24Z,04257,,7,17000,11500,43.026554,-2.3341117,True,121019
2026-09-13T16:45:24Z,05863,,-1,61200,60000,40.008823,-3.623877,False,112003
2026-09-13T16:45:24Z,04375,,18,17000,31412,41.625946,-5.790064,False,106064
2026-09-13T16:45:24Z,15816,,-1,71801,79315,41.973988,2.8146498,False,447062
2026-09-13T16:45:24Z,00295,,7,37606,17000,39.120884,-6.3652306,False,730024
2026-09-13T16:45:24Z,08178,,5,10600,17000,40.83815,-3.8892744,False,"114006,114012"
2026-09-13T16:45:24Z,05184,,3,17000,03216,40.399426,-3.6776068,False,106011
2026-09-13T16:45:24Z,08575,,13,05000,51003,37.869946,-4.8403125,False,104017
2026-09-13T16:45:24Z,03162,,11,04307,60000,41.206932,-2.1414878,False,103012
2026-09-13T16:45:24Z,01382,,1,65000,71801,39.466072,-0.37742963,True,"252052,6B3,6B7"
2026-09-13T16:45:24Z,03163,,4,60000,71801,41.615498,0.33183143,True,103005
2026-09-13T16:45:24Z,05181,,-2,03216,17000,39.462364,-0.69974566,False,112024
2026-09-13T16:45:24Z,15017,,0,79400,71400,41.314568,2.042716,False,470070
2026-09-13T16:45:24Z,05183,,0,60911,15100,39.447273,-1.9948943,False,112030
2026-09-13T16:45:24Z,05182,,6,17000,60911,39.953915,-3.2815268,False,106010
2026-09-13T16:45:24Z,15653,,0,74217,04040,42.7513,-0.5144094,False,594008
2026-09-13T16:45:24Z,14202,,14,61307,65000,38.328968,-0.5086686,False,"599006,599015"
2026-09-13T16:45:24Z,18008,,9,11208,10000,42.39538,-3.565279,False,470129
2026-09-13T16:45:24Z,15659,,0,74200,04040,42.089954,-0.4215644,False,594010
2026-09-13T16:45:24Z,18330,,-6,60400,37606,38.740387,-4.7302876,False,599004
2026-09-13T16:45:24Z,15509,,9,78400,04040,41.913868,0.19691658,False,448007
2026-09-13T16:45:24Z,04166,,0,11500,17000,41.472816,-4.7862406,True,121029
2026-09-13T16:45:24Z,02380,,2,60000,51003,40.25814,-3.7338626,True,100014
2026-09-13T16:45:24Z,04167,,5,17000,11500,41.353024,-4.760396,True,"130004,130009"
2026-09-13T16:45:24Z,04161,,-6,17000,15410,42.595062,-5.5819435,False,106063
2026-09-13T16:45:24Z,04162,,2,14223,17000,42.035267,-4.5531363,True,121010
2026-09-13T16:45:24Z,02384,,-1,60000,43019,39.38869,-3.8378844,True,120051
2026-09-13T16:45:24Z,03192,,8,04307,60000,41.379074,2.139723,False,103020
2026-09-13T16:45:24Z,15627,,24,78600,78400,41.63116,0.80925965,False,447096
2026-09-13T16:45:24Z,09172,,6,08223,31412,42.87861,-8.5249605,False,121018
2026-09-13T16:45:24Z,18104,,12,14223,14104,42.785267,-4.233622,False,470156
2026-09-13T16:45:24Z,18065,,3,10000,11208,40.64677,-4.6238337,False,449047
2026-09-13T16:45:24Z,71852,,6,14223,15211,43.42085,-4.758936,False,527031
2026-09-13T16:45:24Z,12484,,9,22308,31400,42.861275,-8.572913,False,599034
2026-09-13T16:45:24Z,17012,,4,18000,37500,39.414463,-6.396738,False,599049
2026-09-13T16:45:24Z,18063,,24,10000,11505,42.841305,-2.6726778,False,449001
2026-09-13T16:45:24Z,00632,,-10,04040,30100,42.841217,-2.671887,True,121023
2026-09-13T16:45:24Z,18181,,1,37200,60911,39.03671,-1.8899187,False,449002
2026-09-13T16:45:24Z,00192,,0,17000,37606,39.92188,-5.186206,False,730011
2026-09-13T16:45:24Z,02371,,21,51003,60000,38.336365,-4.5358047,True,"100001,100004"
2026-09-13T16:45:24Z,01161,,16,71801,60911,39.847214,-0.15456046,True,130044
2026-09-13T16:45:24Z,35623,,14,65000,61307,38.40725,-0.61478645,False,"599016,599045"
2026-09-13T16:45:24Z,03981,,26,51003,03216,38.69144,-4.1118765,False,112008
2026-09-13T16:45:24Z,02375,,5,43019,51003,37.351913,-6.2230506,False,121027
2026-09-13T16:45:24Z,03182,,5,71801,60000,41.22818,1.203066,False,103002
2026-09-13T16:45:24Z,03183,,0,60000,71801,40.345196,-3.5923536,True,"103016,103023"
2026-09-13T16:45:24Z,00194,,1,17000,37606,40.406128,-3.689053,False,730021
2026-09-13T16:45:24Z,14544,,14,61200,61307,37.990597,-1.0607129,False,592017
2026-09-13T16:45:24Z,12488,,4,22308,31400,42.36945,-8.632037,False,599017
2026-09-13T16:45:24Z,15874,,9,79315,71801,41.807198,2.7444444,False,449029
2026-09-13T16:45:24Z,18904,,8,30100,10000,40.584137,-4.3456197,False,599001
2026-09-13T16:45:24Z,03180,,2,71801,60000,41.428814,1.8140664,True,103006
2026-09-13T16:45:24Z,17810,,10,37406,37606,38.91366,-6.5984697,False,599012
2026-09-13T16:45:24Z,14304,,1,65400,65000,40.70293,0.5425749,False,"447007,447018"
2026-09-13T16:45:24Z,15878,,0,79315,71801,42.027363,2.8750553,False,449042
2026-09-13T16:45:24Z,18036,,7,17000,50202,39.940735,-3.7441506,False,449012
2026-09-13T16:45:24Z,16011,,-1,11200,11208,42.816025,-2.8048563,False,470094
2026-09-13T16:45:24Z,15045,,9,79400,73100,41.22342,1.3764572,False,470114
2026-09-13T16:45:24Z,18034,,3,17000,50202,39.707184,-3.4630938,False,449049
2026-09-13T16:45:24Z,03931,,24,51003,71801,39.059017,-3.908324,True,"102009,102015"
2026-09-13T16:45:24Z,04988,,-1,30100,17000,41.08081,-5.4041505,True,121022
2026-09-13T16:45:24Z,02162,,9,60000,54413,37.80033,-4.9925637,True,102006
2026-09-13T16:45:24Z,02161,,21,51003,60000,40.38383,-3.6792245,False,100013
2026-09-13T16:45:24Z,02160,,3,60000,51003,37.400963,-5.9638214,True,103010
2026-09-13T16:45:24Z,01192,,2,60911,71801,39.465042,-0.37765676,True,130033
2026-09-13T16:45:24Z,08784,,7,54413,51003,37.055016,-4.716179,False,104006
2026-09-13T16:45:24Z,02165,,89,51405,60000,37.16427,-5.7868247,True,"130032,130041"
2026-09-13T16:45:24Z,02164,,-13,60000,51405,37.45355,-5.960588,False,130001
2026-09-13T16:45:24Z,05792,,5,11014,61200,40.90275,-4.0732236,False,112022
2026-09-13T16:45:24Z,17907,,-6,40100,18000,39.967667,-4.568131,False,599044
2026-09-13T16:45:24Z,02163,,17,54413,60000,40.340137,-3.6583169,True,"102002,102008"
2026-09-13T16:45:24Z,04181,,2,60911,15410,40.474045,-3.680776,True,130038
2026-09-13T16:45:24Z,13944,,0,05000,56310,37.392906,-3.459772,False,599010
2026-09-13T16:45:24Z,18322,,1,10600,31200,41.375927,-5.093719,False,599022
2026-09-13T16:45:24Z,18043,,6,60600,17000,39.381145,-3.088312,False,449044
2026-09-13T16:45:24Z,00530,,15,71801,11500,42.783577,-1.6565671,True,120012
2026-09-13T16:45:24Z,01463,,13,65000,61307,38.2721,-0.6951361,True,"334019,6B1"
2026-09-13T16:45:24Z,18042,,2,17000,60600,40.406128,-3.689053,False,449043
2026-09-13T16:45:24Z,04334,,6,31412,17000,41.51592,-5.73974,False,106051
2026-09-13T16:45:24Z,04975,,5,17000,08223,41.05432,-4.3766,False,106055
2026-09-13T16:45:24Z,04176,,2,11500,11200,42.81497,-2.8109608,True,120056
2026-09-13T16:45:24Z,01182,,6,65000,71801,39.933876,-0.09571277,True,130031
2026-09-13T16:45:24Z,01181,,-1,71801,60911,41.185955,1.3193364,True,130039
2026-09-13T16:45:24Z,13957,,2,56310,05000,36.951424,-2.4875443,False,599020
2026-09-13T16:45:24Z,09742,,13,87303,71801,42.166645,2.9104948,False,100021
2026-09-13T16:45:24Z,04179,,5,17000,20200,41.649765,-4.711373,False,121009
2026-09-13T16:45:24Z,05382,,8,22100,60911,40.513336,-3.6831949,False,112005
2026-09-13T16:45:24Z,02153,,2,60000,04307,40.961887,-2.5809097,False,103013
2026-09-13T16:45:24Z,13035,,21,50202,17000,39.940735,-3.7441506,False,449012
2026-09-13T16:45:24Z,04170,,-1,16403,17000,42.629715,-5.6091094,True,130007
2026-09-13T16:45:24Z,15730,,0,71801,79309,41.556442,2.265719,False,"449014,449038"
2026-09-13T16:45:24Z,14400,,3,60600,65000,38.93853,-1.3078556,False,"470090,470118"
2026-09-13T16:45:24Z,09183,,11,31412,08223,42.870438,-8.544961,False,121003
2026-09-13T16:45:24Z,09182,,0,08223,31412,42.595524,-8.747208,False,121026
2026-09-13T16:45:24Z,14406,,-1,60600,65000,39.121925,-0.4542617,False,599014
2026-09-13T16:45:24Z,35968,,4,04104,65400,41.139545,1.1639597,True,120002
2026-09-13T16:45:24Z,13039,,21,51003,43019,37.310623,-6.8447356,False,449015
2026-09-13T17:00:48Z,18014,,8,11505,10000,41.64204,-4.7268705,False,449046
2026-09-13T17:00:48Z,15020,,2,71400,79400,41.204132,1.6760368,False,448006
2026-09-13T17:00:48Z,13083,,13,51003,51405,37.01858,-5.945617,False,449021
2026-09-13T17:00:48Z,15784,,4,79300,71801,41.43248,2.1954486,False,"449022,449034"
2026-09-13T17:00:48Z,18131,,-3,79400,65400,40.80719,0.522854,False,470071
2026-09-13T17:00:48Z,18132,,4,65400,79400,40.999844,0.9126038,False,"470119,470187"
2026-09-13T17:00:48Z,18133,,9,79400,65400,41.185978,1.5252827,False,449028
2026-09-13T17:00:48Z,13086,,5,42008,43019,37.644875,-6.878079,False,598016
2026-09-13T17:00:48Z,00563,,38,80100,71801,41.581486,0.13054655,True,"120005,120010"
2026-09-13T17:00:48Z,18096,,13,65000,65400,39.932945,-0.09655001,False,"470095,470116"
2026-09-13T17:00:48Z,18130,,9,65400,79400,41.30181,2.0083146,False,"448001,448025"
2026-09-13T17:00:48Z,16070,,-1,81100,71100,41.736504,-1.0460873,False,464231
2026-09-13T17:00:48Z,05178,,16,10600,60911,38.955475,-1.7876704,False,106012
2026-09-13T17:00:48Z,02183,,18,54413,60000,37.74697,-5.019108,True,102016
2026-09-13T17:00:48Z,02188,,14,60000,54413,40.286407,-3.6914556,False,112029
2026-09-13T17:00:48Z,02187,,1,51003,60000,37.435455,-5.9555535,False,112020
2026-09-13T17:00:48Z,08163,,-1,60000,60600,39.515522,-1.9745272,False,104008
2026-09-13T17:00:48Z,05170,,42,15100,03216,40.0289,-2.7817273,True,112002
2026-09-13T17:00:48Z,15786,,-1,79309,71801,42.11621,2.9607346,False,"449026,449030"
2026-09-13T17:00:48Z,05171,,-3,03216,11014,41.487488,-4.779294,False,112010
2026-09-13T17:00:48Z,18777,,-4,37606,37200,38.88625,-3.9751403,False,599021
2026-09-13T17:00:48Z,02180,,2,60000,51003,38.894855,-3.9666576,True,100003
2026-09-13T17:00:48Z,18779,,2,51003,30002,38.23891,-6.011368,False,599047
2026-09-13T17:00:48Z,18027,,5,65000,37200,38.90617,-1.4913104,False,470115
2026-09-13T17:00:48Z,00437,,-6,81100,71801,42.17301,-1.6932962,True,120053
2026-09-13T17:00:48Z,15035,,8,79400,71300,41.11479,1.1480807,False,447034
2026-09-13T17:00:48Z,03942,,52,71801,51003,41.23272,-2.035261,True,"102013,112013"
2026-09-13T17:00:48Z,03305,,21,60000,71801,41.179047,1.4001389,False,"103022,103024"
2026-09-13T17:00:48Z,01402,,6,60911,71801,39.04155,-0.47445795,True,130002
2026-09-13T17:00:48Z,08955,,23,05000,54413,37.20584,-3.6706707,False,102005
2026-09-13T17:00:48Z,02173,,37,54413,60000,38.564358,-4.4285326,True,112014
2026-09-13T17:00:48Z,05200,,0,15100,03216,41.64202,-4.726922,False,112021
2026-09-13T17:00:48Z,03143,,0,60000,04307,42.229786,2.9492912,False,100017
2026-09-13T17:00:48Z,02172,,11,60000,54413,38.335793,-4.537023,True,112009
2026-09-13T17:00:48Z,02171,,3,51003,60000,38.264057,-4.574329,True,103018
2026-09-13T17:00:48Z,12967,,7,31400,22100,42.856953,-8.523507,False,599034
2026-09-13T17:00:48Z,12604,,1,20200,15100,42.553135,-6.0681276,False,470008
2026-09-13T17:00:48Z,02176,,9,60000,51003,38.039005,-4.54422,False,112019
2026-09-13T17:00:48Z,02175,,32,51405,60000,36.60391,-6.217547,False,130034
2026-09-13T17:00:48Z,12608,,9,22200,20200,42.446205,-6.82198,False,594012
2026-09-13T17:00:48Z,14467,,2,65312,65300,40.0574,0.056304358,False,447014
2026-09-13T17:00:48Z,13015,,22,51003,50500,37.804092,-5.1063423,False,449005
2026-09-13T17:00:48Z,04190,,3,15410,17000,43.366505,-5.8550515,False,106052
2026-09-13T17:00:48Z,12685,,6,21010,31412,43.31794,-8.368608,False,594102
2026-09-13T17:00:48Z,15039,,-1,79400,71300,41.379074,2.139723,False,447175
2026-09-13T17:00:48Z,15038,,0,71210,79400,41.121372,1.2791314,False,447181
2026-09-13T17:00:48Z,18029,,1,11200,71100,41.722538,-1.0203216,False,470110
2026-09-13T17:00:48Z,12602,,1,20200,15004,42.595062,-5.5819435,False,440239
2026-09-13T17:00:48Z,13017,,19,51405,51003,37.183376,-5.790233,False,449048
2026-09-13T17:00:48Z,71823,,0,15211,05571,43.381042,-5.7485323,False,433019
2026-09-13T17:00:48Z,15880,,0,79315,71801,42.27466,2.983538,False,447178
2026-09-13T17:00:48Z,02366,,20,60000,56310,37.8419,-4.9349527,False,730018
2026-09-13T17:00:48Z,02365,,20,43019,60000,38.533142,-4.430054,True,120064
2026-09-13T17:00:48Z,18075,,6,71100,81100,42.059517,-1.5976725,False,470085
2026-09-13T17:00:48Z,08505,,31,05000,51003,37.251884,-3.7651973,False,104009
2026-09-13T17:00:48Z,00622,,32,71801,08223,42.590942,-6.5172505,True,130037
2026-09-13T17:00:48Z,04786,,-1,11200,17000,41.814854,-4.545266,False,121020
2026-09-13T17:00:48Z,00621,,35,08223,71801,42.169643,-1.6832118,True,130010
2026-09-13T17:00:48Z,02360,,17,60000,51003,37.602673,-5.618865,False,100005
2026-09-13T17:00:48Z,03171,,-2,60000,71801,41.56868,0.67241704,True,103026
2026-09-13T17:00:48Z,00460,,-5,65000,71801,40.4277,0.41498193,True,130045
2026-09-13T17:00:48Z,04140,,24,15410,60911,41.37702,-4.7830944,True,130008
2026-09-13T17:00:48Z,03172,,7,71801,60000,41.32742,-1.6821227,True,103014
2026-09-13T17:00:48Z,01152,,12,65000,04307,41.449684,2.1971219,False,130029
2026-09-13T17:00:48Z,08187,,1,78400,71801,41.471863,1.9707116,False,120006
2026-09-13T17:00:48Z,02361,,40,51003,60000,39.435688,-3.8157675,True,100002
2026-09-13T17:00:48Z,13906,,6,51003,54413,36.832672,-4.698213,False,598018
2026-09-13T17:00:48Z,04384,,5,08223,17000,42.357647,-7.88986,False,106065
2026-09-13T17:00:48Z,18913,,2,10000,30110,40.570732,-4.29298,False,599037
2026-09-13T17:00:48Z,08183,,3,92102,60000,40.201004,-3.7495928,False,"114011,114013"
2026-09-13T17:00:48Z,03170,,12,71801,60000,41.681843,-1.1332333,False,103008
2026-09-13T17:00:48Z,15642,,5,04040,74217,42.52029,-0.37344152,False,594014
2026-09-13T17:00:48Z,05193,,0,60911,17000,38.574326,-0.87058896,True,112011
2026-09-13T17:00:48Z,08181,,8,37700,60000,39.740143,-3.814383,False,100011
2026-09-13T17:00:48Z,71813,,13,21010,15211,43.686348,-7.84965,False,527015
2026-09-13T17:00:48Z,18003,,5,10000,11000,41.467274,-4.7837415,False,449039
2026-09-13T17:00:48Z,18005,,0,10000,11000,40.62601,-4.006737,False,449009
2026-09-13T17:00:48Z,00613,,-6,60000,80100,41.68095,-1.2546828,True,"120007,120008"
2026-09-13T17:00:48Z,71832,,5,15211,21010,43.536007,-7.055802,False,"527013,527015"
2026-09-13T17:00:48Z,18006,,14,11000,10000,40.722084,-4.669912,False,449006
2026-09-13T17:00:48Z,38112,,10,11505,10000,40.44858,-3.7855604,False,449057
2026-09-13T17:00:48Z,13230,,0,50413,50506,37.91255,-4.7211523,False,446060
2026-09-13T17:00:48Z,18083,,11,60911,37200,39.107937,-1.9961046,False,449025
2026-09-13T17:00:48Z,05903,,1,61200,60000,37.97463,-1.1315811,False,102003
2026-09-13T17:00:48Z,00694,,12,50202,71801,40.503468,0.45684087,True,130036
2026-09-13T17:00:48Z,13909,,7,54413,51003,37.22228,-4.89346,False,"598001,598008"
2026-09-13T17:00:48Z,04257,,4,17000,11500,43.039783,-2.2558072,True,121019
2026-09-13T17:00:48Z,05863,,-4,61200,60000,40.360878,-3.6749685,False,112003
2026-09-13T17:00:48Z,04375,,16,17000,31412,42.038273,-6.477108,False,106064
2026-09-13T17:00:48Z,02193,,1,54413,02003,36.878246,-4.703918,True,102007
2026-09-13T17:00:48Z,15816,,0,71801,79315,42.039066,2.9240444,False,447062
2026-09-13T17:00:48Z,00295,,0,37606,17000,39.461388,-6.3858676,False,730024
2026-09-13T17:00:48Z,08575,,21,05000,51003,37.754524,-5.2666903,False,104017
2026-09-13T17:00:48Z,05184,,5,17000,03216,40.122272,-3.6809223,False,106011
2026-09-13T17:00:48Z,03162,,12,04307,60000,40.96542,-2.574519,False,103012
2026-09-13T17:00:48Z,01382,,1,65000,71801,39.620384,-0.30291688,True,"252052,6B3,6B7"
2026-09-13T17:00:48Z,03163,,3,60000,71801,41.41201,1.015555,True,103005
2026-09-13T17:00:48Z,05181,,-4,03216,17000,39.522343,-1.1354078,False,112024
2026-09-13T17:00:48Z,15017,,-1,79400,71400,41.2392,1.8097444,False,470070
2026-09-13T17:00:48Z,05183,,0,60911,15100,40.00294,-2.0904438,False,112030
2026-09-13T17:00:48Z,15653,,3,74217,04040,42.577724,-0.5384163,False,594008
2026-09-13T17:00:48Z,14202,,14,61307,65000,38.34481,-0.49677268,False,"599006,599015"
2026-09-13T17:00:48Z,05182,,5,17000,60911,40.05075,-2.4932928,False,106010
2026-09-13T17:00:48Z,02191,,-4,60000,71801,40.33508,-3.6402473,True,103021
2026-09-13T17:00:48Z,15659,,-1,74200,04040,41.99624,-0.61401,False,594010
2026-09-13T17:00:48Z,18008,,10,11208,10000,42.371,-3.6662495,False,470129
2026-09-13T17:00:48Z,18330,,0,60400,37606,38.724117,-5.22668,False,599004
2026-09-13T17:00:48Z,15221,,2,71500,65411,41.107445,1.2063695,False,449018
2026-09-13T17:00:48Z,04565,,6,17000,08223,42.87054,-8.54452,False,106057
2026-09-13T17:00:48Z,15509,,12,78400,04040,41.825546,-0.10791417,False,448007
2026-09-13T17:00:48Z,04166,,1,11500,17000,41.096634,-4.4237933,True,121029
2026-09-13T17:00:48Z,02380,,0,60000,51003,39.66817,-3.7992973,True,100014
2026-09-13T17:00:48Z,04167,,4,17000,11500,41.642746,-4.7251363,True,"130004,130009"
2026-09-13T17:00:48Z,04162,,8,14223,17000,41.986492,-4.5115895,True,121010
2026-09-13T17:00:48Z,02384,,-1,60000,43019,38.939102,-3.9435942,True,120051
2026-09-13T17:00:48Z,03192,,6,04307,60000,41.453194,1.9833438,False,103020
2026-09-13T17:00:48Z,15627,,24,78600,78400,41.6207,0.6339006,False,447096
2026-09-13T17:00:48Z,09172,,5,08223,31412,43.25593,-8.451645,False,121018
2026-09-13T17:00:48Z,18104,,15,14223,14104,42.598667,-4.316397,False,470156
2026-09-13T17:00:48Z,18065,,1,10000,11208,40.80067,-4.6098504,False,449047
2026-09-13T17:00:48Z,71852,,6,14223,15211,43.42085,-4.758936,False,527031
2026-09-13T17:00:48Z,17012,,2,18000,37500,39.069717,-6.3724895,False,599049
2026-09-13T17:00:48Z,18063,,26,10000,11505,42.84625,-2.3890216,False,449001
2026-09-13T17:00:48Z,00632,,0,04040,30100,42.85143,-2.7481835,True,121023
2026-09-13T17:00:48Z,18181,,0,37200,60911,39.00001,-1.8478293,False,449002
2026-09-13T17:00:48Z,00192,,0,17000,37606,39.89499,-5.545679,False,730011
2026-09-13T17:00:48Z,02371,,23,51003,60000,38.671753,-4.3013277,True,"100001,100004"
2026-09-13T17:00:48Z,01161,,19,71801,60911,39.622257,-0.30156004,True,130044
2026-09-13T17:00:48Z,35623,,26,65000,61307,38.396526,-0.5314976,False,"599016,599045"
2026-09-13T17:00:48Z,03981,,30,51003,03216,38.984898,-3.9128802,False,112008
2026-09-13T17:00:48Z,02375,,7,43019,51003,37.425198,-6.0873084,False,121027
2026-09-13T17:00:48Z,03182,,8,71801,60000,41.533424,0.7893606,False,103002
2026-09-13T17:00:48Z,03183,,2,60000,71801,40.601154,-3.1089542,True,"103016,103023"
2026-09-13T17:00:48Z,00194,,3,17000,37606,40.329,-3.7712674,False,730021
2026-09-13T17:00:48Z,14544,,15,61200,61307,37.866795,-0.968693,False,592017
2026-09-13T17:00:48Z,12488,,2,22308,31400,42.487377,-8.649396,False,599017
2026-09-13T17:00:48Z,18904,,8,30100,10000,40.531525,-4.2133107,False,599001
2026-09-13T17:00:48Z,15874,,10,79315,71801,41.698673,2.505858,False,449029
2026-09-13T17:00:48Z,03180,,2,71801,60000,41.257984,1.189438,True,103006
2026-09-13T17:00:48Z,17810,,11,37406,37606,38.932747,-6.789411,False,599012
2026-09-13T17:00:48Z,14304,,1,65400,65000,40.498604,0.459799,False,"447007,447018"
2026-09-13T17:00:48Z,15878,,-1,79315,71801,41.84078,2.800089,False,449042
2026-09-13T17:00:48Z,18036,,7,17000,50202,40.112343,-3.6221902,False,449012
2026-09-13T17:00:48Z,18037,,1,50202,17000,38.644566,-3.451364,False,449003
2026-09-13T17:00:48Z,18034,,4,17000,50202,39.48633,-3.2554226,False,449049
2026-09-13T17:00:48Z,15045,,6,79400,73100,41.289734,1.2588545,False,470114
2026-09-13T17:00:48Z,12690,,6,31412,21010,43.289,-8.313571,False,594105
2026-09-13T17:00:48Z,03931,,20,51003,71801,39.619072,-3.7957346,True,"102009,102015"
2026-09-13T17:00:48Z,04988,,-2,30100,17000,41.249687,-5.041098,True,121022
2026-09-13T17:00:48Z,02162,,9,60000,54413,37.798542,-4.9938416,True,102006
2026-09-13T17:00:48Z,01192,,-1,60911,71801,39.49424,-0.3299051,True,130033
2026-09-13T17:00:48Z,08389,,14,17000,10600,40.97433,-4.2248325,False,106013
2026-09-13T17:00:48Z,02165,,86,51405,60000,37.30545,-5.967984,True,"130032,130041"
2026-09-13T17:00:48Z,08784,,6,54413,51003,37.25,-4.7712603,False,104006
2026-09-13T17:00:48Z,02164,,-5,60000,51405,37.382908,-5.9347196,False,130001
2026-09-13T17:00:48Z,05792,,5,11014,61200,40.517063,-3.684103,False,112022
2026-09-13T17:00:48Z,17907,,-3,40100,18000,39.978817,-4.283371,False,599044
2026-09-13T17:00:48Z,04181,,0,60911,15410,40.47428,-3.6817195,True,130038
2026-09-13T17:00:48Z,13944,,-3,05000,56310,37.407646,-3.2397482,False,599010
2026-09-13T17:00:48Z,18322,,2,10600,31200,41.506916,-5.356871,False,599022
2026-09-13T17:00:48Z,18043,,5,60600,17000,39.395874,-3.2055266,False,449044
2026-09-13T17:00:48Z,13031,,11,51405,51003,36.466347,-6.2079215,False,"449008,449041"
2026-09-13T17:00:48Z,00530,,9,71801,11500,42.8251,-1.6615548,True,120012
2026-09-13T17:00:48Z,01463,,18,65000,61307,38.161182,-0.84153247,True,"334019,6B1"
2026-09-13T17:00:48Z,18042,,3,17000,60600,40.251583,-3.7041051,False,449043
2026-09-13T17:00:48Z,04975,,4,17000,08223,41.291164,-4.9230766,False,106055
2026-09-13T17:00:48Z,04176,,3,13200,17000,42.738483,-2.9186075,True,120065
2026-09-13T17:00:48Z,01182,,8,65000,71801,40.014492,-0.02448965,True,130031
2026-09-13T17:00:48Z,01181,,-1,71801,60911,41.14041,1.1681916,True,130039
2026-09-13T17:00:48Z,13957,,7,56310,05000,37.045025,-2.5249293,False,599020
2026-09-13T17:00:48Z,09742,,13,87303,71801,41.923565,2.7850735,False,100021
2026-09-13T17:00:48Z,04179,,3,17000,20200,41.988426,-4.512825,False,121009
2026-09-13T17:00:48Z,05382,,8,22100,60911,40.47388,-3.6806688,False,112005
2026-09-13T17:00:48Z,02153,,1,60000,04307,41.250988,-1.9597828,False,103013
2026-09-13T17:00:48Z,13035,,23,50202,17000,40.112343,-3.6221902,False,449012
2026-09-13T17:00:48Z,04170,,1,16403,17000,42.54727,-5.5745816,True,130007
2026-09-13T17:00:48Z,15730,,2,71801,79309,41.635834,2.3970602,False,"449014,449038"
2026-09-13T17:00:48Z,14400,,1,60600,65000,38.867657,-1.1055931,False,"470090,470118"
2026-09-13T17:00:48Z,09183,,11,31412,08223,42.689228,-8.7419,False,121003
2026-09-13T17:00:48Z,09182,,1,08223,31412,42.795376,-8.640667,False,121026
2026-09-13T17:00:48Z,14406,,-1,60600,65000,39.343945,-0.41718775,False,599014
2026-09-13T17:00:48Z,35968,,8,04104,65400,41.050816,0.9778772,True,120002
2026-09-13T17:15:24Z,18014,,8,11505,10000,41.421944,-4.801557,False,449046
2026-09-13T17:15:24Z,15020,,6,71400,79400,41.219936,1.7309104,False,448006
2026-09-13T17:15:24Z,13083,,12,51003,51405,36.930943,-6.09183,False,449021
2026-09-13T17:15:24Z,18132,,3,65400,79400,41.08109,1.0452087,False,"470119,470187"
2026-09-13T17:15:24Z,13086,,8,42008,43019,37.651955,-6.876347,False,598016
2026-09-13T17:15:24Z,18133,,10,79400,65400,41.136642,1.3665545,False,449028
2026-09-13T17:15:24Z,00563,,39,80100,71801,41.622875,0.611459,True,"120005,120010"
2026-09-13T17:15:24Z,18096,,10,65000,65400,40.058235,0.05771575,False,"470095,470116"
2026-09-13T17:15:24Z,18130,,6,65400,79400,41.379074,2.139723,False,"448001,448025"
2026-09-13T17:15:24Z,16070,,-2,81100,71100,41.658833,-0.910938,False,464231
2026-09-13T17:15:24Z,05178,,14,10600,60911,38.871704,-1.2092716,False,106012
2026-09-13T17:15:24Z,02183,,26,54413,60000,37.89088,-4.785007,True,102016
2026-09-13T17:15:24Z,02188,,12,60000,54413,39.73175,-3.8122585,False,112029
2026-09-13T17:15:24Z,02187,,0,51003,60000,37.69875,-5.422104,False,112020
2026-09-13T17:15:24Z,08163,,-3,60000,60600,39.02256,-1.8751178,False,104008
2026-09-13T17:15:24Z,05170,,40,15100,03216,39.972645,-2.0594242,True,112002
2026-09-13T17:15:24Z,15786,,0,79309,71801,41.99537,2.825898,False,"449026,449030"
2026-09-13T17:15:24Z,05171,,-7,03216,11014,41.153976,-4.4546156,False,112010
2026-09-13T17:15:24Z,02180,,8,60000,51003,38.661537,-4.209321,True,100003
2026-09-13T17:15:24Z,18779,,0,51003,30002,38.37513,-6.265849,False,599047
2026-09-13T17:15:24Z,18027,,5,65000,37200,38.9666,-1.8051862,False,470115
2026-09-13T17:15:24Z,00437,,4,81100,71801,42.059364,-1.5975127,True,120053
2026-09-13T17:15:24Z,18022,,-1,80100,71100,42.689957,-1.6526284,False,470174
2026-09-13T17:15:24Z,15035,,6,79400,71300,41.170204,1.0544997,False,447034
2026-09-13T17:15:24Z,17056,,-3,71300,79400,41.093662,0.75891894,False,447167
2026-09-13T17:15:24Z,03942,,49,71801,51003,41.048275,-2.4386427,True,"102013,112013"
2026-09-13T17:15:24Z,03305,,24,60000,71801,41.4817,1.8934364,False,"103022,103024"
2026-09-13T17:15:24Z,01402,,3,60911,71801,39.216183,-0.4400403,True,130002
2026-09-13T17:15:24Z,08955,,24,05000,54413,37.170155,-4.1039267,False,102005
2026-09-13T17:15:24Z,02173,,42,54413,60000,38.682224,-4.13313,True,112014
2026-09-13T17:15:24Z,05200,,2,15100,03216,41.377148,-4.783213,False,112021
2026-09-13T17:15:24Z,02172,,11,60000,54413,37.950428,-4.6214986,True,112009
2026-09-13T17:15:24Z,02171,,5,51003,60000,38.6285,-4.3714285,True,103018
2026-09-13T17:15:24Z,12967,,7,31400,22100,42.784615,-8.392574,False,599034
2026-09-13T17:15:24Z,12604,,0,20200,15100,42.41294,-5.923071,False,470008
2026-09-13T17:15:24Z,02176,,9,60000,51003,37.884422,-4.7992873,False,112019
2026-09-13T17:15:24Z,08396,,1,04307,71801,42.230602,2.9493814,False,100010
2026-09-13T17:15:24Z,02175,,30,51405,60000,36.68023,-6.126373,False,130034
2026-09-13T17:15:24Z,12608,,6,22200,20200,42.51655,-6.808262,False,594012
2026-09-13T17:15:24Z,13015,,27,51003,50500,37.821327,-4.9852386,False,449005
2026-09-13T17:15:24Z,04190,,5,15410,17000,43.29493,-5.8150187,False,106052
2026-09-13T17:15:24Z,15039,,0,79400,71300,41.312977,2.038095,False,447175
2026-09-13T17:15:24Z,15038,,1,71210,79400,41.157616,1.4405288,False,447181
2026-09-13T17:15:24Z,04192,,4,14223,17000,43.38959,-3.8632002,True,130042
2026-09-13T17:15:24Z,04193,,1,17000,14223,40.47428,-3.6817195,True,130003
2026-09-13T17:15:24Z,18029,,-2,11200,71100,41.652718,-0.89602864,False,470110
2026-09-13T17:15:24Z,12602,,2,20200,15004,42.48092,-5.5375233,False,440239
2026-09-13T17:15:24Z,13017,,18,51405,51003,37.287285,-5.9234576,False,449048
2026-09-13T17:15:24Z,71803,,1,21010,05193,43.488102,-8.230719,False,527021
2026-09-13T17:15:24Z,71823,,2,15211,05571,43.38804,-5.6649175,False,433019
2026-09-13T17:15:24Z,15880,,1,79315,71801,42.15246,2.9841187,False,447178
2026-09-13T17:15:24Z,02366,,27,60000,56310,37.75471,-5.0181293,False,730018
2026-09-13T17:15:24Z,02365,,24,43019,60000,38.67879,-4.1428523,True,120064
2026-09-13T17:15:24Z,18075,,10,71100,81100,42.18659,-1.7481643,False,470085
2026-09-13T17:15:24Z,08505,,32,05000,51003,37.174175,-4.154698,False,104009
2026-09-13T17:15:24Z,00622,,33,71801,08223,42.549446,-6.643735,True,130037
2026-09-13T17:15:24Z,04786,,-1,11200,17000,41.6411,-4.728961,False,121020
2026-09-13T17:15:24Z,00621,,33,08223,71801,42.01208,-1.5439812,True,130010
2026-09-13T17:15:24Z,02360,,14,60000,51003,37.39712,-5.968502,False,100005
2026-09-13T17:15:24Z,03171,,-3,60000,71801,41.376682,1.1801212,True,103026
2026-09-13T17:15:24Z,00460,,1,65000,71801,40.562325,0.42303005,True,130045
2026-09-13T17:15:24Z,03172,,3,71801,60000,41.147305,-2.3103237,True,103014
2026-09-13T17:15:24Z,01152,,13,65000,04307,41.700684,2.507725,False,130029
2026-09-13T17:15:24Z,02361,,39,51003,60000,39.94626,-3.8568048,True,100002
2026-09-13T17:15:24Z,13906,,7,51003,54413,36.734177,-4.6783648,False,598018
2026-09-13T17:15:24Z,04384,,12,08223,17000,42.30858,-7.847141,False,106065
2026-09-13T17:15:24Z,18913,,1,10000,30110,40.59098,-4.4085426,False,599037
2026-09-13T17:15:24Z,08183,,1,92102,60000,40.304558,-3.6605759,False,"114011,114013"
2026-09-13T17:15:24Z,03170,,12,71801,60000,41.429897,-1.5558499,False,103008
2026-09-13T17:15:24Z,15642,,4,04040,74217,42.551666,-0.48628908,False,594014
2026-09-13T17:15:24Z,05193,,-3,60911,17000,38.902985,-1.3683249,True,112011
2026-09-13T17:15:24Z,08181,,9,37700,60000,40.137707,-3.7708175,False,100011
2026-09-13T17:15:24Z,15648,,0,71300,04040,41.106617,0.65345657,False,470123
2026-09-13T17:15:24Z,71813,,22,21010,15211,43.536007,-7.055802,False,"527013,527015"
2026-09-13T17:15:24Z,18003,,4,10000,11000,41.64204,-4.7268705,False,449039
2026-09-13T17:15:24Z,18005,,1,10000,11000,40.555286,-4.1405673,False,449009
2026-09-13T17:15:24Z,71832,,24,15211,21010,43.536007,-7.055802,False,"527013,527015"
2026-09-13T17:15:24Z,00613,,-5,60000,80100,41.705402,-1.2166436,True,"120007,120008"
2026-09-13T17:15:24Z,18006,,14,11000,10000,40.63358,-4.5698,False,449006
2026-09-13T17:15:24Z,13230,,1,50413,50506,37.868927,-4.844203,False,446060
2026-09-13T17:15:24Z,18083,,10,60911,37200,39.22946,-2.2845657,False,449025
2026-09-13T17:15:24Z,05903,,2,61200,60000,38.08026,-0.9406982,False,102003
2026-09-13T17:15:24Z,13909,,7,54413,51003,37.22844,-5.102635,False,"598001,598008"
2026-09-13T17:15:24Z,00694,,13,50202,71801,40.753963,0.6148702,True,130036
2026-09-13T17:15:24Z,04257,,-2,17000,11500,43.093964,-2.1254976,True,121019
2026-09-13T17:15:24Z,04375,,16,17000,31412,42.04711,-7.0491934,False,106064
2026-09-13T17:15:24Z,02193,,40,05000,60000,37.145805,-4.205249,True,102011
2026-09-13T17:15:24Z,15816,,1,71801,79315,42.171658,2.989491,False,447062
2026-09-13T17:15:24Z,00295,,1,37606,17000,39.64991,-6.478925,False,730024
2026-09-13T17:15:24Z,08575,,19,05000,51003,37.58731,-5.719909,False,104017
2026-09-13T17:15:24Z,05184,,2,17000,03216,39.975636,-3.074689,False,106011
2026-09-13T17:15:24Z,03162,,13,04307,60000,40.758575,-2.9717667,False,103012
2026-09-13T17:15:24Z,01382,,3,65000,71801,39.767788,-0.20285663,True,"252052,6B3,6B7"
2026-09-13T17:15:24Z,03163,,4,60000,71801,41.19198,1.2714984,True,103005
2026-09-13T17:15:24Z,05181,,-1,03216,17000,39.51506,-1.7476537,False,112024
2026-09-13T17:15:24Z,15017,,3,79400,71400,41.219936,1.7309104,False,470070
2026-09-13T17:15:24Z,05183,,0,60911,15100,40.049118,-2.5060086,False,112030
2026-09-13T17:15:24Z,15653,,1,74217,04040,42.520264,-0.373373,False,594008
2026-09-13T17:15:24Z,14202,,14,61307,65000,38.344814,-0.49677914,False,"599006,599015"
2026-09-13T17:15:24Z,05182,,4,17000,60911,39.73213,-1.9354086,False,106010
2026-09-13T17:15:24Z,02191,,-2,60000,71801,40.504578,-3.2269135,True,103021
2026-09-13T17:15:24Z,18008,,12,11208,10000,42.19785,-4.0192914,False,470129
2026-09-13T17:15:24Z,02190,,2,60000,51003,40.25309,-3.7379227,True,100007
2026-09-13T17:15:24Z,15659,,-3,74200,04040,41.76849,-0.8205214,False,594010
2026-09-13T17:15:24Z,18330,,0,60400,37606,38.73518,-5.5419474,False,599004
2026-09-13T17:15:24Z,04565,,17,17000,08223,42.87054,-8.54452,False,106057
2026-09-13T17:15:24Z,15509,,14,78400,04040,41.81719,-0.17232084,False,448007
2026-09-13T17:15:24Z,04166,,2,11500,17000,40.906727,-4.0845156,True,121029
2026-09-13T17:15:24Z,02380,,-3,60000,51003,39.153515,-3.8644092,True,100014
2026-09-13T17:15:24Z,04167,,9,17000,11500,41.683456,-4.688212,True,"130004,130009"
2026-09-13T17:15:24Z,02384,,4,60000,43019,38.710194,-4.0939455,True,120051
2026-09-13T17:15:24Z,13049,,6,43019,51003,37.309776,-6.846506,False,449015
2026-09-13T17:15:24Z,03192,,7,04307,60000,41.178307,1.3915745,False,103020
2026-09-13T17:15:24Z,09172,,4,08223,31412,43.33621,-8.42541,False,121018
2026-09-13T17:15:24Z,18104,,16,14223,14104,42.414196,-4.3572206,False,470156
2026-09-13T17:15:24Z,18065,,-2,10000,11208,41.047115,-4.70175,False,449047
2026-09-13T17:15:24Z,71852,,6,14223,15211,43.42085,-4.758936,False,527031
2026-09-13T17:15:24Z,17012,,1,18000,37500,38.9215,-6.343041,False,599049
2026-09-13T17:15:24Z,18063,,26,10000,11505,42.89488,-2.181059,False,449001
2026-09-13T17:15:24Z,00632,,-1,04040,30100,42.69563,-2.92637,True,121023
2026-09-13T17:15:24Z,18181,,-1,37200,60911,38.93824,-1.3106395,False,449002
2026-09-13T17:15:24Z,00192,,-3,17000,37606,39.944824,-6.088381,False,730011
2026-09-13T17:15:24Z,01161,,17,71801,60911,39.44093,-0.36831614,True,130044
2026-09-13T17:15:24Z,02371,,29,51003,60000,38.76627,-4.0805936,True,"100001,100004"
2026-09-13T17:15:24Z,35623,,28,65000,61307,38.394566,-0.52883255,False,"599016,599045"
2026-09-13T17:15:24Z,03981,,28,51003,03216,39.399227,-3.8304074,False,112008
2026-09-13T17:15:24Z,02375,,9,43019,51003,37.437275,-5.9567275,False,121027
2026-09-13T17:15:24Z,03182,,7,71801,60000,41.622143,0.63125384,False,103002
2026-09-13T17:15:24Z,03183,,1,60000,71801,40.93686,-2.6235716,True,"103016,103023"
2026-09-13T17:15:24Z,00194,,1,17000,37606,40.143723,-3.8472452,False,730021
2026-09-13T17:15:24Z,14544,,15,61200,61307,37.818768,-0.95074505,False,592017
2026-09-13T17:15:24Z,12488,,4,22308,31400,42.602177,-8.762075,False,599017
2026-09-13T17:15:24Z,15874,,8,79315,71801,41.618675,2.2947214,False,449029
2026-09-13T17:15:24Z,18904,,7,30100,10000,40.612453,-4.040049,False,599001
2026-09-13T17:15:24Z,03180,,4,71801,60000,41.535126,0.78591216,True,103006
2026-09-13T17:15:24Z,17810,,14,37406,37606,38.889904,-6.9802976,False,599012
2026-09-13T17:15:24Z,14304,,3,65400,65000,40.382576,0.3326494,False,"447007,447018"
2026-09-13T17:15:24Z,08190,,0,60000,37700,40.39619,-3.6742845,False,104015
2026-09-13T17:15:24Z,15878,,2,79315,71801,41.771667,2.673145,False,449042
2026-09-13T17:15:24Z,15756,,0,04040,74200,41.629093,-0.8599003,False,599005
2026-09-13T17:15:24Z,08191,,3,37700,60000,38.830597,-4.054904,False,100019
2026-09-13T17:15:24Z,18036,,7,17000,50202,40.34349,-3.6838348,False,449012
2026-09-13T17:15:24Z,16011,,0,11208,71100,42.84904,-2.5145676,False,470094
2026-09-13T17:15:24Z,18037,,3,50202,17000,38.763256,-3.396128,False,449003
2026-09-13T17:15:24Z,18034,,5,17000,50202,39.395874,-3.2055266,False,449049
2026-09-13T17:15:24Z,12690,,5,31412,21010,43.28815,-8.218837,False,594105
2026-09-13T17:15:24Z,03931,,16,51003,71801,40.059933,-3.807694,True,"102009,102015"
2026-09-13T17:15:24Z,04988,,-5,30100,17000,41.291176,-4.9236474,True,121022
2026-09-13T17:15:24Z,02162,,29,60000,54413,37.609295,-4.906012,True,102006
2026-09-13T17:15:24Z,01192,,-3,60911,71801,39.73592,-0.22751005,True,130033
2026-09-13T17:15:24Z,08389,,15,17000,10600,41.280346,-4.690479,False,106013
2026-09-13T17:15:24Z,08784,,8,54413,51003,37.56584,-4.876179,False,104006
2026-09-13T17:15:24Z,02165,,90,51405,60000,37.394276,-5.972837,True,"130032,130041"
2026-09-13T17:15:24Z,02164,,-1,60000,51405,37.288265,-5.926595,False,130001
2026-09-13T17:15:24Z,05792,,4,11014,61200,40.47404,-3.6807764,False,112022
2026-09-13T17:15:24Z,17907,,1,40100,18000,40.001255,-3.941014,False,599044
2026-09-13T17:15:24Z,09590,,3,22100,31412,42.350533,-7.872692,False,121008
2026-09-13T17:15:24Z,13944,,-9,05000,56310,37.31662,-3.1269372,False,599010
2026-09-13T17:15:24Z,18318,,3,10600,30110,41.52407,-4.754683,False,599026
2026-09-13T17:15:24Z,12457,,1,31400,23008,42.858063,-8.559174,False,599032
2026-09-13T17:15:24Z,18322,,3,10600,31200,41.529663,-5.558333,False,599022
2026-09-13T17:15:24Z,18043,,4,60600,17000,39.62202,-3.3301535,False,449044
2026-09-13T17:15:24Z,13031,,11,51405,51003,36.593872,-6.219429,False,449008
2026-09-13T17:15:24Z,00530,,14,71801,11500,42.902283,-1.8288331,True,120012
2026-09-13T17:15:24Z,01463,,17,65000,61307,38.077766,-0.9444082,True,"334019,6B1"
2026-09-13T17:15:24Z,18042,,1,17000,60600,40.06882,-3.6362278,False,449043
2026-09-13T17:15:24Z,04975,,6,17000,08223,41.472057,-5.404618,False,106055
2026-09-13T17:15:24Z,04176,,12,13200,17000,42.69097,-2.9412239,True,"120056,120065"
2026-09-13T17:15:24Z,01182,,10,65000,71801,40.21994,0.20729306,True,130031
2026-09-13T17:15:24Z,01181,,0,71801,60911,40.983067,0.89646685,True,130039
2026-09-13T17:15:24Z,13957,,6,56310,05000,37.10873,-2.591646,False,599020
2026-09-13T17:15:24Z,09742,,13,87303,71801,41.628403,2.3866158,False,100021
2026-09-13T17:15:24Z,04179,,4,17000,20200,42.123047,-4.674488,False,121009
2026-09-13T17:15:24Z,05382,,0,22100,60911,40.366566,-3.6776628,False,112005
2026-09-13T17:15:24Z,02153,,-3,60000,04307,41.543465,-1.3527082,False,103013
2026-09-13T17:15:24Z,13035,,16,50202,17000,40.34349,-3.6838348,False,449012
2026-09-13T17:15:24Z,04170,,0,16403,17000,42.417397,-5.225434,True,130007
2026-09-13T17:15:24Z,15730,,3,71801,79309,41.723396,2.5566237,False,"449014,449038"
2026-09-13T17:15:24Z,16027,,12,81200,11200,42.17272,-1.6925172,False,470203
2026-09-13T17:15:24Z,14400,,4,60600,65000,38.765453,-0.95414275,False,"470090,470118"
2026-09-13T17:15:24Z,09183,,12,31412,08223,42.57159,-8.684114,False,121003
2026-09-13T17:15:24Z,09182,,2,08223,31412,42.871044,-8.543319,False,121026
2026-09-13T17:15:24Z,14406,,1,60600,65000,39.42173,-0.39287487,False,599014
2026-09-13T17:15:24Z,35968,,6,04104,65400,40.89132,0.8055713,True,120002
2026-09-13T17:30:36Z,18014,,7,11505,10000,41.317352,-4.910074,False,449046
2026-09-13T17:30:36Z,15020,,9,71400,79400,41.30002,2.0058956,False,448006
2026-09-13T17:30:36Z,13083,,15,51003,51405,36.699154,-6.1164455,False,449021
2026-09-13T17:30:36Z,18132,,3,65400,79400,41.111366,1.2533424,False,"470119,470187"
2026-09-13T17:30:36Z,13086,,1,42008,43019,37.316643,-6.9370246,False,598016
2026-09-13T17:30:36Z,18133,,9,79400,65400,41.112576,1.1513677,False,449028
2026-09-13T17:30:36Z,00563,,47,80100,71801,41.615463,0.6412484,True,"120005,120010"
2026-09-13T17:30:36Z,18096,,11,65000,65400,40.092266,0.13998784,False,"470095,470116"
2026-09-13T17:30:36Z,18130,,9,65400,79400,41.39203,2.1646564,False,"448001,448025"
2026-09-13T17:30:36Z,05178,,15,10600,60911,38.58526,-0.8741195,False,106012
2026-09-13T17:30:36Z,02183,,27,54413,60000,38.200768,-4.516708,True,102016
2026-09-13T17:30:36Z,02188,,8,60000,54413,39.139164,-3.8711624,False,112029
2026-09-13T17:30:36Z,02187,,-4,51003,60000,37.877148,-4.8162313,False,112020
2026-09-13T17:30:36Z,05170,,39,15100,03216,39.512268,-1.6197643,True,112002
2026-09-13T17:30:36Z,15786,,-1,79309,71801,41.841248,2.8006575,False,"449026,449030"
2026-09-13T17:30:36Z,05171,,-4,03216,11014,40.90487,-4.0792403,False,112010
2026-09-13T17:30:36Z,02180,,11,60000,51003,38.40923,-4.464152,True,100003
2026-09-13T17:30:36Z,18779,,0,51003,30002,38.41712,-6.407799,False,599047
2026-09-13T17:30:36Z,18027,,10,65000,37200,39.00001,-1.8478293,False,470115
2026-09-13T17:30:36Z,00437,,6,81100,71801,41.88639,-1.365056,True,120053
2026-09-13T17:30:36Z,18022,,2,80100,71100,42.525692,-1.6711937,False,470174
2026-09-13T17:30:36Z,15035,,1,79400,71300,41.144608,0.9467867,False,447034
2026-09-13T17:30:36Z,17056,,-3,71300,79400,41.102123,0.78033113,False,447167
2026-09-13T17:30:36Z,03942,,54,71801,51003,40.82669,-2.8867211,True,"102013,112013"
2026-09-13T17:30:36Z,03305,,19,60000,71801,41.36864,2.127457,False,"103022,103024"
2026-09-13T17:30:36Z,01402,,-2,60911,71801,39.445686,-0.383527,True,130002
2026-09-13T17:30:36Z,08955,,26,05000,54413,37.136036,-4.219861,False,102005
2026-09-13T17:30:36Z,02173,,45,54413,60000,39.035088,-3.9208143,True,112014
2026-09-13T17:30:36Z,05200,,0,15100,03216,40.925568,-4.1469245,False,112021
2026-09-13T17:30:36Z,02172,,14,60000,54413,37.887512,-4.7922783,True,112009
2026-09-13T17:30:36Z,02171,,9,51003,60000,38.795074,-4.0735807,True,103018
2026-09-13T17:30:36Z,12967,,7,31400,22100,42.726013,-8.237536,False,599034
2026-09-13T17:30:36Z,12604,,-3,20200,15100,42.53863,-5.717083,False,470008
2026-09-13T17:30:36Z,02176,,6,60000,51003,37.76421,-5.2480607,False,112019
2026-09-13T17:30:36Z,08396,,1,04307,71801,41.979424,2.8167083,False,100010
2026-09-13T17:30:36Z,02175,,28,51405,60000,36.959095,-6.0632243,False,130034
2026-09-13T17:30:36Z,12607,,17,20200,22200,42.341312,-8.00944,False,594005
2026-09-13T17:30:36Z,12608,,7,22200,20200,42.551907,-6.6252327,False,594012
2026-09-13T17:30:36Z,04190,,3,15410,17000,43.169914,-5.828717,False,106052
2026-09-13T17:30:36Z,08395,,0,51003,05000,37.58703,-5.649345,False,104012
2026-09-13T17:30:36Z,15039,,-2,79400,71300,41.22547,1.7771919,False,447175
2026-09-13T17:30:36Z,15038,,0,71210,79400,41.208267,1.69927,False,447181
2026-09-13T17:30:36Z,04192,,8,14223,17000,43.32913,-4.037366,True,130042
2026-09-13T17:30:36Z,12441,,2,31412,22308,43.20765,-8.446858,False,599018
2026-09-13T17:30:36Z,12602,,1,20200,15004,42.42581,-5.208388,False,440239
2026-09-13T17:30:36Z,71803,,2,21010,05193,43.517235,-8.161411,False,527021
2026-09-13T17:30:36Z,71823,,1,15211,05571,43.37841,-5.5588717,False,433019
2026-09-13T17:30:36Z,15880,,0,79315,71801,42.036995,2.9153814,False,447178
2026-09-13T17:30:36Z,02366,,27,60000,56310,37.5991,-4.898938,False,730018
2026-09-13T17:30:36Z,18075,,7,71100,81100,42.310688,-1.9577888,False,470085
2026-09-13T17:30:36Z,02365,,28,43019,60000,38.956116,-3.9194684,True,120064
2026-09-13T17:30:36Z,08505,,32,05000,51003,37.12155,-4.4161754,False,104009
2026-09-13T17:30:36Z,00622,,31,71801,08223,42.475674,-6.830926,True,130037
2026-09-13T17:30:36Z,04786,,0,11200,17000,41.329453,-4.7381234,False,121020
2026-09-13T17:30:36Z,00621,,33,08223,71801,41.83329,-1.2582173,True,130010
2026-09-13T17:30:36Z,03171,,2,60000,71801,41.23906,1.5566313,True,103026
2026-09-13T17:30:36Z,00460,,2,65000,71801,40.760468,0.6444954,True,130045
2026-09-13T17:30:36Z,03172,,5,71801,60000,40.92033,-2.656512,True,103014
2026-09-13T17:30:36Z,01152,,11,65000,04307,41.95565,2.806909,False,130029
2026-09-13T17:30:36Z,02361,,34,51003,60000,40.31911,-3.6485963,True,100002
2026-09-13T17:30:36Z,04384,,12,08223,17000,42.225845,-7.719898,False,106065
2026-09-13T17:30:36Z,13906,,4,51003,54413,36.696095,-4.46548,False,598018
2026-09-13T17:30:36Z,18913,,1,10000,30110,40.60944,-4.5450406,False,599037
2026-09-13T17:30:36Z,08183,,1,92102,60000,40.304558,-3.6605759,False,"114011,114013"
2026-09-13T17:30:36Z,03170,,9,71801,60000,41.17008,-2.2659342,False,103008
2026-09-13T17:30:36Z,15642,,4,04040,74217,42.648834,-0.55407274,False,594014
2026-09-13T17:30:36Z,08181,,7,37700,60000,40.401245,-3.6819637,False,100011
2026-09-13T17:30:36Z,15648,,-1,71300,04040,41.229565,0.54008985,False,470123
2026-09-13T17:30:36Z,71813,,22,21010,15211,43.536007,-7.055802,False,"527013,527015"
2026-09-13T17:30:36Z,71833,,2,15211,14223,43.3408,-4.155538,False,438014
2026-09-13T17:30:36Z,18003,,3,10000,11000,41.777878,-4.612613,False,449039
2026-09-13T17:30:36Z,18005,,3,10000,11000,40.568794,-4.269143,False,449009
2026-09-13T17:30:36Z,71832,,24,15211,21010,43.536007,-7.055802,False,"527013,527015"
2026-09-13T17:30:36Z,18006,,13,11000,10000,40.599228,-4.417233,False,449006
2026-09-13T17:30:36Z,00613,,-2,60000,80100,41.865753,-1.3193939,True,"120007,120008"
2026-09-13T17:30:36Z,13230,,4,50413,50506,37.826687,-4.970339,False,446060
2026-09-13T17:30:36Z,18083,,7,60911,37200,39.28141,-2.6824982,False,449025
2026-09-13T17:30:36Z,05903,,0,61200,60000,38.29249,-0.7510865,False,102003
2026-09-13T17:30:36Z,00694,,8,50202,71801,41.011074,0.92221814,True,130036
2026-09-13T17:30:36Z,13909,,7,54413,51003,37.319427,-5.3264856,False,"598001,598008"
2026-09-13T17:30:36Z,04375,,14,17000,31412,42.227386,-7.70549,False,106064
2026-09-13T17:30:36Z,02193,,37,05000,60000,37.029434,-4.5627055,True,102011
2026-09-13T17:30:36Z,15816,,0,71801,79315,42.27037,2.9728403,False,447062
2026-09-13T17:30:36Z,00295,,-2,37606,17000,39.93765,-6.2047853,False,730024
2026-09-13T17:30:36Z,05184,,1,17000,03216,40.05209,-2.2576604,False,106011
2026-09-13T17:30:36Z,03162,,11,04307,60000,40.42506,-3.4393303,False,103012
2026-09-13T17:30:36Z,01382,,6,65000,71801,39.9549,-0.076903135,True,"252052,6B3,6B7"
2026-09-13T17:30:36Z,03163,,5,60000,71801,41.295765,1.6277223,True,103005
2026-09-13T17:30:36Z,05181,,-2,03216,17000,40.02024,-2.123303,False,112024
2026-09-13T17:30:36Z,15017,,7,79400,71400,41.185974,1.524699,False,470070
2026-09-13T17:30:36Z,05183,,-1,60911,15100,39.960766,-3.3443453,False,112030
2026-09-13T17:30:36Z,15653,,1,74217,04040,42.520264,-0.373373,False,594008
2026-09-13T17:30:36Z,05182,,3,17000,60911,39.11029,-1.9637587,False,106010
2026-09-13T17:30:36Z,14202,,28,61307,65000,38.39392,-0.5283343,False,"599006,599015"
2026-09-13T17:30:36Z,02191,,-3,60000,71801,40.88683,-2.7298,True,103021
2026-09-13T17:30:36Z,02190,,-1,60000,51003,39.719273,-3.8091023,True,100007
2026-09-13T17:30:36Z,15659,,-3,74200,04040,41.65704,-0.8522726,False,594010
2026-09-13T17:30:36Z,18008,,11,11208,10000,42.00914,-4.320915,False,470129
2026-09-13T17:30:36Z,18055,,9,79400,65400,41.38422,2.1855106,False,"448004,448014"
2026-09-13T17:30:36Z,18330,,1,60400,37606,38.85372,-5.6418123,False,599004
2026-09-13T17:30:36Z,04565,,17,17000,08223,42.575012,-8.702355,False,106057
2026-09-13T17:30:36Z,15509,,17,78400,04040,41.93787,-0.36930138,False,448007
2026-09-13T17:30:36Z,04166,,1,11500,17000,40.59244,-3.7156446,True,121029
2026-09-13T17:30:36Z,02380,,-4,60000,51003,38.855087,-4.014213,True,100014
2026-09-13T17:30:36Z,04167,,9,17000,11500,42.047344,-4.24896,True,"130004,130009"
2026-09-13T17:30:36Z,04161,,0,17000,15410,43.230785,-5.7831407,False,106063
2026-09-13T17:30:36Z,04162,,8,14223,17000,41.64134,-4.7288847,True,121010
2026-09-13T17:30:36Z,02384,,4,60000,43019,38.51354,-4.4398737,True,120051
2026-09-13T17:30:36Z,13049,,5,43019,51003,37.38306,-6.617894,False,449015
2026-09-13T17:30:36Z,03192,,7,04307,60000,41.288647,1.1857467,False,103020
2026-09-13T17:30:36Z,09172,,4,08223,31412,43.352108,-8.410688,False,121018
2026-09-13T17:30:36Z,18065,,0,10000,11208,41.242817,-4.848925,False,449047
2026-09-13T17:30:36Z,71852,,6,14223,15211,43.42085,-4.758936,False,527031
2026-09-13T17:30:36Z,18063,,30,10000,11505,43.03719,-2.3358097,False,449001
2026-09-13T17:30:36Z,00632,,4,04040,30100,42.68483,-2.9579682,True,121023
2026-09-13T17:30:36Z,18181,,-1,37200,60911,38.867657,-1.1055931,False,449002
2026-09-13T17:30:36Z,00192,,1,17000,37606,39.938335,-6.2036967,False,730011
2026-09-13T17:30:36Z,02371,,30,51003,60000,39.22211,-3.8724368,True,"100001,100004"
2026-09-13T17:30:36Z,01161,,18,71801,60911,39.46409,-0.37813556,True,130044
2026-09-13T17:30:36Z,35623,,21,65000,61307,38.329006,-0.5086385,False,"599016,599045"
2026-09-13T17:30:36Z,03981,,26,51003,03216,39.96618,-3.8430457,False,112008
2026-09-13T17:30:36Z,03182,,11,71801,60000,41.55215,0.06842291,False,103002
2026-09-13T17:30:36Z,03183,,1,60000,71801,41.244614,-1.9790921,True,"103016,103023"
2026-09-13T17:30:36Z,00194,,-4,17000,37606,39.96646,-4.1598177,False,730021
2026-09-13T17:30:36Z,12488,,3,22308,31400,42.672253,-8.725444,False,599017
2026-09-13T17:30:36Z,18904,,8,30100,10000,40.53247,-3.886927,False,599001
2026-09-13T17:30:36Z,03180,,11,71801,60000,41.6155,0.34442696,True,103006
2026-09-13T17:30:36Z,15874,,11,79315,71801,41.48625,2.1886215,False,449029
2026-09-13T17:30:36Z,08193,,1,92102,60000,39.88932,-3.9266186,False,114003
2026-09-13T17:30:36Z,14304,,2,65400,65000,40.241047,0.22904196,False,"447007,447018"
2026-09-13T17:30:36Z,15878,,-1,79315,71801,41.631374,2.3723714,False,449042
2026-09-13T17:30:36Z,08190,,1,60000,37700,40.079556,-3.7961366,False,104015
2026-09-13T17:30:36Z,15756,,1,04040,74200,41.805733,-0.8011357,False,599005
2026-09-13T17:30:36Z,08191,,3,37700,60000,38.98426,-3.912499,False,100019
2026-09-13T17:30:36Z,16011,,1,11208,71100,42.8923,-2.1714272,False,470094
2026-09-13T17:30:36Z,18036,,7,17000,50202,40.41165,-3.697634,False,449012
2026-09-13T17:30:36Z,18037,,5,50202,17000,39.005886,-3.3706145,False,449003
2026-09-13T17:30:36Z,15047,,9,79400,73100,41.38422,2.1855106,False,448021
2026-09-13T17:30:36Z,15046,,1,73100,79400,41.289734,1.2588545,False,470114
2026-09-13T17:30:36Z,18034,,4,17000,50202,39.02722,-3.3335412,False,449049
2026-09-13T17:30:36Z,12690,,7,31412,21010,43.370094,-8.204178,False,594105
2026-09-13T17:30:36Z,91192,,12,17000,98305,40.48188,-3.644831,False,"465062,465097"
2026-09-13T17:30:36Z,03931,,6,51003,71801,40.33826,-3.6179342,True,"102009,102015"
2026-09-13T17:30:36Z,04988,,-1,30100,17000,41.2868,-4.7029386,True,121022
2026-09-13T17:30:36Z,91194,,12,17000,98305,40.485985,-3.6752775,False,"465025,465060"
2026-09-13T17:30:36Z,02162,,38,60000,54413,37.358646,-4.822095,True,102006
2026-09-13T17:30:36Z,01192,,2,60911,71801,39.923244,-0.10295442,True,130033
2026-09-13T17:30:36Z,08784,,8,54413,51003,37.568413,-4.8777604,False,104006
2026-09-13T17:30:36Z,02165,,96,51405,60000,37.416725,-5.9531245,True,"130032,130041"
2026-09-13T17:30:36Z,02164,,0,60000,51405,37.05576,-5.902282,False,130001
2026-09-13T17:30:36Z,05792,,3,11014,61200,40.398327,-3.676343,False,112022
2026-09-13T17:30:36Z,17907,,-2,40100,18000,40.12076,-3.842093,False,599044
2026-09-13T17:30:36Z,09590,,1,22100,31412,42.763702,-8.349244,False,121008
2026-09-13T17:30:36Z,13944,,0,05000,56310,37.27716,-3.0817816,False,599010
2026-09-13T17:30:36Z,18318,,2,10600,30110,41.367634,-4.8355727,False,599026
2026-09-13T17:30:36Z,12457,,1,31400,23008,42.73533,-8.653481,False,599032
2026-09-13T17:30:36Z,18322,,4,10600,31200,41.516247,-5.7396994,False,599022
2026-09-13T17:30:36Z,18043,,4,60600,17000,39.72255,-3.4968615,False,449044
2026-09-13T17:30:36Z,18045,,0,60600,17000,39.135376,-2.0524905,False,449036
2026-09-13T17:30:36Z,13031,,15,51405,51003,36.680344,-6.1264434,False,449008
2026-09-13T17:30:36Z,00530,,8,71801,11500,42.891567,-2.1738393,True,120012
2026-09-13T17:30:36Z,01463,,9,65000,61307,37.97463,-1.1315808,True,"334019,6B1"
2026-09-13T17:30:36Z,18042,,0,17000,60600,39.87957,-3.7284303,False,449043
2026-09-13T17:30:36Z,04975,,11,17000,08223,41.516216,-5.73995,False,106055
2026-09-13T17:30:36Z,04176,,9,13200,17000,42.649036,-3.0150213,True,"120056,120065"
2026-09-13T17:30:36Z,01182,,11,65000,71801,40.461876,0.4464434,True,130031
2026-09-13T17:30:36Z,01181,,1,71801,60911,40.81025,0.705572,True,130039
2026-09-13T17:30:36Z,13957,,6,56310,05000,37.17554,-2.82185,False,599020
2026-09-13T17:30:36Z,09742,,12,87303,71801,41.41814,2.1933615,False,100021
2026-09-13T17:30:36Z,04179,,-3,17000,20200,42.411057,-5.189389,False,121009
2026-09-13T17:30:36Z,05382,,1,22100,60911,40.011482,-3.6330795,False,112005
2026-09-13T17:30:36Z,02153,,-2,60000,04307,41.55228,-0.755177,False,103013
2026-09-13T17:30:36Z,13035,,6,50500,51003,37.752483,-5.23187,False,449019
2026-09-13T17:30:36Z,04170,,-5,16403,17000,42.163452,-4.7299166,True,130007
2026-09-13T17:30:36Z,15730,,5,71801,79309,41.771667,2.673145,False,"449014,449038"
2026-09-13T17:30:36Z,16027,,6,81200,11200,42.334705,-1.7171777,False,470203
2026-09-13T17:30:36Z,14521,,-130,61307,61200,37.605175,-0.97484106,False,592217
2026-09-13T17:30:36Z,14400,,7,60600,65000,38.853188,-0.8220122,False,"470090,470118"
2026-09-13T17:30:36Z,09183,,14,31412,08223,42.359543,-8.625998,False,121003
2026-09-13T17:30:36Z,09182,,3,08223,31412,43.072357,-8.459511,False,121026
2026-09-13T17:30:36Z,35968,,9,04104,65400,40.761024,0.64647865,True,120002
